#
# TABLE STRUCTURE FOR: category_types
#

DROP TABLE IF EXISTS `category_types`;

CREATE TABLE `category_types` (
  `id` int(10) unsigned NOT NULL AUTO_INCREMENT,
  `name` varchar(255) COLLATE utf8_unicode_ci NOT NULL,
  PRIMARY KEY (`id`),
  UNIQUE KEY `name` (`name`)
) ENGINE=InnoDB AUTO_INCREMENT=11 DEFAULT CHARSET=utf8 COLLATE=utf8_unicode_ci;

INSERT INTO `category_types` (`id`, `name`) VALUES (8, 'cum');
INSERT INTO `category_types` (`id`, `name`) VALUES (9, 'est');
INSERT INTO `category_types` (`id`, `name`) VALUES (1, 'et');
INSERT INTO `category_types` (`id`, `name`) VALUES (5, 'eveniet');
INSERT INTO `category_types` (`id`, `name`) VALUES (2, 'excepturi');
INSERT INTO `category_types` (`id`, `name`) VALUES (6, 'hic');
INSERT INTO `category_types` (`id`, `name`) VALUES (10, 'quis');
INSERT INTO `category_types` (`id`, `name`) VALUES (3, 'sit');
INSERT INTO `category_types` (`id`, `name`) VALUES (4, 'ut');
INSERT INTO `category_types` (`id`, `name`) VALUES (7, 'veritatis');


#
# TABLE STRUCTURE FOR: comments
#

DROP TABLE IF EXISTS `comments`;

CREATE TABLE `comments` (
  `id` int(10) unsigned NOT NULL AUTO_INCREMENT,
  `from_user_id` int(10) unsigned NOT NULL,
  `to_target_id` int(10) unsigned NOT NULL,
  `target_type_id` int(10) unsigned NOT NULL,
  `body` text COLLATE utf8_unicode_ci NOT NULL,
  `attached_media_id` int(10) unsigned DEFAULT NULL,
  `created_at` datetime DEFAULT current_timestamp(),
  PRIMARY KEY (`id`)
) ENGINE=InnoDB AUTO_INCREMENT=101 DEFAULT CHARSET=utf8 COLLATE=utf8_unicode_ci;

INSERT INTO `comments` (`id`, `from_user_id`, `to_target_id`, `target_type_id`, `body`, `attached_media_id`, `created_at`) VALUES (1, 36, 46, 1, 'Culpa omnis iusto cumque magnam reiciendis ut temporibus. Alias laborum voluptate mollitia eius suscipit sint debitis aperiam. Sapiente nemo et illum necessitatibus laborum porro. Nobis cumque excepturi natus.', 188, '2014-08-22 12:49:25');
INSERT INTO `comments` (`id`, `from_user_id`, `to_target_id`, `target_type_id`, `body`, `attached_media_id`, `created_at`) VALUES (2, 65, 90, 2, 'Ipsam praesentium dicta itaque. Optio quo commodi odio necessitatibus qui. Aut ut rerum recusandae nihil asperiores iste amet.', 150, '1987-01-10 23:54:17');
INSERT INTO `comments` (`id`, `from_user_id`, `to_target_id`, `target_type_id`, `body`, `attached_media_id`, `created_at`) VALUES (3, 99, 68, 3, 'Et sit sunt odit numquam ducimus et. Minus perferendis debitis fugiat quibusdam. Ducimus voluptas minima esse tempore. Tempora adipisci odio reprehenderit magni voluptas.', 98, '1982-12-31 10:21:37');
INSERT INTO `comments` (`id`, `from_user_id`, `to_target_id`, `target_type_id`, `body`, `attached_media_id`, `created_at`) VALUES (4, 61, 98, 4, 'Eligendi omnis ullam ipsa sunt ut id quis. Aut magnam quis dolores dolorem dicta. Hic ut illo aperiam doloremque. Sit provident perferendis alias doloremque rerum tenetur libero beatae.', 186, '1973-04-18 06:43:04');
INSERT INTO `comments` (`id`, `from_user_id`, `to_target_id`, `target_type_id`, `body`, `attached_media_id`, `created_at`) VALUES (5, 95, 13, 5, 'Blanditiis totam quod enim laborum sunt aut et. Cumque numquam unde quis ea consequatur officia dolores vel.', 18, '1991-06-04 16:52:13');
INSERT INTO `comments` (`id`, `from_user_id`, `to_target_id`, `target_type_id`, `body`, `attached_media_id`, `created_at`) VALUES (6, 30, 49, 6, 'Et sequi itaque quibusdam perspiciatis. Sapiente necessitatibus debitis enim officia odio accusantium.', 54, '1984-04-20 19:54:30');
INSERT INTO `comments` (`id`, `from_user_id`, `to_target_id`, `target_type_id`, `body`, `attached_media_id`, `created_at`) VALUES (7, 29, 22, 7, 'Id temporibus debitis dolore eius. Quibusdam placeat expedita suscipit nisi eos reiciendis.', 111, '2011-12-05 15:29:58');
INSERT INTO `comments` (`id`, `from_user_id`, `to_target_id`, `target_type_id`, `body`, `attached_media_id`, `created_at`) VALUES (8, 11, 74, 1, 'Omnis similique cupiditate est. Quis dolor maiores molestiae voluptas rem. Dignissimos tenetur incidunt culpa voluptatem molestiae doloremque iusto. Dignissimos debitis odit fugiat ipsa dolorem quas. In voluptatem repellendus error et minima eos vel.', 31, '1984-11-30 16:48:16');
INSERT INTO `comments` (`id`, `from_user_id`, `to_target_id`, `target_type_id`, `body`, `attached_media_id`, `created_at`) VALUES (9, 19, 61, 2, 'Cupiditate est repellat qui reprehenderit aut dolor. Sed quam ipsum rerum et quibusdam rerum. Et odio eum omnis tempore. Ut perferendis enim sunt sit distinctio.', 85, '1975-03-21 02:55:10');
INSERT INTO `comments` (`id`, `from_user_id`, `to_target_id`, `target_type_id`, `body`, `attached_media_id`, `created_at`) VALUES (10, 91, 90, 3, 'Quam reprehenderit iusto ratione est et. Non sint omnis nihil deserunt doloribus debitis. Doloribus nisi debitis dolorem.', 173, '2002-04-21 16:03:12');
INSERT INTO `comments` (`id`, `from_user_id`, `to_target_id`, `target_type_id`, `body`, `attached_media_id`, `created_at`) VALUES (11, 99, 55, 4, 'Sunt voluptas quae laborum at autem. Molestiae ut neque enim ea voluptatem. Dolore ab animi eum dolores. Est est consequuntur iusto et accusantium autem quibusdam.', 117, '1973-02-18 15:42:12');
INSERT INTO `comments` (`id`, `from_user_id`, `to_target_id`, `target_type_id`, `body`, `attached_media_id`, `created_at`) VALUES (12, 43, 11, 5, 'Quo maxime sed rem. Ipsa aut est qui molestias nihil rerum molestias. Nulla consequatur sed labore voluptate modi possimus impedit quo. At aut aut similique natus delectus suscipit.', 108, '1984-11-09 02:06:09');
INSERT INTO `comments` (`id`, `from_user_id`, `to_target_id`, `target_type_id`, `body`, `attached_media_id`, `created_at`) VALUES (13, 67, 51, 6, 'Corrupti consequatur ea accusamus nam dolorum. Perferendis ea dolores harum dicta itaque dolores. Hic eos et amet sit laudantium quasi.', 175, '1988-09-10 08:56:09');
INSERT INTO `comments` (`id`, `from_user_id`, `to_target_id`, `target_type_id`, `body`, `attached_media_id`, `created_at`) VALUES (14, 19, 2, 7, 'Corporis aut adipisci ut architecto quia. Amet architecto voluptatem ut temporibus. Eum quam et odit aut. Officia voluptatem distinctio dolores vero.', 61, '2007-02-09 14:33:33');
INSERT INTO `comments` (`id`, `from_user_id`, `to_target_id`, `target_type_id`, `body`, `attached_media_id`, `created_at`) VALUES (15, 34, 50, 1, 'Deserunt dignissimos fuga magnam impedit dicta culpa. Facere qui nam assumenda consequatur a et. Dolores consequatur quia voluptatum sit. Ab sunt ab sed ab.', 47, '1993-06-14 10:40:12');
INSERT INTO `comments` (`id`, `from_user_id`, `to_target_id`, `target_type_id`, `body`, `attached_media_id`, `created_at`) VALUES (16, 18, 89, 2, 'Vitae hic quia et sit. Tempora accusantium illo necessitatibus porro. Quae id enim explicabo aut repellendus ipsam et quisquam.', 152, '2013-04-14 20:12:21');
INSERT INTO `comments` (`id`, `from_user_id`, `to_target_id`, `target_type_id`, `body`, `attached_media_id`, `created_at`) VALUES (17, 43, 79, 3, 'Quis et cumque quia quisquam tenetur vitae. Et nihil voluptas voluptatem quibusdam vel totam magni. Quasi consectetur suscipit id rem adipisci dicta laudantium dicta.', 165, '2008-10-30 22:23:15');
INSERT INTO `comments` (`id`, `from_user_id`, `to_target_id`, `target_type_id`, `body`, `attached_media_id`, `created_at`) VALUES (18, 33, 100, 4, 'Ratione ad sit voluptatem et tempore accusantium. Reprehenderit ipsam earum necessitatibus laborum autem hic ut. Repudiandae est doloribus minus amet debitis qui labore. Alias minima velit nemo possimus.', 19, '1974-10-24 12:48:44');
INSERT INTO `comments` (`id`, `from_user_id`, `to_target_id`, `target_type_id`, `body`, `attached_media_id`, `created_at`) VALUES (19, 52, 55, 5, 'Non non eius sequi consequuntur quod. Et cupiditate consequatur et aliquid sint et. Magnam laudantium voluptatem accusamus nobis rerum quia. Et ut accusamus et possimus repudiandae sint unde. Consequatur vitae aperiam sunt.', 136, '2018-02-20 21:26:37');
INSERT INTO `comments` (`id`, `from_user_id`, `to_target_id`, `target_type_id`, `body`, `attached_media_id`, `created_at`) VALUES (20, 1, 75, 6, 'Repellat et rem dolor soluta consequatur voluptatem quis. Ea voluptas minima asperiores ipsa beatae tempore porro. Quidem sed porro numquam dolore perferendis dolores enim.', 8, '2016-07-25 04:22:27');
INSERT INTO `comments` (`id`, `from_user_id`, `to_target_id`, `target_type_id`, `body`, `attached_media_id`, `created_at`) VALUES (21, 7, 89, 7, 'Animi ex eum veritatis ut ipsam. Autem sequi adipisci nam delectus quo quae et.', 24, '1970-04-23 17:22:03');
INSERT INTO `comments` (`id`, `from_user_id`, `to_target_id`, `target_type_id`, `body`, `attached_media_id`, `created_at`) VALUES (22, 9, 47, 1, 'Nihil voluptatibus sit et vel et itaque. Eligendi et quia eum ipsam dignissimos ipsam. Et facilis cumque voluptatem ducimus quia ut esse.', 98, '1977-07-31 05:36:15');
INSERT INTO `comments` (`id`, `from_user_id`, `to_target_id`, `target_type_id`, `body`, `attached_media_id`, `created_at`) VALUES (23, 39, 82, 2, 'Illum nesciunt provident qui. A perspiciatis voluptas non nisi perferendis doloribus rem. Veniam aut commodi magnam explicabo sed. Quo et nisi aspernatur tempora asperiores.', 52, '2011-04-27 00:46:55');
INSERT INTO `comments` (`id`, `from_user_id`, `to_target_id`, `target_type_id`, `body`, `attached_media_id`, `created_at`) VALUES (24, 58, 67, 3, 'Cum ad a culpa cupiditate qui. Autem magni dolores et sit nisi ut voluptate. Fugiat distinctio asperiores quaerat voluptates iure.', 9, '1970-08-21 17:32:55');
INSERT INTO `comments` (`id`, `from_user_id`, `to_target_id`, `target_type_id`, `body`, `attached_media_id`, `created_at`) VALUES (25, 48, 80, 4, 'Consequatur et excepturi accusamus et dolor eum ut. Quod consequatur sit quod neque similique provident corporis. Laudantium modi asperiores veniam. Omnis eaque culpa est tenetur aut tempore.', 65, '1984-03-29 06:18:36');
INSERT INTO `comments` (`id`, `from_user_id`, `to_target_id`, `target_type_id`, `body`, `attached_media_id`, `created_at`) VALUES (26, 12, 92, 5, 'Pariatur quaerat cum vero ullam perspiciatis. Culpa veniam exercitationem fugit et. Pariatur eveniet quo reprehenderit deleniti.', 156, '2005-12-05 09:53:20');
INSERT INTO `comments` (`id`, `from_user_id`, `to_target_id`, `target_type_id`, `body`, `attached_media_id`, `created_at`) VALUES (27, 78, 81, 6, 'Ut et est est veniam atque omnis. Libero maxime omnis est inventore. Totam corporis quos nihil voluptas et.', 100, '2005-12-02 20:07:57');
INSERT INTO `comments` (`id`, `from_user_id`, `to_target_id`, `target_type_id`, `body`, `attached_media_id`, `created_at`) VALUES (28, 23, 97, 7, 'Doloremque quaerat qui et. Dolorem dolorem error quam. Repellat vel nihil accusamus sunt non similique nostrum.', 159, '2007-02-28 16:22:27');
INSERT INTO `comments` (`id`, `from_user_id`, `to_target_id`, `target_type_id`, `body`, `attached_media_id`, `created_at`) VALUES (29, 44, 38, 1, 'At harum atque ipsam quo et. Ut enim ratione aut distinctio consequuntur omnis. Velit quos et iste qui. Alias quo ea maxime est minima sint aperiam. Quas omnis qui aut unde.', 154, '1997-06-13 12:34:46');
INSERT INTO `comments` (`id`, `from_user_id`, `to_target_id`, `target_type_id`, `body`, `attached_media_id`, `created_at`) VALUES (30, 16, 36, 2, 'Sed esse et consequuntur. Nulla expedita similique magni itaque dicta quia. Nesciunt aut quibusdam nam enim necessitatibus repudiandae.', 168, '1976-07-05 19:25:33');
INSERT INTO `comments` (`id`, `from_user_id`, `to_target_id`, `target_type_id`, `body`, `attached_media_id`, `created_at`) VALUES (31, 22, 80, 3, 'Labore veritatis eos adipisci fuga nemo. Quam enim occaecati dolor ut aspernatur. Neque nobis sint doloremque et quo. Unde veritatis repudiandae sed ad aut ut. Debitis corporis ex non eum adipisci nesciunt aut eum.', 151, '2019-09-21 15:02:33');
INSERT INTO `comments` (`id`, `from_user_id`, `to_target_id`, `target_type_id`, `body`, `attached_media_id`, `created_at`) VALUES (32, 12, 90, 4, 'Beatae minus aut quia possimus eligendi. Libero dicta magni ea quam sit quia. Soluta in nam reiciendis corrupti debitis.', 103, '1980-07-23 06:27:52');
INSERT INTO `comments` (`id`, `from_user_id`, `to_target_id`, `target_type_id`, `body`, `attached_media_id`, `created_at`) VALUES (33, 50, 58, 5, 'Tempora amet voluptas nulla ut esse maiores mollitia aut. Autem sit doloremque excepturi itaque consequuntur. Est voluptatibus omnis dolorum sapiente. Modi delectus repellendus natus minima. Et temporibus omnis aut dicta.', 140, '2018-03-15 13:21:46');
INSERT INTO `comments` (`id`, `from_user_id`, `to_target_id`, `target_type_id`, `body`, `attached_media_id`, `created_at`) VALUES (34, 37, 99, 6, 'Voluptatibus ut pariatur similique commodi perferendis. Ducimus beatae aut vero eos dolores amet voluptatem. Architecto occaecati ea et. Molestiae aspernatur fuga dolorem nobis.', 158, '1973-01-15 11:42:41');
INSERT INTO `comments` (`id`, `from_user_id`, `to_target_id`, `target_type_id`, `body`, `attached_media_id`, `created_at`) VALUES (35, 26, 96, 7, 'Dignissimos commodi commodi impedit delectus. Optio ipsa quaerat perferendis. Omnis aut labore cum ab.', 103, '1992-02-27 02:03:59');
INSERT INTO `comments` (`id`, `from_user_id`, `to_target_id`, `target_type_id`, `body`, `attached_media_id`, `created_at`) VALUES (36, 21, 95, 1, 'Totam officiis at dolores voluptatem error. Quidem iusto odit cum qui cum esse esse suscipit. Sunt velit fugiat sapiente expedita sapiente.', 108, '2010-07-17 17:39:04');
INSERT INTO `comments` (`id`, `from_user_id`, `to_target_id`, `target_type_id`, `body`, `attached_media_id`, `created_at`) VALUES (37, 44, 25, 2, 'Aut qui rerum voluptas. Et aut minima sint minima et porro mollitia. Sit ex cum numquam et similique.', 191, '2002-02-06 16:48:27');
INSERT INTO `comments` (`id`, `from_user_id`, `to_target_id`, `target_type_id`, `body`, `attached_media_id`, `created_at`) VALUES (38, 89, 30, 3, 'Commodi possimus sed qui numquam. Quam qui vel eveniet molestiae optio omnis. Molestiae magnam molestiae laudantium. Totam nobis amet labore sed blanditiis qui et.', 175, '1999-03-12 17:48:08');
INSERT INTO `comments` (`id`, `from_user_id`, `to_target_id`, `target_type_id`, `body`, `attached_media_id`, `created_at`) VALUES (39, 92, 11, 4, 'Doloribus velit non sint vel consequuntur. Qui odio iste voluptatum magni dolor. Qui nulla dignissimos qui ut qui nam nam. Officia totam veritatis repellat quidem vel.', 148, '2006-10-26 02:28:22');
INSERT INTO `comments` (`id`, `from_user_id`, `to_target_id`, `target_type_id`, `body`, `attached_media_id`, `created_at`) VALUES (40, 63, 14, 5, 'Optio enim autem voluptatem aspernatur optio placeat consequuntur voluptatibus. Quo numquam laboriosam inventore.', 163, '2006-07-27 14:32:41');
INSERT INTO `comments` (`id`, `from_user_id`, `to_target_id`, `target_type_id`, `body`, `attached_media_id`, `created_at`) VALUES (41, 26, 37, 6, 'Ducimus eos aspernatur alias nihil voluptatem ea. Eligendi cupiditate quos corrupti dolore exercitationem provident. Quia quo harum aliquid accusantium facere. Illum inventore et ut est assumenda error mollitia.', 162, '1979-11-05 19:41:33');
INSERT INTO `comments` (`id`, `from_user_id`, `to_target_id`, `target_type_id`, `body`, `attached_media_id`, `created_at`) VALUES (42, 51, 27, 7, 'Qui commodi velit consequatur. Suscipit sint ducimus quo quo sed illo qui.', 195, '1976-11-15 19:47:09');
INSERT INTO `comments` (`id`, `from_user_id`, `to_target_id`, `target_type_id`, `body`, `attached_media_id`, `created_at`) VALUES (43, 40, 47, 1, 'Soluta repudiandae enim dolorem ea error rerum et tenetur. Voluptatem iste iusto velit voluptas enim sunt porro doloribus. Necessitatibus hic laborum quia nihil nam.', 131, '1998-04-05 02:14:24');
INSERT INTO `comments` (`id`, `from_user_id`, `to_target_id`, `target_type_id`, `body`, `attached_media_id`, `created_at`) VALUES (44, 96, 35, 2, 'Expedita ut molestias quia sint. Et voluptate tempore aliquid sit enim culpa architecto corporis. Ea laudantium neque veritatis assumenda.', 140, '1992-12-11 23:57:32');
INSERT INTO `comments` (`id`, `from_user_id`, `to_target_id`, `target_type_id`, `body`, `attached_media_id`, `created_at`) VALUES (45, 31, 54, 3, 'Quia iusto ut quod minus doloremque. Sint aut rerum fuga.', 55, '1980-01-27 18:31:56');
INSERT INTO `comments` (`id`, `from_user_id`, `to_target_id`, `target_type_id`, `body`, `attached_media_id`, `created_at`) VALUES (46, 58, 76, 4, 'Molestiae autem unde mollitia ut placeat deleniti. Ab quia quia dolorem ut ex odio perspiciatis. Quas occaecati a labore. Velit delectus veniam maxime perspiciatis deserunt et aperiam dolor.', 141, '2002-09-11 05:42:35');
INSERT INTO `comments` (`id`, `from_user_id`, `to_target_id`, `target_type_id`, `body`, `attached_media_id`, `created_at`) VALUES (47, 24, 39, 5, 'Hic et vel ad facilis repellendus explicabo debitis atque. Voluptatem animi numquam pariatur dolorem dolorum voluptatem enim. Itaque voluptatibus officia corrupti cupiditate provident hic perferendis.', 139, '1989-06-16 05:27:23');
INSERT INTO `comments` (`id`, `from_user_id`, `to_target_id`, `target_type_id`, `body`, `attached_media_id`, `created_at`) VALUES (48, 16, 69, 6, 'Ut quasi odit velit omnis expedita. Inventore delectus hic provident. Fugiat id ab rem unde. Provident mollitia a rerum soluta labore. Sint dolores eius consequatur dolorem enim est iusto aut.', 188, '1999-12-11 18:31:09');
INSERT INTO `comments` (`id`, `from_user_id`, `to_target_id`, `target_type_id`, `body`, `attached_media_id`, `created_at`) VALUES (49, 30, 70, 7, 'Voluptatem aut unde corporis facilis et. Et eius omnis quos consequatur. Nulla ea consequuntur qui mollitia.', 138, '1981-02-17 17:08:57');
INSERT INTO `comments` (`id`, `from_user_id`, `to_target_id`, `target_type_id`, `body`, `attached_media_id`, `created_at`) VALUES (50, 34, 42, 1, 'Consequatur necessitatibus quisquam maiores at accusantium iste autem. Commodi quo quibusdam animi similique ex.', 159, '1975-08-01 10:23:26');
INSERT INTO `comments` (`id`, `from_user_id`, `to_target_id`, `target_type_id`, `body`, `attached_media_id`, `created_at`) VALUES (51, 70, 5, 2, 'Voluptatum sequi sequi mollitia odit nobis. Ipsa eligendi quasi id non perferendis est. Molestias fugiat ea nam rerum adipisci autem quae saepe. Porro fugiat quis atque aut non suscipit vitae.', 89, '1973-01-20 22:11:07');
INSERT INTO `comments` (`id`, `from_user_id`, `to_target_id`, `target_type_id`, `body`, `attached_media_id`, `created_at`) VALUES (52, 81, 55, 3, 'Quia architecto sint officia consequatur iusto. Qui autem neque dolorum et esse quas quia. Placeat itaque et dolore cumque a et repellat.', 141, '2005-09-15 23:56:27');
INSERT INTO `comments` (`id`, `from_user_id`, `to_target_id`, `target_type_id`, `body`, `attached_media_id`, `created_at`) VALUES (53, 50, 39, 4, 'Excepturi veritatis consectetur aut numquam eos in rem non. Numquam unde similique aut eveniet quo. Aut animi ratione veritatis quia voluptates.', 106, '2006-05-23 00:22:37');
INSERT INTO `comments` (`id`, `from_user_id`, `to_target_id`, `target_type_id`, `body`, `attached_media_id`, `created_at`) VALUES (54, 16, 73, 5, 'Rerum et tempore qui voluptas aut et rerum soluta. Ipsam incidunt doloremque voluptatem illum ut natus itaque inventore. Culpa est consequuntur magni id architecto.', 70, '2015-10-08 01:37:23');
INSERT INTO `comments` (`id`, `from_user_id`, `to_target_id`, `target_type_id`, `body`, `attached_media_id`, `created_at`) VALUES (55, 48, 22, 6, 'Recusandae quod non vero esse perferendis beatae incidunt. Officia fugiat laboriosam magni omnis. Deserunt aspernatur tenetur culpa.', 59, '1991-10-01 20:10:28');
INSERT INTO `comments` (`id`, `from_user_id`, `to_target_id`, `target_type_id`, `body`, `attached_media_id`, `created_at`) VALUES (56, 22, 8, 7, 'Dicta non et debitis sit repellat ea ut. Quae quis est cum vel natus et et. Voluptatem nobis voluptas ratione quas quas voluptatibus rerum.', 99, '2007-05-13 13:45:59');
INSERT INTO `comments` (`id`, `from_user_id`, `to_target_id`, `target_type_id`, `body`, `attached_media_id`, `created_at`) VALUES (57, 29, 67, 1, 'Deleniti non excepturi fugit dolore voluptas. Aut eum aut assumenda velit iusto repellat doloremque. Iusto mollitia magnam cupiditate pariatur blanditiis dolorum officia.', 139, '2009-03-31 21:06:31');
INSERT INTO `comments` (`id`, `from_user_id`, `to_target_id`, `target_type_id`, `body`, `attached_media_id`, `created_at`) VALUES (58, 33, 29, 2, 'Sunt est quis et error in illum. Quidem qui similique placeat quae eaque iste tempore.', 178, '2017-08-03 22:12:51');
INSERT INTO `comments` (`id`, `from_user_id`, `to_target_id`, `target_type_id`, `body`, `attached_media_id`, `created_at`) VALUES (59, 55, 93, 3, 'Beatae qui rerum dolore quia. Deleniti autem ut cupiditate eaque voluptatem. Corporis sint qui corrupti consequatur doloremque tempore. Quod et voluptate nobis aperiam corporis. Rem quo aperiam blanditiis.', 3, '2011-12-09 04:03:06');
INSERT INTO `comments` (`id`, `from_user_id`, `to_target_id`, `target_type_id`, `body`, `attached_media_id`, `created_at`) VALUES (60, 84, 31, 4, 'Et eos nobis dignissimos placeat magni. Est distinctio esse debitis magnam. Numquam fuga perferendis consequatur. Unde aliquam odio eum ad necessitatibus. Vero cum sit officia temporibus.', 87, '1984-07-01 08:45:59');
INSERT INTO `comments` (`id`, `from_user_id`, `to_target_id`, `target_type_id`, `body`, `attached_media_id`, `created_at`) VALUES (61, 74, 91, 5, 'Delectus sapiente mollitia eos sed et a ab id. Velit nemo incidunt asperiores id accusamus perspiciatis. Harum tempora fuga dolor. Velit ratione id quas dolores hic enim.', 114, '2004-01-17 21:23:44');
INSERT INTO `comments` (`id`, `from_user_id`, `to_target_id`, `target_type_id`, `body`, `attached_media_id`, `created_at`) VALUES (62, 52, 46, 6, 'Quisquam et rerum sint. Doloremque quo pariatur et sed facere. Molestiae perspiciatis saepe asperiores dolorem repudiandae qui sunt.', 64, '1976-01-19 14:14:26');
INSERT INTO `comments` (`id`, `from_user_id`, `to_target_id`, `target_type_id`, `body`, `attached_media_id`, `created_at`) VALUES (63, 91, 100, 7, 'Est vero veniam dolorum quis nostrum quos. Sint praesentium fugit maxime est aspernatur impedit quam non. Eveniet animi ad aut tenetur aperiam fuga temporibus. Omnis accusantium aut ipsa voluptas saepe.', 131, '2003-12-29 05:13:53');
INSERT INTO `comments` (`id`, `from_user_id`, `to_target_id`, `target_type_id`, `body`, `attached_media_id`, `created_at`) VALUES (64, 30, 4, 1, 'Quae qui ullam eveniet praesentium a. Ullam dolor voluptatem ratione. Omnis aut fugiat illum fugiat sed. Ducimus qui officiis molestiae fuga. Quia sapiente odit ut qui.', 116, '1998-06-10 22:20:08');
INSERT INTO `comments` (`id`, `from_user_id`, `to_target_id`, `target_type_id`, `body`, `attached_media_id`, `created_at`) VALUES (65, 2, 47, 2, 'Quam et voluptatem quas. Aliquid quisquam aut tempore aperiam voluptatibus ab nisi aut. Inventore dolore aut autem.', 16, '1995-06-01 21:28:43');
INSERT INTO `comments` (`id`, `from_user_id`, `to_target_id`, `target_type_id`, `body`, `attached_media_id`, `created_at`) VALUES (66, 19, 11, 3, 'Quis voluptatem facere voluptatem et. In et voluptas maxime ducimus iure sed. Modi ea perspiciatis laudantium earum qui voluptatem et ratione. Quod eaque a est amet. Fugiat asperiores porro magnam.', 125, '2015-04-25 00:15:03');
INSERT INTO `comments` (`id`, `from_user_id`, `to_target_id`, `target_type_id`, `body`, `attached_media_id`, `created_at`) VALUES (67, 2, 11, 4, 'Eligendi ipsam hic et minus quibusdam molestiae fugiat. Quis provident impedit et libero ad voluptas velit. Et officia dolore commodi omnis. Aliquid saepe quo aut facilis consequatur omnis fuga voluptas.', 89, '1983-01-04 22:49:23');
INSERT INTO `comments` (`id`, `from_user_id`, `to_target_id`, `target_type_id`, `body`, `attached_media_id`, `created_at`) VALUES (68, 82, 31, 5, 'Consequatur aperiam a ab perferendis aut qui deleniti. Commodi possimus animi qui. Repudiandae dignissimos provident sequi laborum ex. Laborum incidunt accusantium sed hic expedita a.', 2, '1997-06-02 19:30:57');
INSERT INTO `comments` (`id`, `from_user_id`, `to_target_id`, `target_type_id`, `body`, `attached_media_id`, `created_at`) VALUES (69, 45, 29, 6, 'Sapiente numquam excepturi provident itaque aperiam possimus totam vel. Assumenda veniam dolores aut ratione assumenda repellat. Repellendus laborum perspiciatis voluptatibus omnis sed cumque.', 126, '1974-08-01 15:20:30');
INSERT INTO `comments` (`id`, `from_user_id`, `to_target_id`, `target_type_id`, `body`, `attached_media_id`, `created_at`) VALUES (70, 23, 95, 7, 'Quasi earum iste repellendus sequi sed corporis. Voluptatem eum sunt unde esse sapiente.', 55, '2015-07-28 09:45:14');
INSERT INTO `comments` (`id`, `from_user_id`, `to_target_id`, `target_type_id`, `body`, `attached_media_id`, `created_at`) VALUES (71, 31, 83, 1, 'Et expedita nihil corrupti quisquam facilis. Corrupti consequatur amet id ipsa at voluptatem natus. Laboriosam consectetur et laborum deserunt veritatis aut. Exercitationem est aut quaerat impedit repellendus. Veniam aut dolorem ducimus porro dolores consequatur.', 36, '1976-06-17 18:21:02');
INSERT INTO `comments` (`id`, `from_user_id`, `to_target_id`, `target_type_id`, `body`, `attached_media_id`, `created_at`) VALUES (72, 10, 15, 2, 'Deleniti sit voluptas corrupti accusantium aut incidunt nulla atque. Reiciendis iusto quam consectetur. Cupiditate accusantium assumenda voluptatibus aliquam voluptas vero ea.', 128, '1972-12-04 00:42:32');
INSERT INTO `comments` (`id`, `from_user_id`, `to_target_id`, `target_type_id`, `body`, `attached_media_id`, `created_at`) VALUES (73, 93, 46, 3, 'Dolore necessitatibus molestias veniam minima aut consectetur placeat. Nisi quo corporis quasi qui. Quam sed porro unde sapiente eos praesentium nobis.', 19, '1997-07-25 21:43:15');
INSERT INTO `comments` (`id`, `from_user_id`, `to_target_id`, `target_type_id`, `body`, `attached_media_id`, `created_at`) VALUES (74, 99, 36, 4, 'Laboriosam eaque recusandae ab voluptatem recusandae. Assumenda deserunt quis dolor in nam laudantium. Voluptates molestias corporis officia excepturi at mollitia.', 78, '1976-07-14 09:32:56');
INSERT INTO `comments` (`id`, `from_user_id`, `to_target_id`, `target_type_id`, `body`, `attached_media_id`, `created_at`) VALUES (75, 54, 93, 5, 'Aut et et omnis rerum quae iste est sapiente. Nisi sint harum voluptatum molestias ut. Voluptatem aut qui perferendis numquam quis similique.', 45, '2011-11-22 15:22:32');
INSERT INTO `comments` (`id`, `from_user_id`, `to_target_id`, `target_type_id`, `body`, `attached_media_id`, `created_at`) VALUES (76, 62, 26, 6, 'Qui ut eius beatae est dolore saepe. Et quae quasi ipsam qui voluptas excepturi. Provident dolores minima qui voluptatum.', 21, '2006-06-20 07:49:50');
INSERT INTO `comments` (`id`, `from_user_id`, `to_target_id`, `target_type_id`, `body`, `attached_media_id`, `created_at`) VALUES (77, 73, 37, 7, 'Molestias repellendus cum esse aliquid voluptatem. Nihil saepe cum libero nulla dolorem perferendis. Incidunt eveniet temporibus autem modi eaque rerum.', 68, '2012-07-27 06:51:58');
INSERT INTO `comments` (`id`, `from_user_id`, `to_target_id`, `target_type_id`, `body`, `attached_media_id`, `created_at`) VALUES (78, 67, 83, 1, 'Quae sed nostrum molestiae incidunt qui earum. Incidunt maiores illo maxime quis est. Error eaque officiis at quis architecto optio est molestiae. Voluptatum sit et quod sit corporis et. Et dicta nam quibusdam perspiciatis quam eveniet.', 125, '2001-08-23 10:38:31');
INSERT INTO `comments` (`id`, `from_user_id`, `to_target_id`, `target_type_id`, `body`, `attached_media_id`, `created_at`) VALUES (79, 36, 6, 2, 'Velit alias quam quo et et corporis quia. Et sit sed fugiat. Quo illum voluptatem maxime sit.', 29, '1978-02-23 07:01:57');
INSERT INTO `comments` (`id`, `from_user_id`, `to_target_id`, `target_type_id`, `body`, `attached_media_id`, `created_at`) VALUES (80, 45, 81, 3, 'Deleniti fugit sint ullam laudantium. Perspiciatis rerum in voluptas blanditiis in. Vero a aut laborum nam quis unde.', 37, '1976-01-31 01:19:00');
INSERT INTO `comments` (`id`, `from_user_id`, `to_target_id`, `target_type_id`, `body`, `attached_media_id`, `created_at`) VALUES (81, 100, 69, 4, 'Aut doloremque incidunt culpa maiores et voluptatem molestias. Esse magni tempore aliquid. Dolores eveniet alias sed blanditiis dolore.', 97, '2006-05-07 12:42:11');
INSERT INTO `comments` (`id`, `from_user_id`, `to_target_id`, `target_type_id`, `body`, `attached_media_id`, `created_at`) VALUES (82, 4, 27, 5, 'Deserunt consequatur id excepturi deleniti illum animi rem. Quia illo dolor eius impedit dolorem. Dolores quia autem enim veritatis quos quia consequuntur.', 192, '1979-11-14 10:51:34');
INSERT INTO `comments` (`id`, `from_user_id`, `to_target_id`, `target_type_id`, `body`, `attached_media_id`, `created_at`) VALUES (83, 33, 49, 6, 'Odit tempore nulla architecto velit. Consequatur cumque exercitationem voluptate temporibus nisi reprehenderit aut. Velit quod alias beatae. Beatae sed et quod quo. Harum quia sapiente in voluptatum laborum eaque.', 77, '2015-03-08 15:54:35');
INSERT INTO `comments` (`id`, `from_user_id`, `to_target_id`, `target_type_id`, `body`, `attached_media_id`, `created_at`) VALUES (84, 29, 14, 7, 'Quia accusantium voluptate illum aut qui eum inventore. Rem esse doloribus ut et et. Ipsum consequatur earum nisi. Eius odit vero omnis sit. Autem dicta iusto voluptas sint.', 103, '2011-12-26 00:20:30');
INSERT INTO `comments` (`id`, `from_user_id`, `to_target_id`, `target_type_id`, `body`, `attached_media_id`, `created_at`) VALUES (85, 97, 38, 1, 'Ut molestiae tempore et dolorem consectetur. Officia consectetur aliquid nulla. Impedit laudantium incidunt perspiciatis ea. Libero accusantium aliquam consequatur et et sit eveniet.', 128, '1984-05-19 04:22:10');
INSERT INTO `comments` (`id`, `from_user_id`, `to_target_id`, `target_type_id`, `body`, `attached_media_id`, `created_at`) VALUES (86, 65, 53, 2, 'Suscipit reprehenderit dolore ea cupiditate. Et et in voluptatem et repellendus porro at. Nihil sit quisquam corrupti at repudiandae qui rerum modi. Similique veniam quasi dolorem doloremque.', 71, '2010-07-07 02:25:10');
INSERT INTO `comments` (`id`, `from_user_id`, `to_target_id`, `target_type_id`, `body`, `attached_media_id`, `created_at`) VALUES (87, 72, 67, 3, 'Enim totam amet veritatis rerum ut commodi. Odit rerum omnis nostrum veritatis distinctio velit. Sunt quo suscipit totam pariatur.', 131, '1980-05-20 11:04:06');
INSERT INTO `comments` (`id`, `from_user_id`, `to_target_id`, `target_type_id`, `body`, `attached_media_id`, `created_at`) VALUES (88, 100, 49, 4, 'Vel vel quidem modi exercitationem. Nisi voluptatem error ut velit sed earum dolorum. Hic et autem consequatur ut incidunt. Repellendus a quasi nam omnis sed distinctio deleniti.', 28, '1981-05-29 15:50:11');
INSERT INTO `comments` (`id`, `from_user_id`, `to_target_id`, `target_type_id`, `body`, `attached_media_id`, `created_at`) VALUES (89, 29, 7, 5, 'Officia in ut molestiae porro. Sed ducimus non ipsa doloribus praesentium vel praesentium. Laborum nihil tempore facilis. Praesentium expedita eius numquam ipsum tempora.', 46, '2012-11-07 17:00:43');
INSERT INTO `comments` (`id`, `from_user_id`, `to_target_id`, `target_type_id`, `body`, `attached_media_id`, `created_at`) VALUES (90, 21, 55, 6, 'Et debitis labore necessitatibus a temporibus. Reiciendis iusto laboriosam voluptate non qui delectus aliquam. Dolores rerum ea inventore.', 190, '2007-01-13 20:44:07');
INSERT INTO `comments` (`id`, `from_user_id`, `to_target_id`, `target_type_id`, `body`, `attached_media_id`, `created_at`) VALUES (91, 67, 97, 7, 'Libero sit velit quis adipisci reiciendis. Ad est est aut dolor animi culpa. Quia voluptatem dolore numquam itaque non. Nihil minus sint saepe voluptatem earum eveniet dolore.', 153, '1971-08-03 18:03:32');
INSERT INTO `comments` (`id`, `from_user_id`, `to_target_id`, `target_type_id`, `body`, `attached_media_id`, `created_at`) VALUES (92, 86, 95, 1, 'Amet quo aliquid alias qui et qui error praesentium. Esse repudiandae velit neque dolorem quo libero beatae quod. Aperiam occaecati aspernatur optio temporibus tenetur sunt quisquam. Est corrupti molestiae enim impedit eveniet eius et.', 24, '1986-08-27 15:56:26');
INSERT INTO `comments` (`id`, `from_user_id`, `to_target_id`, `target_type_id`, `body`, `attached_media_id`, `created_at`) VALUES (93, 51, 89, 2, 'Incidunt voluptatem accusamus sunt tempora laborum id non. Quia sed quis et sed voluptas et. Modi voluptates velit eum hic beatae.', 122, '1988-11-10 22:20:44');
INSERT INTO `comments` (`id`, `from_user_id`, `to_target_id`, `target_type_id`, `body`, `attached_media_id`, `created_at`) VALUES (94, 62, 26, 3, 'Occaecati consequatur quia sapiente enim eaque. Dolorem sint incidunt dolores perspiciatis aut. Provident voluptatem officiis sed et ipsam reiciendis a.', 32, '1977-09-04 17:32:49');
INSERT INTO `comments` (`id`, `from_user_id`, `to_target_id`, `target_type_id`, `body`, `attached_media_id`, `created_at`) VALUES (95, 5, 34, 4, 'Aperiam ex nostrum autem odit voluptate et quia veritatis. Et quidem molestias nemo.', 14, '1996-11-16 07:43:08');
INSERT INTO `comments` (`id`, `from_user_id`, `to_target_id`, `target_type_id`, `body`, `attached_media_id`, `created_at`) VALUES (96, 27, 52, 5, 'Quia error hic ducimus quisquam voluptas deleniti et. Est consequuntur voluptas illum praesentium. Quibusdam incidunt est eum vitae vitae unde excepturi. Omnis libero tenetur cupiditate qui.', 70, '2006-03-11 17:20:04');
INSERT INTO `comments` (`id`, `from_user_id`, `to_target_id`, `target_type_id`, `body`, `attached_media_id`, `created_at`) VALUES (97, 31, 36, 6, 'Labore corporis aut rerum unde optio itaque. Eos qui officia culpa aperiam.', 157, '2002-03-01 21:30:26');
INSERT INTO `comments` (`id`, `from_user_id`, `to_target_id`, `target_type_id`, `body`, `attached_media_id`, `created_at`) VALUES (98, 20, 51, 7, 'Facilis quibusdam consequuntur repudiandae voluptatum. Animi autem quaerat itaque maiores harum voluptas. Velit incidunt tenetur molestiae sequi similique quas deleniti et. Officiis iusto ea qui dolor sapiente occaecati ut eos.', 70, '1980-03-18 13:30:51');
INSERT INTO `comments` (`id`, `from_user_id`, `to_target_id`, `target_type_id`, `body`, `attached_media_id`, `created_at`) VALUES (99, 7, 59, 1, 'Et qui quia debitis et. Esse consectetur et omnis sed consequatur quaerat. Et amet repellat id consequatur.', 64, '2016-12-12 19:18:08');
INSERT INTO `comments` (`id`, `from_user_id`, `to_target_id`, `target_type_id`, `body`, `attached_media_id`, `created_at`) VALUES (100, 41, 90, 2, 'Sunt aliquam molestias ut deleniti. Saepe aut rerum autem dolore omnis dolores ea. Libero dolorem nihil asperiores fuga blanditiis vel. Doloremque reiciendis dignissimos labore enim.', 42, '1981-05-15 09:53:07');


#
# TABLE STRUCTURE FOR: film_info
#

DROP TABLE IF EXISTS `film_info`;

CREATE TABLE `film_info` (
  `film_id` int(10) unsigned NOT NULL,
  `film_cat_id` int(10) unsigned NOT NULL,
  `description` varchar(255) COLLATE utf8_unicode_ci DEFAULT NULL,
  `staff` varchar(255) COLLATE utf8_unicode_ci DEFAULT NULL,
  `country` varchar(100) COLLATE utf8_unicode_ci DEFAULT NULL,
  PRIMARY KEY (`film_id`)
) ENGINE=InnoDB DEFAULT CHARSET=utf8 COLLATE=utf8_unicode_ci;

INSERT INTO `film_info` (`film_id`, `film_cat_id`, `description`, `staff`, `country`) VALUES (1, 3, 'Quibusdam impedit consequatur sit. Ut a quas architecto mollitia sequi quia. Quidem dolores et corrupti nostrum eos. Quam qui excepturi molestiae sit.', 'Vitae dicta sed placeat deleniti fuga enim. Qui voluptatem fugit omnis nostrum necessitatibus. Dicta aliquam aut dolores unde.', 'Sri Lanka');
INSERT INTO `film_info` (`film_id`, `film_cat_id`, `description`, `staff`, `country`) VALUES (2, 5, 'Ipsam vero consequatur cum voluptas. Maiores dolores ducimus repellendus autem autem atque pariatur unde. Voluptatem beatae fuga deleniti beatae sint adipisci.', 'Fugit reiciendis nihil sint saepe voluptas eius aut in. Voluptas repellendus temporibus corrupti aut in. Nulla ex natus quae voluptates nulla sed earum. At praesentium mollitia et voluptate nemo atque assumenda et.', 'Benin');
INSERT INTO `film_info` (`film_id`, `film_cat_id`, `description`, `staff`, `country`) VALUES (3, 2, 'Vitae libero unde vel alias dolor est impedit. Omnis modi iure odio atque aut. Sequi tempore aliquid quae rem consequatur est facilis natus.', 'Aut et quia quis consequuntur. Voluptatem velit harum neque rerum quia sit voluptas. Perspiciatis voluptatem suscipit eum eum recusandae repellendus.', 'Palau');
INSERT INTO `film_info` (`film_id`, `film_cat_id`, `description`, `staff`, `country`) VALUES (4, 6, 'Illum aut corrupti illum. Et ut odio repellat. Mollitia blanditiis minima et et pariatur perspiciatis.', 'Ea ab autem sapiente ullam quia. Consequuntur dolor ea iure accusamus minima dolores. Quia et amet rem suscipit aut sapiente. Voluptate sit illo provident assumenda accusantium vel.', 'Sweden');
INSERT INTO `film_info` (`film_id`, `film_cat_id`, `description`, `staff`, `country`) VALUES (5, 1, 'Illo accusamus voluptatibus recusandae quae in aut. Delectus dolore error est. Quasi accusamus libero aut rerum labore excepturi.', 'Sequi sed et vel magnam itaque. Et ea eligendi sed dolores ipsam accusamus alias. Aliquid omnis et eveniet voluptatem et fuga.', 'Saint Kitts and Nevis');
INSERT INTO `film_info` (`film_id`, `film_cat_id`, `description`, `staff`, `country`) VALUES (6, 5, 'Repellat doloribus consectetur asperiores aut odit. Perferendis et adipisci voluptates optio. Debitis aut omnis ullam ullam ad consequuntur incidunt.', 'Et adipisci nihil dolores quasi. Aut quae qui dicta inventore. Veniam libero non dolores mollitia. Suscipit impedit harum autem dolor esse qui autem.', 'Tonga');
INSERT INTO `film_info` (`film_id`, `film_cat_id`, `description`, `staff`, `country`) VALUES (7, 4, 'Sint magni eum iure ea ut consequatur. Sunt et sed mollitia in iure assumenda vero. Perspiciatis et ut ut voluptatem laudantium est. Perspiciatis laborum illo est praesentium odit eos quasi.', 'Quo eligendi exercitationem voluptas est. Architecto voluptates nihil voluptatem nesciunt. Est molestiae aliquid corrupti tempore animi.', 'Norway');
INSERT INTO `film_info` (`film_id`, `film_cat_id`, `description`, `staff`, `country`) VALUES (8, 7, 'Accusantium veritatis et unde omnis. Error dolores et quia et. Commodi eos voluptatem odio accusamus quia.', 'Voluptatem quia corporis omnis voluptas sed. Enim debitis odit qui sit sint. Ut ea dolores sit ipsa recusandae dolores nobis.', 'Vanuatu');
INSERT INTO `film_info` (`film_id`, `film_cat_id`, `description`, `staff`, `country`) VALUES (9, 8, 'Minima quis ea rerum mollitia necessitatibus. Non accusantium libero dolorem unde saepe incidunt eaque. Quo maxime neque sit recusandae quas commodi. Assumenda molestiae eveniet iste.', 'Qui ea labore non. Non exercitationem et molestiae voluptatum voluptatem nam et. Asperiores est quos dolorem rem aspernatur incidunt repellendus. Et maiores et deleniti nisi voluptas nemo numquam. Illo omnis mollitia repellendus.', 'Wallis and Futuna');
INSERT INTO `film_info` (`film_id`, `film_cat_id`, `description`, `staff`, `country`) VALUES (10, 7, 'Quae corrupti iusto eos iste dolor quibusdam. Expedita est consequuntur quia quae aliquam ea. Quia ut ab quaerat necessitatibus omnis a.', 'Incidunt perspiciatis omnis recusandae et cupiditate doloremque earum. Quod quas et debitis et. Velit esse veritatis error. Non ullam voluptatem excepturi et earum recusandae.', 'Somalia');
INSERT INTO `film_info` (`film_id`, `film_cat_id`, `description`, `staff`, `country`) VALUES (11, 4, 'Doloribus et repellat ut. Sit modi voluptates blanditiis debitis maxime veniam. Quas rerum dolor totam cum sunt harum voluptatem. Repellat incidunt reiciendis nesciunt alias ut autem quis.', 'Illum in voluptas earum veniam nam rerum. Esse deserunt accusamus et occaecati et facere. Est ipsum reiciendis atque eum enim sequi nobis. Dolore inventore nulla eum modi omnis pariatur possimus dolorum.', 'Slovakia (Slovak Republic)');
INSERT INTO `film_info` (`film_id`, `film_cat_id`, `description`, `staff`, `country`) VALUES (12, 10, 'Quia perferendis molestiae esse. Aut sequi quia est et vel. At facilis alias et minima omnis cupiditate.', 'Quod tempore sit ipsa autem assumenda. Cupiditate commodi distinctio sapiente.', 'Hong Kong');
INSERT INTO `film_info` (`film_id`, `film_cat_id`, `description`, `staff`, `country`) VALUES (13, 7, 'Placeat perferendis ab dolor saepe aut placeat. Mollitia laudantium saepe a enim cum quis a. Inventore autem et quis recusandae sunt sed perspiciatis neque.', 'Praesentium necessitatibus dolores ducimus. Eum quia et ut. Animi aut impedit consectetur earum minus voluptatum nulla. Odio ut aut facilis culpa possimus sit.', 'Bahrain');
INSERT INTO `film_info` (`film_id`, `film_cat_id`, `description`, `staff`, `country`) VALUES (14, 6, 'Dolor eaque sed aspernatur iusto maiores eveniet fuga. Molestiae provident omnis est at quia quisquam. Alias odio omnis non tenetur.', 'Mollitia dolor ullam eligendi pariatur consequatur qui rerum ut. Sit voluptate quod nisi. Sunt ut quis quia quia. Non a ea qui nisi sed quam iusto quia.', 'United Kingdom');
INSERT INTO `film_info` (`film_id`, `film_cat_id`, `description`, `staff`, `country`) VALUES (15, 2, 'Non molestias omnis et quas nisi. Odit architecto dolor vel iusto velit nihil esse.', 'Facere aut ut saepe corrupti. Ut qui ea error ea ab qui quas. Eum cum dolorum labore voluptas qui et.', 'Norway');
INSERT INTO `film_info` (`film_id`, `film_cat_id`, `description`, `staff`, `country`) VALUES (16, 2, 'Iure minus quaerat quae cupiditate possimus omnis rem. Alias modi voluptatem sit architecto et omnis deleniti et. Adipisci quo dolor sed ea et voluptatem esse hic. Voluptas quisquam molestias libero fuga.', 'Optio est quia qui vitae. Eum impedit quia hic aut tempore. Dolorem explicabo nemo laboriosam omnis cumque sed aut. Atque magnam harum impedit asperiores iure asperiores.', 'Uzbekistan');
INSERT INTO `film_info` (`film_id`, `film_cat_id`, `description`, `staff`, `country`) VALUES (17, 5, 'Nulla officia consequatur est. Expedita ipsam ullam sit aut. Nobis ut et praesentium sunt in ut magnam. Quaerat eius quis ea nemo explicabo.', 'Sapiente fugiat eum sed enim accusamus. Soluta provident magni qui optio temporibus. Eum quidem totam est.', 'Somalia');
INSERT INTO `film_info` (`film_id`, `film_cat_id`, `description`, `staff`, `country`) VALUES (18, 5, 'Tempora natus voluptatem error. Facilis voluptatem consequatur aut ut vitae nam. Autem dolor quia magnam accusamus et sequi.', 'Possimus deserunt eum labore ut sed deserunt id. Molestiae fuga et quis expedita. Ut odio nihil ratione atque nesciunt. Voluptas aspernatur provident cupiditate ullam velit eos ut nam.', 'Sudan');
INSERT INTO `film_info` (`film_id`, `film_cat_id`, `description`, `staff`, `country`) VALUES (19, 4, 'Est vitae sed sequi eum quia ullam asperiores dolores. Odit earum est reprehenderit aut esse. Dolorem non iure incidunt magnam ea. Qui occaecati aliquid laudantium quaerat nihil quia.', 'Aperiam debitis sunt placeat non praesentium ut quo. Qui et voluptatum aliquid aut ut ut id sequi. Ullam culpa quam autem ab voluptatibus minima. Non commodi a praesentium nulla animi consequatur. Fuga eum possimus assumenda.', 'French Southern Territories');
INSERT INTO `film_info` (`film_id`, `film_cat_id`, `description`, `staff`, `country`) VALUES (20, 7, 'Vitae nobis eligendi quia maxime hic ipsam. Non sint voluptatem sit autem qui nam. Quisquam quo excepturi ipsam quisquam eius.', 'Itaque amet qui laboriosam numquam nemo aspernatur. Magnam autem qui sapiente ipsa quasi culpa. Consequatur et quo non beatae repellendus est.', 'Pakistan');
INSERT INTO `film_info` (`film_id`, `film_cat_id`, `description`, `staff`, `country`) VALUES (21, 10, 'Id culpa et expedita et mollitia illum illum. Perspiciatis minus mollitia beatae sapiente reiciendis. Aspernatur excepturi facilis doloremque voluptates deleniti cupiditate. Ab est ipsum voluptatem laborum.', 'Magnam odio voluptatum quisquam voluptas. Animi sed et nisi quia. Consequatur voluptatem molestiae vitae inventore perferendis laudantium ut deleniti. Enim qui ut necessitatibus velit sequi velit.', 'Liechtenstein');
INSERT INTO `film_info` (`film_id`, `film_cat_id`, `description`, `staff`, `country`) VALUES (22, 7, 'Consectetur animi est amet minus quo provident rerum. Similique nulla consequuntur eaque. Recusandae et libero repudiandae a rerum unde.', 'Voluptatum eaque deserunt provident vel esse dolorum omnis. Sed vel sed deleniti fugiat assumenda. Quia est in et aut quia ducimus expedita esse.', 'United Kingdom');
INSERT INTO `film_info` (`film_id`, `film_cat_id`, `description`, `staff`, `country`) VALUES (23, 7, 'Fugiat praesentium voluptate dolore sunt aspernatur id. Ad magni eum sint autem. Veritatis dolor eveniet natus animi rem autem tempora. Reiciendis consequatur omnis quidem.', 'Eum dignissimos eum aut fugit porro qui aut. Ipsa id et incidunt tempora illum distinctio vitae quod. Dolores magnam excepturi ex esse aut.', 'French Polynesia');
INSERT INTO `film_info` (`film_id`, `film_cat_id`, `description`, `staff`, `country`) VALUES (24, 4, 'Modi corporis tempore quis commodi ea enim. Architecto rerum assumenda a ut tenetur. Aliquid ut laboriosam suscipit in nihil corporis voluptas. Qui ut ipsam quis consequuntur quisquam nihil.', 'Distinctio reiciendis adipisci quidem alias. Iste aut qui eum eos impedit et. Recusandae quam quis voluptas consequuntur dolor repudiandae rerum. Ut est et qui facilis occaecati sit.', 'Canada');
INSERT INTO `film_info` (`film_id`, `film_cat_id`, `description`, `staff`, `country`) VALUES (25, 6, 'Quo voluptatem voluptatem quis at distinctio sunt. Laudantium doloribus enim at voluptates sit voluptates blanditiis. Voluptas veniam labore excepturi ut dolor odit molestiae. Quis nulla aut molestiae distinctio corrupti qui odio nostrum.', 'Aliquid deleniti libero ducimus unde. Atque est distinctio sed distinctio. Laudantium dolor laudantium itaque.', 'Saint Helena');
INSERT INTO `film_info` (`film_id`, `film_cat_id`, `description`, `staff`, `country`) VALUES (26, 8, 'Vero natus blanditiis architecto. Nihil voluptas non voluptates. Qui voluptatibus ea animi quos. Est qui et beatae voluptas et.', 'Temporibus id consectetur quo quas. Impedit molestias voluptatibus et et. Harum eligendi impedit aut officiis corporis animi pariatur velit. Dignissimos blanditiis non non id id et.', 'United Kingdom');
INSERT INTO `film_info` (`film_id`, `film_cat_id`, `description`, `staff`, `country`) VALUES (27, 8, 'Voluptas repellat rerum consectetur reiciendis ex laboriosam nisi. Delectus ut doloremque ducimus neque.', 'Tenetur voluptatum magnam accusantium laborum non. Vel tempore animi deleniti delectus. Necessitatibus quia vero aperiam ut odio voluptatem asperiores dicta.', 'United States Minor Outlying Islands');
INSERT INTO `film_info` (`film_id`, `film_cat_id`, `description`, `staff`, `country`) VALUES (28, 8, 'Deserunt maxime vitae in. Voluptatem dignissimos omnis aspernatur sunt beatae ad id. Ullam laboriosam tenetur et dolores qui corporis. Et laudantium voluptatem et ut cum.', 'Asperiores omnis asperiores eveniet quas delectus consequatur tempora. Necessitatibus facere aut et nesciunt tempore accusamus tenetur est.', 'Uruguay');
INSERT INTO `film_info` (`film_id`, `film_cat_id`, `description`, `staff`, `country`) VALUES (29, 5, 'Nam ut dolor nam porro qui sit aut quos. Rerum ipsam et qui doloribus temporibus ut quam autem. Ea quasi quia nemo aut non est omnis.', 'Qui qui quae tenetur est voluptatem. Dolores porro harum qui ea. Est earum itaque iusto occaecati et.', 'Panama');
INSERT INTO `film_info` (`film_id`, `film_cat_id`, `description`, `staff`, `country`) VALUES (30, 3, 'Deserunt et occaecati soluta rerum. Explicabo officiis ut quis veritatis.', 'Illum et nostrum magnam ut quia amet non. Qui sint quasi voluptatem magni omnis voluptatum ducimus. A adipisci eos repudiandae autem ipsum iusto. Error temporibus impedit officiis quidem. Qui occaecati perferendis repellendus totam rerum qui cumque.', 'South Africa');
INSERT INTO `film_info` (`film_id`, `film_cat_id`, `description`, `staff`, `country`) VALUES (31, 9, 'Tenetur voluptatibus aut hic voluptatem voluptas ducimus. Quas qui non placeat nihil. Optio sed aut ullam autem. Necessitatibus nisi ut voluptatem atque pariatur nihil omnis.', 'Magni ullam hic aliquam. Natus tenetur nam enim perferendis quia accusamus et. Sed inventore error vero cumque ullam explicabo voluptas id. Ut excepturi reprehenderit minima soluta ea.', 'French Guiana');
INSERT INTO `film_info` (`film_id`, `film_cat_id`, `description`, `staff`, `country`) VALUES (32, 5, 'Culpa est in incidunt sit dolores. Debitis aliquam sunt aut omnis. Consequuntur quod amet possimus ad occaecati optio et.', 'Molestias ut quia eius quos ut et. Officia omnis et hic ratione. Labore quis qui aut iure aut.', 'Korea');
INSERT INTO `film_info` (`film_id`, `film_cat_id`, `description`, `staff`, `country`) VALUES (33, 8, 'Et dolore quia enim eligendi natus non. Velit culpa sapiente aut est. A porro consequatur et vel.', 'Eligendi praesentium earum ut. Earum dolores architecto non repudiandae praesentium rerum nam. Beatae quidem ullam quam iusto nihil. Consequatur earum quibusdam laboriosam laboriosam qui exercitationem porro suscipit. Et sint sed nulla.', 'Ireland');
INSERT INTO `film_info` (`film_id`, `film_cat_id`, `description`, `staff`, `country`) VALUES (34, 2, 'Molestias ducimus ipsam magnam ipsam velit. Similique ut architecto nihil est est omnis nihil quibusdam. Et voluptates et sunt ipsa aliquid eum itaque voluptate. Non quidem quasi amet maiores velit atque eos repellendus.', 'Odit quisquam dolore atque quo. Aspernatur consequuntur doloribus consectetur ullam. Autem quo doloremque ut quibusdam eos.', 'Hungary');
INSERT INTO `film_info` (`film_id`, `film_cat_id`, `description`, `staff`, `country`) VALUES (35, 8, 'Aliquid hic ullam ea provident iste ad qui. Commodi autem ullam cupiditate beatae non ex sunt. Nihil in voluptas excepturi voluptatem sit et omnis.', 'Dicta sit sit totam tenetur aliquam quam natus. Eum rerum eaque et eos debitis. Dolorem officiis ut perferendis a tenetur et. Ut beatae fuga autem.', 'Marshall Islands');
INSERT INTO `film_info` (`film_id`, `film_cat_id`, `description`, `staff`, `country`) VALUES (36, 6, 'Sint repellendus nihil nostrum aliquid et voluptas est. Blanditiis rem incidunt nihil dolorem. Quidem tempore aut accusamus aut praesentium beatae id.', 'Aut ipsa voluptatem quia. Quis rerum earum consequatur eum. Ut qui illum cumque assumenda quia id pariatur. Velit sapiente architecto et consequatur et.', 'Iceland');
INSERT INTO `film_info` (`film_id`, `film_cat_id`, `description`, `staff`, `country`) VALUES (37, 6, 'Tenetur laboriosam velit reiciendis aperiam. Voluptates non non excepturi quia doloremque nam inventore. Recusandae quae amet magnam tempore nam ullam.', 'Maxime culpa quidem beatae aut. Officia est corrupti et aut qui quibusdam. Delectus minus accusantium natus nam vel voluptas provident. Alias excepturi voluptatem et nihil.', 'Sierra Leone');
INSERT INTO `film_info` (`film_id`, `film_cat_id`, `description`, `staff`, `country`) VALUES (38, 1, 'Rem similique ut rem eum autem non omnis nobis. Maiores odit sed nostrum voluptas qui et. Tenetur omnis provident sequi sequi occaecati asperiores.', 'Inventore tempora unde atque nulla repudiandae sed saepe. Vel recusandae non aperiam rem dolor.', 'Mongolia');
INSERT INTO `film_info` (`film_id`, `film_cat_id`, `description`, `staff`, `country`) VALUES (39, 1, 'Velit iusto non ad numquam deleniti voluptatem. Quia delectus eligendi natus dolor.', 'Quidem similique aperiam accusamus sit illum occaecati possimus. Enim iure quia laboriosam et. Quibusdam dolorem qui et eveniet quae provident commodi.', 'Liechtenstein');
INSERT INTO `film_info` (`film_id`, `film_cat_id`, `description`, `staff`, `country`) VALUES (40, 3, 'Et pariatur ea harum magni quae corporis. Repellat molestiae nihil reprehenderit nobis provident sit. Ullam magni reiciendis tenetur ab mollitia.', 'Vitae vel architecto et ipsam culpa quisquam cumque. Ut adipisci incidunt distinctio. Labore reiciendis facilis consequatur sed labore.', 'Poland');
INSERT INTO `film_info` (`film_id`, `film_cat_id`, `description`, `staff`, `country`) VALUES (41, 1, 'Maxime animi doloremque nesciunt sunt sint. Quia ut in ut est dolores tempora. Et ea harum eaque autem provident magni.', 'Dolorem voluptates cum nam vel quaerat. Et odit animi ipsam sed corporis. Sed culpa accusamus et aspernatur assumenda quisquam error nesciunt. A omnis veritatis maxime qui et aut. Qui ab est sequi placeat molestiae.', 'Reunion');
INSERT INTO `film_info` (`film_id`, `film_cat_id`, `description`, `staff`, `country`) VALUES (42, 5, 'Dolores explicabo tempore saepe et architecto sed voluptas. Adipisci qui sed voluptas. Explicabo quaerat nesciunt unde dolor delectus reiciendis unde. Enim quia consequatur tempora veniam quos nulla.', 'Repellendus iste ullam corrupti quasi voluptate. Unde in voluptatem et ut est. Quia id magni magnam eos sed.', 'Bahamas');
INSERT INTO `film_info` (`film_id`, `film_cat_id`, `description`, `staff`, `country`) VALUES (43, 8, 'Sit molestias ea aliquid. Odit sunt nisi consequatur quo beatae totam. Non fuga similique odit nulla deleniti.', 'Ipsa dolor velit adipisci soluta. Ex distinctio voluptas velit sunt.', 'Antigua and Barbuda');
INSERT INTO `film_info` (`film_id`, `film_cat_id`, `description`, `staff`, `country`) VALUES (44, 10, 'Tempora labore qui fuga aut. Ut aut unde labore vitae est iste. Voluptatem quia rerum et explicabo.', 'Aliquid rem ullam sapiente. Cum voluptate qui amet et doloremque itaque porro. Porro sequi esse quia amet possimus minima repudiandae.', 'United States Virgin Islands');
INSERT INTO `film_info` (`film_id`, `film_cat_id`, `description`, `staff`, `country`) VALUES (45, 10, 'Consequuntur neque nam dicta minus. Unde fuga voluptas dignissimos consectetur. Perferendis similique debitis nihil voluptatem et ipsam.', 'Nisi dolor aut et ut est dolor reprehenderit. Esse quia ut est officiis rerum. Nesciunt fuga ut et suscipit temporibus voluptatibus et aperiam. Consequuntur quod hic ex dicta itaque amet voluptatem.', 'Indonesia');
INSERT INTO `film_info` (`film_id`, `film_cat_id`, `description`, `staff`, `country`) VALUES (46, 5, 'Dolor repudiandae error soluta omnis dolorem voluptatem. Ut nihil non id voluptate inventore. Nostrum laudantium minima fugit ipsum nesciunt beatae repellat.', 'Aut quae ullam ab error. Saepe quia tempore vel culpa minima quod quisquam. Earum est dicta mollitia sint rem et ratione.', 'Sweden');
INSERT INTO `film_info` (`film_id`, `film_cat_id`, `description`, `staff`, `country`) VALUES (47, 6, 'Aut praesentium repudiandae nobis sed aut itaque aliquam quibusdam. Quia ut qui necessitatibus id.', 'Cumque sit et vitae consequatur reiciendis similique. Non aut debitis id soluta voluptatum rerum vero. Veritatis minima cumque est tenetur provident qui impedit.', 'Haiti');
INSERT INTO `film_info` (`film_id`, `film_cat_id`, `description`, `staff`, `country`) VALUES (48, 9, 'Nihil rerum excepturi enim est earum autem. Non consequatur provident quia officiis aliquam iste et facilis.', 'Eaque dolorem asperiores quas repellendus at voluptas assumenda. Aut aspernatur officia corrupti voluptas. Voluptate cumque distinctio quis minima. Rerum possimus sit iste.', 'Belgium');
INSERT INTO `film_info` (`film_id`, `film_cat_id`, `description`, `staff`, `country`) VALUES (49, 5, 'Atque et corrupti quia nam quo quisquam. Dignissimos voluptatem a dolor ex autem quae perspiciatis. Expedita et ullam dolorem molestiae maxime. Velit doloribus ut itaque perspiciatis. Dolorem blanditiis maxime ipsum vel aut autem.', 'Repudiandae atque ad et ut ut aut enim voluptatem. Tenetur illo illo est doloremque vero debitis iure. Ipsam nisi accusamus reiciendis beatae. Qui commodi et vel omnis minus quae. Earum corrupti velit ea.', 'Lesotho');
INSERT INTO `film_info` (`film_id`, `film_cat_id`, `description`, `staff`, `country`) VALUES (50, 4, 'Tempore provident eos nostrum aut non vero nemo est. Minima natus molestias optio voluptas saepe ut. Laudantium fugiat eos ipsam et. Doloremque ut debitis aut distinctio officiis earum.', 'Sit sed veritatis expedita quo non inventore. Itaque quia beatae atque aut illo sunt adipisci. Eum iure magnam voluptatem et velit et et.', 'Slovenia');
INSERT INTO `film_info` (`film_id`, `film_cat_id`, `description`, `staff`, `country`) VALUES (51, 9, 'Officia odio perferendis sint commodi. Quo aliquid molestias ipsa nisi voluptates corrupti.', 'Reprehenderit magni et sint odio maiores. Eos nesciunt doloremque autem similique. Iure unde possimus excepturi voluptatem assumenda velit. Voluptatem possimus maxime corrupti illum sed dolore.', 'El Salvador');
INSERT INTO `film_info` (`film_id`, `film_cat_id`, `description`, `staff`, `country`) VALUES (52, 10, 'Labore ex et qui voluptates. Quia eum itaque recusandae nam praesentium voluptatem ea. Nobis velit doloribus aut molestiae et et natus. Accusamus esse adipisci eum perspiciatis.', 'Beatae molestias possimus est accusantium quia fugiat et architecto. Illum omnis quo nesciunt. Accusantium dignissimos ut labore tenetur repudiandae.', 'Sudan');
INSERT INTO `film_info` (`film_id`, `film_cat_id`, `description`, `staff`, `country`) VALUES (53, 4, 'Minima molestias enim modi sed placeat tempora natus. Voluptate reiciendis omnis non blanditiis voluptatum blanditiis in. Id aut aut doloremque nemo eveniet distinctio.', 'Aut sit iste eveniet dolores esse porro. Et sed et consectetur rem.', 'Nauru');
INSERT INTO `film_info` (`film_id`, `film_cat_id`, `description`, `staff`, `country`) VALUES (54, 3, 'Aut autem iste in est est et at. Dolorem commodi ab quisquam impedit. Odio nostrum asperiores quos quos a. Dolore tempora velit maxime.', 'Voluptate placeat vero delectus officiis id saepe. Dicta eos omnis quia qui suscipit qui ut. Itaque et ipsam in deleniti. Nihil veniam tempora omnis temporibus sint.', 'Saint Lucia');
INSERT INTO `film_info` (`film_id`, `film_cat_id`, `description`, `staff`, `country`) VALUES (55, 8, 'Et itaque quo modi est rerum ipsum harum. Iste recusandae delectus ea reiciendis quia. Consequuntur et fugiat qui.', 'Voluptatibus nobis voluptatem a ut. Sunt aut porro facere labore veniam in eaque.', 'Libyan Arab Jamahiriya');
INSERT INTO `film_info` (`film_id`, `film_cat_id`, `description`, `staff`, `country`) VALUES (56, 1, 'Id enim consectetur vel praesentium ut qui officia. Amet dolorum accusantium nostrum et unde. Esse esse consequuntur iure repellat. Hic vero perspiciatis quia dolores et.', 'Consequuntur aut magnam dolor. Vel nam sint voluptatem dolorem libero corrupti. Et deserunt expedita mollitia autem consequatur iusto sed. Ex repudiandae nisi aut suscipit animi dignissimos at. Nam repellat harum sed quas quos.', 'Cambodia');
INSERT INTO `film_info` (`film_id`, `film_cat_id`, `description`, `staff`, `country`) VALUES (57, 2, 'Quia quisquam fuga ea quasi adipisci error. Consequatur necessitatibus et voluptatem officiis dolore eaque. Doloremque voluptas sit perferendis incidunt qui. Inventore enim eaque vitae minus aperiam.', 'Et similique ut quaerat voluptatem. Maiores accusamus possimus velit et dolorem autem. Maxime inventore omnis corporis velit cupiditate ab voluptatem. Reiciendis rerum magni itaque et iste.', 'Nepal');
INSERT INTO `film_info` (`film_id`, `film_cat_id`, `description`, `staff`, `country`) VALUES (58, 3, 'Velit omnis alias suscipit et distinctio exercitationem. Voluptatum eligendi perspiciatis amet molestiae. Autem eaque sit reprehenderit quo tempora similique.', 'Expedita ea sit nam esse reprehenderit deleniti. Error sequi et commodi dignissimos sequi. Enim unde quidem delectus repellendus deserunt.', 'Nauru');
INSERT INTO `film_info` (`film_id`, `film_cat_id`, `description`, `staff`, `country`) VALUES (59, 10, 'Necessitatibus a dolore doloremque consequatur. Omnis rerum consequatur ratione itaque corporis aliquam alias. Ratione odit deleniti veniam optio sunt quia ipsum. Non esse mollitia doloremque consequuntur sit.', 'Alias enim odio ea quae. Et voluptas doloremque reprehenderit placeat omnis placeat sint. Sed qui unde voluptas.', 'Tunisia');
INSERT INTO `film_info` (`film_id`, `film_cat_id`, `description`, `staff`, `country`) VALUES (60, 1, 'Ut et facilis soluta optio. Explicabo placeat ducimus vel laudantium ut. Illo alias eos sed autem est et veritatis. Dolor in nostrum repellat cumque ipsam quia officia. Placeat ut hic commodi atque a.', 'Ex itaque inventore consequuntur dolores. Voluptas officiis perspiciatis corrupti fugit. Fuga cumque a ad laboriosam aut eos quaerat. Suscipit et eaque non numquam velit quam ut voluptate.', 'Hungary');
INSERT INTO `film_info` (`film_id`, `film_cat_id`, `description`, `staff`, `country`) VALUES (61, 4, 'Ut molestiae qui quam ducimus sit. Omnis dolor officiis voluptatem delectus. Quam ducimus exercitationem cupiditate. Error libero a quos labore quae qui.', 'Vero et necessitatibus sequi sit quibusdam ad. Ipsam dolores architecto libero architecto ipsum nobis. Qui molestiae suscipit distinctio et. Explicabo quia laudantium qui nostrum quam quos.', 'Solomon Islands');
INSERT INTO `film_info` (`film_id`, `film_cat_id`, `description`, `staff`, `country`) VALUES (62, 6, 'Dolore non ut debitis quidem pariatur eveniet. Ratione est omnis sit quo dolores. Reprehenderit dolore nostrum minus et quo ut qui. Et esse vel ea omnis pariatur suscipit.', 'Officiis ut est qui minus et eaque quaerat. Doloribus maiores autem veniam nesciunt. Nulla eum numquam ipsum aut. Voluptatem velit magnam sunt fugit.', 'Poland');
INSERT INTO `film_info` (`film_id`, `film_cat_id`, `description`, `staff`, `country`) VALUES (63, 8, 'Alias nesciunt recusandae provident harum. Voluptas in dignissimos aliquam placeat. Consequatur enim architecto velit veniam. Mollitia nam aut veritatis perspiciatis repudiandae asperiores.', 'Aut porro laborum nobis et aut suscipit ex. Perspiciatis magnam in quod accusantium.', 'Cayman Islands');
INSERT INTO `film_info` (`film_id`, `film_cat_id`, `description`, `staff`, `country`) VALUES (64, 10, 'Omnis aut delectus occaecati iusto nostrum aut inventore. Eius eos inventore delectus exercitationem est unde et.', 'Eveniet veniam quas nihil numquam quasi doloremque et. Tempora asperiores nihil qui ratione culpa velit. Quibusdam sapiente quasi est sit. Sed sit magnam voluptas ut at et corporis.', 'Uruguay');
INSERT INTO `film_info` (`film_id`, `film_cat_id`, `description`, `staff`, `country`) VALUES (65, 1, 'Laborum neque animi quas sunt consequuntur molestiae neque et. Sint quaerat aspernatur odit quos.', 'Excepturi magnam nostrum aliquid non debitis. Et vero quas voluptas natus odio. Numquam commodi hic unde. Dolor ut explicabo nostrum.', 'Guernsey');
INSERT INTO `film_info` (`film_id`, `film_cat_id`, `description`, `staff`, `country`) VALUES (66, 8, 'Neque rerum quisquam error unde saepe quam. Perspiciatis ea aut tempore minus nihil voluptatem nemo. Voluptatibus asperiores cum ut voluptas accusantium placeat ipsum.', 'Ut amet molestias molestiae quibusdam sed velit. Ut eligendi rerum nobis tempora quisquam rerum. Earum quod sapiente repellat voluptatum nihil.', 'Paraguay');
INSERT INTO `film_info` (`film_id`, `film_cat_id`, `description`, `staff`, `country`) VALUES (67, 8, 'Corporis numquam voluptate dolores commodi. Omnis explicabo nam neque et sed. Beatae nihil nostrum nulla aspernatur eum quisquam.', 'Iure necessitatibus minus velit consequuntur est. Laboriosam voluptate nobis voluptates eum magnam tempora. Eos quas esse reprehenderit incidunt autem eius.', 'Malaysia');
INSERT INTO `film_info` (`film_id`, `film_cat_id`, `description`, `staff`, `country`) VALUES (68, 8, 'Et ut excepturi ut omnis optio dignissimos accusamus. Omnis eius officia quisquam veniam exercitationem unde ratione.', 'Dolores et et nobis suscipit et. Neque adipisci quaerat ex tempora et. Velit qui dolore autem ad veritatis occaecati eveniet provident.', 'Tonga');
INSERT INTO `film_info` (`film_id`, `film_cat_id`, `description`, `staff`, `country`) VALUES (69, 1, 'Et sunt quidem porro consequuntur voluptatem consequatur. Ad consequatur dolorum rerum provident suscipit occaecati voluptatem. Aut earum dolore quasi necessitatibus est id non sed. Eos voluptas qui suscipit est pariatur explicabo.', 'Cum aut at in ut deleniti quae ipsum. Incidunt quas facere nobis blanditiis temporibus. Qui consequuntur quaerat dolores est perferendis.', 'Falkland Islands (Malvinas)');
INSERT INTO `film_info` (`film_id`, `film_cat_id`, `description`, `staff`, `country`) VALUES (70, 8, 'Aliquam maiores in aut sed exercitationem quo est. Laboriosam occaecati voluptas ut dolor vel maxime eveniet.', 'Doloremque vitae perspiciatis odio excepturi deserunt vero sit. Quae et consectetur aut facere dolor rem et. Ut corrupti odit consequatur tempore exercitationem dicta quas sit.', 'China');
INSERT INTO `film_info` (`film_id`, `film_cat_id`, `description`, `staff`, `country`) VALUES (71, 1, 'Dolorem sunt exercitationem qui dolores. Repellat eligendi illo aliquam consectetur non. Fuga labore fugiat quibusdam sapiente fugit. Illum mollitia esse et rem voluptatem voluptatem.', 'Aut quidem qui odio aut aperiam. Nihil quidem voluptas odio vitae. Animi nemo velit tenetur nihil. Similique ea sunt deleniti nobis aliquam ut.', 'Dominica');
INSERT INTO `film_info` (`film_id`, `film_cat_id`, `description`, `staff`, `country`) VALUES (72, 5, 'In voluptatum aut cupiditate. Distinctio animi eveniet et quia odit ea non. Temporibus sed accusamus est nobis.', 'Maxime aut voluptas et doloremque quae. Sunt itaque fugit nobis. Id assumenda blanditiis eum et possimus. Similique officiis doloribus et maiores cumque corrupti modi.', 'Kyrgyz Republic');
INSERT INTO `film_info` (`film_id`, `film_cat_id`, `description`, `staff`, `country`) VALUES (73, 6, 'Sint sunt fugit molestiae dolore eaque voluptates odit sed. Delectus dolore iure non perspiciatis nostrum laboriosam quas laborum.', 'Sit magni quaerat quibusdam enim. Provident quo architecto eum iusto. Tenetur doloribus aut omnis dolor.', 'Denmark');
INSERT INTO `film_info` (`film_id`, `film_cat_id`, `description`, `staff`, `country`) VALUES (74, 7, 'Nihil nihil ut est rem. Et nostrum saepe non et ex laboriosam ullam. Atque consequatur aliquam similique qui.', 'Aperiam aliquam minima soluta vero beatae. Dolor amet quod dolores aut officiis et. Et et dolorum dicta dolor. Nostrum sint laudantium optio sint.', 'Gambia');
INSERT INTO `film_info` (`film_id`, `film_cat_id`, `description`, `staff`, `country`) VALUES (75, 1, 'Qui deserunt molestias dicta praesentium quidem. Sint alias sapiente incidunt aliquam illum quo est est. Perferendis tenetur omnis et omnis fuga qui.', 'Magni quo dolor molestias. Dolore ullam ullam non sapiente autem qui. Tenetur soluta atque fugiat laborum repudiandae sed. Autem laudantium animi ut sed.', 'Malaysia');
INSERT INTO `film_info` (`film_id`, `film_cat_id`, `description`, `staff`, `country`) VALUES (76, 7, 'Dolores animi eius amet adipisci eum aperiam. Facilis alias et et aut saepe voluptatem sed natus. Natus delectus officia qui facere rerum dolores. Nulla est minima ratione.', 'Odit labore qui rerum error. Nostrum et placeat ducimus sunt ipsum ut. Autem iste quis corrupti eaque cumque labore fugit.', 'Algeria');
INSERT INTO `film_info` (`film_id`, `film_cat_id`, `description`, `staff`, `country`) VALUES (77, 1, 'Officiis in est sequi quos possimus atque. Ullam numquam tempore voluptatum autem qui. Id omnis ex eos omnis ut esse.', 'Sit minus non et culpa aut quis nam. Dolor eum harum blanditiis rerum saepe. Beatae quod sint quo unde atque sequi.', 'Christmas Island');
INSERT INTO `film_info` (`film_id`, `film_cat_id`, `description`, `staff`, `country`) VALUES (78, 5, 'Optio aliquam illum voluptas fugit maiores a. Nobis deserunt a ad totam consequatur officia. Magni ea sunt minima aut dolores.', 'Earum qui nihil cum odit in quaerat et. Ex iste mollitia exercitationem fuga tempore in rerum vel. Odit sequi repellat deleniti.', 'Armenia');
INSERT INTO `film_info` (`film_id`, `film_cat_id`, `description`, `staff`, `country`) VALUES (79, 8, 'Aut nostrum voluptatem quae tempora reprehenderit qui deleniti. Dicta et labore optio sit et.', 'Vel eos et in totam officiis aut. Veritatis consequuntur dolores blanditiis tenetur vero. Quis explicabo aut corrupti esse laborum tenetur facere.', 'Reunion');
INSERT INTO `film_info` (`film_id`, `film_cat_id`, `description`, `staff`, `country`) VALUES (80, 4, 'Laudantium nulla tenetur laboriosam asperiores totam fugiat aut. Porro nisi sunt aut omnis omnis voluptas consequatur. Aut voluptate nobis quos et nemo ut qui. Deserunt sed qui nemo ea.', 'Delectus nihil ut sint sit eum at ducimus. Eius qui aut praesentium voluptatem iste. Provident consequatur eum autem ipsam aut recusandae at in. Ab quaerat sint earum tempore asperiores repellat harum.', 'Costa Rica');
INSERT INTO `film_info` (`film_id`, `film_cat_id`, `description`, `staff`, `country`) VALUES (81, 6, 'Tenetur voluptas sunt dolore magni ipsam enim autem fugit. Similique reiciendis molestiae ea veritatis est nisi accusamus. Veniam officia dolor illo ea. Quos incidunt et quia consequatur reiciendis inventore.', 'Sed sit officiis aut quasi maxime libero. Quo sint reprehenderit numquam eligendi assumenda inventore. In doloremque maxime ea similique itaque. Quos alias ut et ea quia atque aut.', 'Poland');
INSERT INTO `film_info` (`film_id`, `film_cat_id`, `description`, `staff`, `country`) VALUES (82, 8, 'Dolorem excepturi sint ipsum natus quis consectetur. Est placeat reprehenderit ratione molestiae ullam ab nihil. Sequi dolor ut quo non possimus. Dolor aliquid iste sunt.', 'Non cupiditate illum ut corporis rerum. Alias repellat quidem ipsa voluptatem recusandae totam dolorem. Voluptate pariatur id alias. Beatae id fugit eius iure. Non assumenda nam commodi facere eaque sit.', 'New Zealand');
INSERT INTO `film_info` (`film_id`, `film_cat_id`, `description`, `staff`, `country`) VALUES (83, 9, 'A labore voluptas corporis quis vel. Quia et id sequi veniam amet qui maiores. Voluptatem fugit delectus magni eligendi in cumque maxime minus.', 'Rerum qui laboriosam non consequatur optio. Magni molestiae cupiditate suscipit voluptatum quasi. Ipsa possimus dolor illo amet.', 'Saint Vincent and the Grenadines');
INSERT INTO `film_info` (`film_id`, `film_cat_id`, `description`, `staff`, `country`) VALUES (84, 1, 'Doloremque perferendis suscipit velit ipsum. Provident sapiente modi omnis ratione occaecati adipisci odio. Praesentium consectetur dignissimos iure sit laudantium nihil. Officia exercitationem cupiditate sequi consequatur magnam modi.', 'Tenetur voluptatem ea libero quisquam et corrupti. Ut natus eos placeat sint voluptas culpa optio. Exercitationem eligendi veniam eos rerum. Officiis sed reiciendis eveniet adipisci natus ducimus. Quasi delectus quibusdam adipisci ab odio amet est.', 'Tokelau');
INSERT INTO `film_info` (`film_id`, `film_cat_id`, `description`, `staff`, `country`) VALUES (85, 2, 'Et sed rerum adipisci voluptatibus. Sapiente autem impedit impedit et eum harum accusamus. Commodi temporibus asperiores distinctio dolorem delectus illo eligendi nemo. Nam laborum rerum enim quibusdam vero labore ut.', 'Deleniti officia quod repellat quia. Quia qui cupiditate unde maiores veniam cumque alias quas. Rerum dolores nesciunt aut non deleniti.', 'Canada');
INSERT INTO `film_info` (`film_id`, `film_cat_id`, `description`, `staff`, `country`) VALUES (86, 3, 'In perferendis non enim explicabo et enim. Aut facilis et voluptas et quis quam consectetur. Incidunt atque incidunt architecto quos architecto.', 'Distinctio quo ipsa dignissimos accusantium modi quod fuga. Dolor at ab repellendus vero. Recusandae est voluptas alias nam magnam dolore.', 'Heard Island and McDonald Islands');
INSERT INTO `film_info` (`film_id`, `film_cat_id`, `description`, `staff`, `country`) VALUES (87, 2, 'Tempora consequatur nihil explicabo labore. Laboriosam voluptate inventore mollitia esse. Non sit porro eligendi modi molestiae. Molestiae accusamus dolor fugit voluptatum occaecati ex est aut.', 'Saepe eum ipsam dolores non reprehenderit esse. Earum quae molestias consequuntur dignissimos. Natus delectus quasi temporibus ut. Eius odio eos laudantium autem.', 'Cote d\'Ivoire');
INSERT INTO `film_info` (`film_id`, `film_cat_id`, `description`, `staff`, `country`) VALUES (88, 4, 'Unde et possimus eos nam illum ex. Aut magnam aut nam ipsum laboriosam. Provident adipisci sit iusto voluptate minima optio.', 'Quasi expedita cum a doloribus optio aperiam repellendus. Autem cumque officia ut rerum tempore id vel. Assumenda ab distinctio consequatur inventore id saepe.', 'Bangladesh');
INSERT INTO `film_info` (`film_id`, `film_cat_id`, `description`, `staff`, `country`) VALUES (89, 1, 'Autem iure ut reprehenderit laborum. Fuga explicabo odio autem quos harum voluptatem. Eum aliquam animi quas commodi.', 'Asperiores sint aliquid totam vitae qui. Non quam quis corrupti molestiae fuga amet.', 'Uruguay');
INSERT INTO `film_info` (`film_id`, `film_cat_id`, `description`, `staff`, `country`) VALUES (90, 10, 'Voluptates beatae nostrum qui eveniet reprehenderit voluptas vel. Vitae quod vel amet quia quibusdam quo minus. Blanditiis odit temporibus eius.', 'Dolores rerum adipisci ea maxime. Cupiditate officia maxime ea incidunt. Saepe id cumque perspiciatis sint. Sunt dolores dolorum libero unde ab.', 'Bangladesh');
INSERT INTO `film_info` (`film_id`, `film_cat_id`, `description`, `staff`, `country`) VALUES (91, 3, 'Quia aut aut vitae blanditiis. Eveniet repudiandae est et.', 'Cupiditate recusandae cumque quas est ex. Aut sapiente facilis molestiae aut quas. Aut natus aut aliquid nisi quis quo. Quis necessitatibus autem voluptatem saepe. Ab consequatur et aspernatur officiis et.', 'Vanuatu');
INSERT INTO `film_info` (`film_id`, `film_cat_id`, `description`, `staff`, `country`) VALUES (92, 6, 'Enim est architecto quae optio magnam repudiandae perferendis. Eos itaque aut quis autem hic perspiciatis. Nulla magni reiciendis sequi quia minima. Voluptatem alias optio aut. Dolorem magni soluta et voluptatem et a.', 'Porro aut dolorem molestiae sapiente eligendi enim iusto sint. Quas qui enim velit incidunt vitae. Officia qui debitis hic dolorem laudantium voluptatem quo.', 'Kazakhstan');
INSERT INTO `film_info` (`film_id`, `film_cat_id`, `description`, `staff`, `country`) VALUES (93, 1, 'Corporis quos iste vitae voluptatem odit tempore libero ipsum. Quasi accusamus provident doloremque cupiditate nisi autem id.', 'Est nisi voluptate ipsa quia. Aspernatur odio magnam consequatur adipisci minus molestias. Maxime cupiditate nemo aliquid. Laboriosam commodi reprehenderit totam eius voluptates. Quas et aut et nisi tempore libero blanditiis.', 'Benin');
INSERT INTO `film_info` (`film_id`, `film_cat_id`, `description`, `staff`, `country`) VALUES (94, 8, 'Eveniet quae similique dolores dignissimos rerum sapiente eveniet voluptatem. Nisi explicabo dignissimos aut a. Vel facilis eos rerum.', 'Numquam perspiciatis quia rem qui in minima. Alias illum tenetur dolores quo iure. Molestiae dolore similique ea occaecati.', 'Wallis and Futuna');
INSERT INTO `film_info` (`film_id`, `film_cat_id`, `description`, `staff`, `country`) VALUES (95, 9, 'Qui veniam odit exercitationem et voluptas nesciunt. Ea consequatur tempore vel suscipit dignissimos. Exercitationem voluptatem sequi minima sunt inventore praesentium natus asperiores.', 'Quia qui ipsam qui dolore dolorum a dolorum. Quia quia veniam vitae assumenda natus optio voluptate delectus. Sit atque nesciunt est dolore. Harum iusto et sequi quis qui qui.', 'Western Sahara');
INSERT INTO `film_info` (`film_id`, `film_cat_id`, `description`, `staff`, `country`) VALUES (96, 5, 'Consequuntur aliquam neque consequatur consequatur dolores. Eveniet quibusdam quam ratione. Perspiciatis maiores rerum incidunt blanditiis.', 'Saepe repudiandae occaecati eos assumenda magni deserunt impedit. Dicta minus rem modi nemo.', 'Saint Vincent and the Grenadines');
INSERT INTO `film_info` (`film_id`, `film_cat_id`, `description`, `staff`, `country`) VALUES (97, 2, 'Illum quis eum hic quia magnam ducimus ea. Est voluptas eligendi neque dicta ratione architecto. Earum alias dignissimos eius corrupti voluptas. Officia in ad atque aliquid maiores ea placeat.', 'Velit dicta velit quisquam omnis et inventore. Aut rerum tempore quo quod aperiam totam cum. Alias autem voluptas temporibus et optio nisi possimus et. Qui velit debitis et alias voluptas.', 'Western Sahara');
INSERT INTO `film_info` (`film_id`, `film_cat_id`, `description`, `staff`, `country`) VALUES (98, 6, 'Ea laudantium atque veniam saepe. Ipsum totam voluptatem placeat veniam cupiditate. Repudiandae dicta dolorem et rerum vel quaerat est.', 'Voluptatem ut ut ea animi tempore sunt odit. Cum autem dolorem et voluptatem velit. Minima suscipit similique ut quam pariatur quaerat. Distinctio porro excepturi ut qui.', 'United States of America');
INSERT INTO `film_info` (`film_id`, `film_cat_id`, `description`, `staff`, `country`) VALUES (99, 2, 'Nam illum vitae id eius. Ducimus ut ea odit officia quidem. Praesentium ea aliquid molestiae et.', 'Veritatis est quisquam error mollitia sit magni est voluptatem. Occaecati maxime consequatur molestiae non. Ullam et facere amet. Illum rerum et omnis repellendus explicabo fuga. Soluta consectetur ipsa assumenda a dolorem doloremque sunt repellat.', 'Brunei Darussalam');
INSERT INTO `film_info` (`film_id`, `film_cat_id`, `description`, `staff`, `country`) VALUES (100, 10, 'Temporibus molestias eum nesciunt sunt repudiandae. Dicta corporis non dolor ex nobis ut et. Dolorum iusto tempore ea unde a repudiandae. Voluptatem eligendi expedita quaerat fuga sunt. Libero et blanditiis est cumque.', 'Repudiandae enim cumque ipsa minima. Nisi vitae magnam ipsa sed. Numquam alias ut aut eum delectus sit nemo non.', 'Syrian Arab Republic');


#
# TABLE STRUCTURE FOR: films
#

DROP TABLE IF EXISTS `films`;

CREATE TABLE `films` (
  `id` int(10) unsigned NOT NULL AUTO_INCREMENT,
  `title` varchar(120) COLLATE utf8_unicode_ci NOT NULL,
  `release_date` timestamp NOT NULL DEFAULT current_timestamp() ON UPDATE current_timestamp(),
  `created_at` timestamp NOT NULL DEFAULT current_timestamp(),
  `updated_at` timestamp NOT NULL DEFAULT current_timestamp() ON UPDATE current_timestamp(),
  PRIMARY KEY (`id`)
) ENGINE=InnoDB AUTO_INCREMENT=101 DEFAULT CHARSET=utf8 COLLATE=utf8_unicode_ci;

INSERT INTO `films` (`id`, `title`, `release_date`, `created_at`, `updated_at`) VALUES (1, 'Atque qui qui consequatur repellat ex.', '1988-06-02 22:51:01', '2006-06-06 23:48:21', '1984-02-21 02:51:19');
INSERT INTO `films` (`id`, `title`, `release_date`, `created_at`, `updated_at`) VALUES (2, 'Ipsam voluptates ex ad asperiores.', '2006-04-16 00:01:19', '1990-06-14 04:31:24', '2007-03-24 16:03:14');
INSERT INTO `films` (`id`, `title`, `release_date`, `created_at`, `updated_at`) VALUES (3, 'Aut porro est iure aliquid harum quasi expedita.', '1983-12-20 10:40:58', '2000-09-26 16:54:07', '2012-09-05 07:34:02');
INSERT INTO `films` (`id`, `title`, `release_date`, `created_at`, `updated_at`) VALUES (4, 'Voluptatem magni dolor in.', '1979-11-28 09:13:17', '2008-08-31 13:57:19', '1995-04-15 01:53:39');
INSERT INTO `films` (`id`, `title`, `release_date`, `created_at`, `updated_at`) VALUES (5, 'Sint qui et quia nesciunt earum dolorum.', '1976-12-11 18:10:39', '1988-09-05 18:14:30', '2019-12-20 09:24:24');
INSERT INTO `films` (`id`, `title`, `release_date`, `created_at`, `updated_at`) VALUES (6, 'Sit eaque aut aliquid omnis quos.', '1970-11-06 13:36:59', '2016-10-16 01:57:08', '2001-03-14 18:47:42');
INSERT INTO `films` (`id`, `title`, `release_date`, `created_at`, `updated_at`) VALUES (7, 'Consequatur sit assumenda excepturi perspiciatis nobis enim necessitatibus quod.', '1986-01-03 21:06:54', '1984-05-19 04:28:48', '1970-11-24 00:01:57');
INSERT INTO `films` (`id`, `title`, `release_date`, `created_at`, `updated_at`) VALUES (8, 'Maiores tempora saepe distinctio et odio ut voluptatum.', '2011-03-19 19:58:50', '1988-09-10 11:59:41', '2009-04-15 05:08:25');
INSERT INTO `films` (`id`, `title`, `release_date`, `created_at`, `updated_at`) VALUES (9, 'Aut soluta aut ad voluptas.', '2013-09-30 23:59:59', '1978-04-28 18:35:53', '1984-01-01 10:34:50');
INSERT INTO `films` (`id`, `title`, `release_date`, `created_at`, `updated_at`) VALUES (10, 'Aut doloribus sunt nulla sunt dicta.', '1974-12-26 03:34:30', '1972-02-03 12:17:39', '1995-06-29 02:02:52');
INSERT INTO `films` (`id`, `title`, `release_date`, `created_at`, `updated_at`) VALUES (11, 'Aspernatur voluptatem voluptas sunt fugit iure rerum.', '1991-05-15 18:16:53', '1998-07-01 21:03:22', '1976-02-04 10:52:20');
INSERT INTO `films` (`id`, `title`, `release_date`, `created_at`, `updated_at`) VALUES (12, 'Quaerat fuga ipsa quis quae natus qui sint nesciunt.', '2005-11-30 15:39:22', '1999-04-13 14:53:58', '2017-03-20 03:26:03');
INSERT INTO `films` (`id`, `title`, `release_date`, `created_at`, `updated_at`) VALUES (13, 'Asperiores temporibus pariatur quam sunt fugiat sint laborum.', '1979-01-31 14:21:14', '1998-06-06 14:42:50', '2006-04-13 08:07:40');
INSERT INTO `films` (`id`, `title`, `release_date`, `created_at`, `updated_at`) VALUES (14, 'Aspernatur dignissimos placeat molestias fugit rerum.', '2014-07-12 16:57:54', '1995-11-13 07:51:17', '2018-04-14 20:55:38');
INSERT INTO `films` (`id`, `title`, `release_date`, `created_at`, `updated_at`) VALUES (15, 'Voluptatem qui a consequatur at ex.', '1997-12-18 22:20:44', '2012-09-11 22:14:09', '1989-04-09 20:21:41');
INSERT INTO `films` (`id`, `title`, `release_date`, `created_at`, `updated_at`) VALUES (16, 'Voluptatum eum sapiente provident qui consequatur officiis dolor neque.', '2008-01-27 01:13:35', '2016-08-11 17:10:47', '2000-04-13 00:32:41');
INSERT INTO `films` (`id`, `title`, `release_date`, `created_at`, `updated_at`) VALUES (17, 'Nam maxime vitae odit error.', '1992-01-31 21:27:34', '1983-06-27 01:42:49', '1990-07-16 10:56:40');
INSERT INTO `films` (`id`, `title`, `release_date`, `created_at`, `updated_at`) VALUES (18, 'Sequi ut corrupti itaque excepturi.', '2012-07-28 15:09:33', '2014-05-03 13:04:34', '1986-01-03 15:13:39');
INSERT INTO `films` (`id`, `title`, `release_date`, `created_at`, `updated_at`) VALUES (19, 'Totam dignissimos voluptatibus molestiae odio blanditiis iusto veritatis.', '2004-01-31 18:23:25', '1974-11-25 15:19:52', '2003-09-29 07:16:37');
INSERT INTO `films` (`id`, `title`, `release_date`, `created_at`, `updated_at`) VALUES (20, 'Nulla asperiores error quia nihil.', '1986-12-11 17:10:22', '2010-05-20 22:04:26', '1974-11-01 08:23:46');
INSERT INTO `films` (`id`, `title`, `release_date`, `created_at`, `updated_at`) VALUES (21, 'Et corporis magnam et voluptate aut quaerat.', '1979-08-10 05:15:30', '2015-02-06 03:34:18', '1986-11-05 00:42:48');
INSERT INTO `films` (`id`, `title`, `release_date`, `created_at`, `updated_at`) VALUES (22, 'Esse et cumque atque harum.', '1986-11-27 05:39:39', '2015-09-07 22:23:47', '1992-07-03 15:25:36');
INSERT INTO `films` (`id`, `title`, `release_date`, `created_at`, `updated_at`) VALUES (23, 'Quidem rerum ut sint voluptatem dolore.', '1971-03-27 09:57:29', '1983-11-20 06:12:40', '2010-06-20 12:34:06');
INSERT INTO `films` (`id`, `title`, `release_date`, `created_at`, `updated_at`) VALUES (24, 'Impedit suscipit qui est impedit temporibus esse.', '2004-05-23 02:58:47', '1972-06-28 11:28:54', '2009-03-29 09:03:21');
INSERT INTO `films` (`id`, `title`, `release_date`, `created_at`, `updated_at`) VALUES (25, 'Modi quaerat autem explicabo quam et cupiditate molestias ut.', '1992-12-28 03:29:10', '2017-12-31 17:49:46', '2001-10-24 14:30:42');
INSERT INTO `films` (`id`, `title`, `release_date`, `created_at`, `updated_at`) VALUES (26, 'Saepe qui delectus aspernatur vel earum et.', '2002-07-09 13:49:04', '2009-05-01 05:53:23', '2012-03-07 04:44:59');
INSERT INTO `films` (`id`, `title`, `release_date`, `created_at`, `updated_at`) VALUES (27, 'Eum autem aliquid tempora et consequuntur consequatur.', '2015-05-14 01:11:59', '2013-04-06 19:36:28', '2017-06-08 16:21:46');
INSERT INTO `films` (`id`, `title`, `release_date`, `created_at`, `updated_at`) VALUES (28, 'Tempora eveniet distinctio consequatur ipsa.', '2015-04-11 16:42:38', '1981-08-17 11:18:25', '1986-02-23 02:56:34');
INSERT INTO `films` (`id`, `title`, `release_date`, `created_at`, `updated_at`) VALUES (29, 'Quis reprehenderit nobis molestias non delectus ut odit ut.', '1991-11-22 01:57:39', '2008-02-15 11:51:59', '1991-12-24 06:27:06');
INSERT INTO `films` (`id`, `title`, `release_date`, `created_at`, `updated_at`) VALUES (30, 'Odio eveniet consectetur adipisci nesciunt est.', '1993-12-16 15:41:23', '1999-10-12 17:49:16', '1987-01-22 19:21:20');
INSERT INTO `films` (`id`, `title`, `release_date`, `created_at`, `updated_at`) VALUES (31, 'Et iusto voluptate alias tenetur nobis cupiditate ab et.', '2018-09-27 12:13:28', '2002-01-14 00:48:25', '1999-03-06 23:51:24');
INSERT INTO `films` (`id`, `title`, `release_date`, `created_at`, `updated_at`) VALUES (32, 'Nulla voluptate officiis consequuntur voluptatem.', '1971-11-10 03:12:25', '1999-07-26 17:54:42', '1980-07-16 21:20:53');
INSERT INTO `films` (`id`, `title`, `release_date`, `created_at`, `updated_at`) VALUES (33, 'Aut ipsa omnis id consequatur doloremque.', '1981-05-18 05:51:10', '1974-12-01 21:08:24', '1976-01-02 11:37:33');
INSERT INTO `films` (`id`, `title`, `release_date`, `created_at`, `updated_at`) VALUES (34, 'Odit minus illum quo ut quam repellat voluptas atque.', '2011-05-22 20:46:22', '1970-09-05 15:29:01', '2002-08-24 12:06:40');
INSERT INTO `films` (`id`, `title`, `release_date`, `created_at`, `updated_at`) VALUES (35, 'Modi cupiditate quam officiis voluptatem distinctio et iusto.', '1990-06-12 22:50:09', '1999-04-19 14:17:30', '2008-11-21 09:49:31');
INSERT INTO `films` (`id`, `title`, `release_date`, `created_at`, `updated_at`) VALUES (36, 'Quod odit ex non quia.', '1993-07-21 05:21:14', '1983-12-18 01:12:40', '1982-12-24 21:08:33');
INSERT INTO `films` (`id`, `title`, `release_date`, `created_at`, `updated_at`) VALUES (37, 'Voluptatem voluptas voluptatum error magnam illo.', '1992-06-13 23:55:49', '2011-12-09 11:12:39', '1982-09-28 01:13:04');
INSERT INTO `films` (`id`, `title`, `release_date`, `created_at`, `updated_at`) VALUES (38, 'Voluptas dolores sequi esse sed distinctio.', '1991-05-23 17:27:52', '1975-06-15 10:12:42', '2014-09-03 12:20:56');
INSERT INTO `films` (`id`, `title`, `release_date`, `created_at`, `updated_at`) VALUES (39, 'Culpa omnis et voluptatibus eos quibusdam itaque ex.', '1983-06-27 09:31:29', '2010-06-24 20:54:06', '1973-10-06 12:30:12');
INSERT INTO `films` (`id`, `title`, `release_date`, `created_at`, `updated_at`) VALUES (40, 'Voluptatem in pariatur libero aspernatur.', '1997-02-25 17:44:22', '1990-02-07 21:36:06', '1990-08-14 00:53:23');
INSERT INTO `films` (`id`, `title`, `release_date`, `created_at`, `updated_at`) VALUES (41, 'Quis iure nemo laudantium velit.', '1986-05-20 03:58:17', '1970-01-03 02:59:02', '1973-12-17 16:15:05');
INSERT INTO `films` (`id`, `title`, `release_date`, `created_at`, `updated_at`) VALUES (42, 'Quam facilis qui soluta aspernatur quis.', '2003-06-09 00:18:47', '1996-02-22 21:21:39', '1995-09-11 08:12:52');
INSERT INTO `films` (`id`, `title`, `release_date`, `created_at`, `updated_at`) VALUES (43, 'Eos consequatur eveniet velit.', '1972-07-18 06:20:18', '1992-05-03 22:03:55', '1991-03-25 10:39:41');
INSERT INTO `films` (`id`, `title`, `release_date`, `created_at`, `updated_at`) VALUES (44, 'Quis aut ut magni quia non quis.', '2000-05-28 21:43:55', '1980-08-28 20:26:02', '1979-03-05 21:12:21');
INSERT INTO `films` (`id`, `title`, `release_date`, `created_at`, `updated_at`) VALUES (45, 'Dicta vitae in laboriosam et provident.', '2008-08-02 19:31:10', '1989-01-30 03:30:53', '2015-12-28 19:55:46');
INSERT INTO `films` (`id`, `title`, `release_date`, `created_at`, `updated_at`) VALUES (46, 'Molestiae quis voluptatem consequuntur.', '1986-05-31 11:05:34', '1986-10-21 00:44:36', '2007-03-18 11:17:13');
INSERT INTO `films` (`id`, `title`, `release_date`, `created_at`, `updated_at`) VALUES (47, 'Ullam ut omnis sit distinctio tempora voluptate.', '2007-03-15 03:06:27', '1990-04-17 02:20:39', '2007-05-20 14:00:59');
INSERT INTO `films` (`id`, `title`, `release_date`, `created_at`, `updated_at`) VALUES (48, 'Suscipit voluptatem eaque quibusdam id architecto temporibus.', '2006-12-05 10:42:54', '1983-09-22 00:50:55', '2014-07-31 09:44:01');
INSERT INTO `films` (`id`, `title`, `release_date`, `created_at`, `updated_at`) VALUES (49, 'Inventore magni iusto deleniti itaque nam.', '2016-07-28 00:39:04', '1980-05-07 22:42:24', '1979-04-15 20:16:47');
INSERT INTO `films` (`id`, `title`, `release_date`, `created_at`, `updated_at`) VALUES (50, 'Sint ut magni praesentium modi tenetur laudantium.', '1998-09-01 21:14:43', '1975-12-21 11:51:40', '1982-07-11 11:02:59');
INSERT INTO `films` (`id`, `title`, `release_date`, `created_at`, `updated_at`) VALUES (51, 'Aliquid voluptatibus est id architecto et eum.', '2014-01-04 12:43:09', '1981-05-23 17:46:53', '1970-08-01 00:12:11');
INSERT INTO `films` (`id`, `title`, `release_date`, `created_at`, `updated_at`) VALUES (52, 'Quod ut aliquam sunt rerum illum.', '1977-09-11 08:27:37', '1973-10-17 00:52:43', '1978-01-06 11:15:29');
INSERT INTO `films` (`id`, `title`, `release_date`, `created_at`, `updated_at`) VALUES (53, 'Architecto aliquam sunt tempore tempora.', '2014-12-02 02:01:04', '2016-03-08 18:27:33', '1996-03-30 21:50:30');
INSERT INTO `films` (`id`, `title`, `release_date`, `created_at`, `updated_at`) VALUES (54, 'Reiciendis illo reprehenderit consequuntur et.', '2018-03-24 18:56:14', '1979-05-18 05:01:35', '1988-03-24 00:19:21');
INSERT INTO `films` (`id`, `title`, `release_date`, `created_at`, `updated_at`) VALUES (55, 'Dolore rerum qui facere.', '2019-06-30 03:55:06', '1992-05-24 06:39:40', '2016-11-15 15:22:14');
INSERT INTO `films` (`id`, `title`, `release_date`, `created_at`, `updated_at`) VALUES (56, 'Doloremque temporibus quia in esse quia voluptas et nulla.', '1973-03-24 23:25:33', '1986-06-02 04:18:01', '1996-04-05 21:47:48');
INSERT INTO `films` (`id`, `title`, `release_date`, `created_at`, `updated_at`) VALUES (57, 'Alias neque sint pariatur officiis ut.', '1993-01-12 00:58:23', '2018-07-05 09:46:33', '1976-10-02 13:54:56');
INSERT INTO `films` (`id`, `title`, `release_date`, `created_at`, `updated_at`) VALUES (58, 'Expedita officia rerum pariatur velit molestiae dolore.', '2018-09-29 17:52:28', '1991-01-18 17:31:46', '1975-06-17 22:16:43');
INSERT INTO `films` (`id`, `title`, `release_date`, `created_at`, `updated_at`) VALUES (59, 'Autem blanditiis et non fugiat voluptas tempora.', '1970-01-26 23:58:42', '2012-06-20 12:29:28', '2014-04-04 04:23:41');
INSERT INTO `films` (`id`, `title`, `release_date`, `created_at`, `updated_at`) VALUES (60, 'Ullam qui est beatae officia dolore similique.', '1994-04-01 20:48:57', '1991-05-25 18:35:56', '2013-12-30 11:18:27');
INSERT INTO `films` (`id`, `title`, `release_date`, `created_at`, `updated_at`) VALUES (61, 'Dolorem molestias illum in dicta quaerat quidem.', '1993-10-01 20:29:34', '1971-05-13 22:17:21', '2017-11-26 04:47:12');
INSERT INTO `films` (`id`, `title`, `release_date`, `created_at`, `updated_at`) VALUES (62, 'Necessitatibus omnis fugiat reiciendis accusamus beatae nihil.', '2001-11-20 05:09:30', '1983-01-07 01:10:42', '1979-01-06 08:41:13');
INSERT INTO `films` (`id`, `title`, `release_date`, `created_at`, `updated_at`) VALUES (63, 'Vitae quasi sit exercitationem quae.', '2003-12-24 13:43:24', '1975-06-30 03:37:32', '2019-03-01 23:15:01');
INSERT INTO `films` (`id`, `title`, `release_date`, `created_at`, `updated_at`) VALUES (64, 'Illum sunt temporibus ullam dignissimos qui iure consequatur.', '1995-05-24 14:51:22', '2013-02-01 05:29:46', '1976-12-13 03:00:14');
INSERT INTO `films` (`id`, `title`, `release_date`, `created_at`, `updated_at`) VALUES (65, 'Sit quia deleniti est voluptas.', '1977-11-25 06:57:51', '2006-09-10 05:12:08', '1982-12-19 02:25:45');
INSERT INTO `films` (`id`, `title`, `release_date`, `created_at`, `updated_at`) VALUES (66, 'Voluptates est ut laudantium ut est a velit.', '2019-11-05 15:59:22', '1980-07-05 16:49:22', '1978-12-07 04:23:29');
INSERT INTO `films` (`id`, `title`, `release_date`, `created_at`, `updated_at`) VALUES (67, 'Omnis voluptatum esse possimus et cupiditate quisquam.', '1992-10-18 22:56:53', '2012-11-17 04:30:40', '2003-07-14 08:10:06');
INSERT INTO `films` (`id`, `title`, `release_date`, `created_at`, `updated_at`) VALUES (68, 'Dolor quo molestiae fugiat.', '2013-07-16 16:53:10', '1970-03-02 02:28:21', '1994-03-19 18:21:49');
INSERT INTO `films` (`id`, `title`, `release_date`, `created_at`, `updated_at`) VALUES (69, 'Dolorem quis ipsum nihil accusantium rerum quo sit sed.', '1992-01-28 03:01:32', '1978-08-14 22:48:15', '1996-11-14 15:31:44');
INSERT INTO `films` (`id`, `title`, `release_date`, `created_at`, `updated_at`) VALUES (70, 'Quia non molestias necessitatibus modi.', '1991-06-28 12:34:34', '1984-05-10 09:31:31', '2014-03-18 20:18:52');
INSERT INTO `films` (`id`, `title`, `release_date`, `created_at`, `updated_at`) VALUES (71, 'Temporibus quod impedit quisquam autem.', '1995-08-28 22:19:18', '2010-01-02 16:37:44', '1971-11-27 07:52:02');
INSERT INTO `films` (`id`, `title`, `release_date`, `created_at`, `updated_at`) VALUES (72, 'Aut ea ducimus aliquam fugit.', '1992-05-25 10:23:31', '1975-10-14 04:21:35', '1973-10-20 13:11:24');
INSERT INTO `films` (`id`, `title`, `release_date`, `created_at`, `updated_at`) VALUES (73, 'Quidem exercitationem dignissimos tenetur incidunt consequatur amet.', '1990-07-20 14:59:03', '2017-09-27 17:13:14', '1975-06-10 02:18:14');
INSERT INTO `films` (`id`, `title`, `release_date`, `created_at`, `updated_at`) VALUES (74, 'Non illum eum delectus reiciendis.', '1988-02-10 22:14:19', '2000-04-18 02:16:59', '2004-08-15 20:30:56');
INSERT INTO `films` (`id`, `title`, `release_date`, `created_at`, `updated_at`) VALUES (75, 'Quia expedita nulla quasi nobis magnam.', '1981-12-16 00:22:47', '1995-06-02 21:45:28', '1988-11-29 07:51:10');
INSERT INTO `films` (`id`, `title`, `release_date`, `created_at`, `updated_at`) VALUES (76, 'Saepe explicabo quis et perferendis.', '1975-12-23 17:15:22', '1989-07-14 19:58:13', '1998-01-02 08:41:18');
INSERT INTO `films` (`id`, `title`, `release_date`, `created_at`, `updated_at`) VALUES (77, 'Iste aperiam vitae excepturi ut cumque.', '1977-01-09 00:24:09', '2008-07-02 21:14:41', '2005-03-13 18:17:11');
INSERT INTO `films` (`id`, `title`, `release_date`, `created_at`, `updated_at`) VALUES (78, 'Possimus doloremque tempora aut itaque delectus consequatur.', '1996-12-11 06:28:48', '1995-01-28 07:13:58', '2005-03-04 20:52:46');
INSERT INTO `films` (`id`, `title`, `release_date`, `created_at`, `updated_at`) VALUES (79, 'Maxime minus saepe ipsa quos qui mollitia.', '2009-12-04 06:42:15', '2010-08-11 02:01:32', '1972-01-05 07:23:19');
INSERT INTO `films` (`id`, `title`, `release_date`, `created_at`, `updated_at`) VALUES (80, 'Qui repellendus eos rerum dolore.', '1983-05-09 00:49:49', '1977-12-04 11:43:16', '2009-02-22 17:25:28');
INSERT INTO `films` (`id`, `title`, `release_date`, `created_at`, `updated_at`) VALUES (81, 'Architecto deserunt sapiente vel magni.', '1985-02-16 21:19:23', '1982-05-03 17:27:58', '1999-07-23 06:53:04');
INSERT INTO `films` (`id`, `title`, `release_date`, `created_at`, `updated_at`) VALUES (82, 'Ab eligendi quo temporibus quos qui officiis.', '2010-12-07 06:46:42', '2018-09-15 14:54:47', '2005-08-20 18:23:14');
INSERT INTO `films` (`id`, `title`, `release_date`, `created_at`, `updated_at`) VALUES (83, 'Est quasi eaque facere quis repudiandae dolorum.', '2012-09-05 12:32:34', '2012-06-22 02:33:32', '2001-04-26 02:02:50');
INSERT INTO `films` (`id`, `title`, `release_date`, `created_at`, `updated_at`) VALUES (84, 'Molestias eos minus et eligendi.', '1993-04-26 21:48:26', '1981-07-16 15:12:32', '2000-05-21 16:14:47');
INSERT INTO `films` (`id`, `title`, `release_date`, `created_at`, `updated_at`) VALUES (85, 'Molestiae est ea modi mollitia omnis.', '2005-11-27 09:41:50', '1992-05-13 09:57:25', '1982-02-19 06:16:50');
INSERT INTO `films` (`id`, `title`, `release_date`, `created_at`, `updated_at`) VALUES (86, 'Veritatis expedita eum unde quae necessitatibus et numquam vel.', '2016-09-24 04:30:02', '2004-06-16 19:01:03', '2009-04-07 00:10:03');
INSERT INTO `films` (`id`, `title`, `release_date`, `created_at`, `updated_at`) VALUES (87, 'Consequuntur sapiente ipsa modi nihil ut.', '2008-12-01 14:37:31', '2015-05-19 19:41:44', '1994-11-17 22:44:30');
INSERT INTO `films` (`id`, `title`, `release_date`, `created_at`, `updated_at`) VALUES (88, 'Officia incidunt ut sit perspiciatis soluta porro nobis.', '1990-02-21 15:41:02', '1972-06-22 13:02:11', '2002-05-24 08:06:31');
INSERT INTO `films` (`id`, `title`, `release_date`, `created_at`, `updated_at`) VALUES (89, 'Ut quia asperiores nam atque laborum et debitis.', '2005-05-27 19:15:28', '1982-10-26 22:40:23', '1994-06-09 18:51:35');
INSERT INTO `films` (`id`, `title`, `release_date`, `created_at`, `updated_at`) VALUES (90, 'Quo non qui sunt tempora omnis cum eos ipsa.', '2005-10-26 11:36:19', '1974-12-27 18:51:43', '2018-03-07 15:21:31');
INSERT INTO `films` (`id`, `title`, `release_date`, `created_at`, `updated_at`) VALUES (91, 'Velit doloremque qui nemo quam.', '1978-04-09 16:38:05', '1984-04-12 14:56:51', '1980-06-18 13:47:55');
INSERT INTO `films` (`id`, `title`, `release_date`, `created_at`, `updated_at`) VALUES (92, 'Ducimus facere dignissimos tempora cupiditate aspernatur id repudiandae.', '2007-08-12 04:11:27', '1987-02-19 01:58:56', '2001-12-25 07:21:53');
INSERT INTO `films` (`id`, `title`, `release_date`, `created_at`, `updated_at`) VALUES (93, 'Facilis sunt dolore quia.', '2006-09-14 20:14:26', '2005-12-10 06:37:38', '1994-04-10 16:19:02');
INSERT INTO `films` (`id`, `title`, `release_date`, `created_at`, `updated_at`) VALUES (94, 'Ut ducimus totam eos qui expedita ratione error facere.', '2000-03-04 21:37:58', '1978-04-18 14:54:57', '1995-02-02 17:50:40');
INSERT INTO `films` (`id`, `title`, `release_date`, `created_at`, `updated_at`) VALUES (95, 'Possimus et ea fuga officiis aliquid ipsa natus esse.', '1981-09-15 09:21:17', '1992-11-30 21:36:49', '1977-09-20 11:59:42');
INSERT INTO `films` (`id`, `title`, `release_date`, `created_at`, `updated_at`) VALUES (96, 'Est iste qui id.', '1998-05-17 09:50:15', '1988-09-03 05:14:24', '1971-07-11 07:37:49');
INSERT INTO `films` (`id`, `title`, `release_date`, `created_at`, `updated_at`) VALUES (97, 'Facilis veniam in enim deleniti et.', '1995-01-06 15:24:11', '2008-11-07 07:41:01', '1979-04-08 19:14:41');
INSERT INTO `films` (`id`, `title`, `release_date`, `created_at`, `updated_at`) VALUES (98, 'Numquam suscipit at aut rerum saepe iusto dolor.', '2017-04-18 12:01:54', '1986-03-26 04:40:43', '1985-03-07 08:06:23');
INSERT INTO `films` (`id`, `title`, `release_date`, `created_at`, `updated_at`) VALUES (99, 'Quasi voluptates maiores suscipit fuga et.', '2008-02-19 12:58:12', '2001-08-30 11:03:54', '1995-07-19 00:07:54');
INSERT INTO `films` (`id`, `title`, `release_date`, `created_at`, `updated_at`) VALUES (100, 'Delectus asperiores sit sit rerum aperiam id.', '2016-10-28 10:42:00', '2005-05-10 08:51:50', '2018-03-19 12:34:29');


#
# TABLE STRUCTURE FOR: likes
#

DROP TABLE IF EXISTS `likes`;

CREATE TABLE `likes` (
  `id` int(10) unsigned NOT NULL AUTO_INCREMENT,
  `user_id` int(10) unsigned NOT NULL,
  `target_id` int(10) unsigned NOT NULL,
  `target_type_id` int(10) unsigned NOT NULL,
  `created_at` datetime DEFAULT current_timestamp(),
  PRIMARY KEY (`id`)
) ENGINE=InnoDB DEFAULT CHARSET=utf8 COLLATE=utf8_unicode_ci;

#
# TABLE STRUCTURE FOR: media
#

DROP TABLE IF EXISTS `media`;

CREATE TABLE `media` (
  `id` int(10) unsigned NOT NULL AUTO_INCREMENT,
  `media_type_id` int(10) unsigned NOT NULL,
  `film_id` int(10) unsigned NOT NULL,
  `filename` varchar(255) COLLATE utf8_unicode_ci NOT NULL,
  `size` int(11) NOT NULL,
  `metadata` longtext CHARACTER SET utf8mb4 COLLATE utf8mb4_bin DEFAULT NULL,
  `created_at` datetime DEFAULT current_timestamp(),
  `updated_at` datetime DEFAULT current_timestamp() ON UPDATE current_timestamp(),
  PRIMARY KEY (`id`)
) ENGINE=InnoDB AUTO_INCREMENT=201 DEFAULT CHARSET=utf8 COLLATE=utf8_unicode_ci;

INSERT INTO `media` (`id`, `media_type_id`, `film_id`, `filename`, `size`, `metadata`, `created_at`, `updated_at`) VALUES (1, 6, 19, 'repellendus', 5701449, NULL, '2003-02-16 20:19:11', '2002-11-03 01:02:04');
INSERT INTO `media` (`id`, `media_type_id`, `film_id`, `filename`, `size`, `metadata`, `created_at`, `updated_at`) VALUES (2, 4, 84, 'ut', 746, NULL, '2003-09-06 08:16:24', '1994-01-19 06:30:25');
INSERT INTO `media` (`id`, `media_type_id`, `film_id`, `filename`, `size`, `metadata`, `created_at`, `updated_at`) VALUES (3, 6, 86, 'saepe', 7014, NULL, '1970-07-27 20:42:26', '2003-05-06 18:19:08');
INSERT INTO `media` (`id`, `media_type_id`, `film_id`, `filename`, `size`, `metadata`, `created_at`, `updated_at`) VALUES (4, 5, 91, 'ducimus', 0, NULL, '1971-01-21 00:39:11', '1976-03-08 01:55:36');
INSERT INTO `media` (`id`, `media_type_id`, `film_id`, `filename`, `size`, `metadata`, `created_at`, `updated_at`) VALUES (5, 4, 19, 'ducimus', 690839103, NULL, '1997-12-20 07:22:56', '1985-02-14 09:36:34');
INSERT INTO `media` (`id`, `media_type_id`, `film_id`, `filename`, `size`, `metadata`, `created_at`, `updated_at`) VALUES (6, 6, 68, 'quia', 546, NULL, '1983-04-18 13:48:14', '1978-12-26 08:05:19');
INSERT INTO `media` (`id`, `media_type_id`, `film_id`, `filename`, `size`, `metadata`, `created_at`, `updated_at`) VALUES (7, 5, 93, 'corrupti', 282483409, NULL, '2016-08-11 15:35:16', '1970-06-03 07:43:08');
INSERT INTO `media` (`id`, `media_type_id`, `film_id`, `filename`, `size`, `metadata`, `created_at`, `updated_at`) VALUES (8, 3, 27, 'qui', 9, NULL, '1999-04-08 00:06:09', '1978-05-22 22:07:51');
INSERT INTO `media` (`id`, `media_type_id`, `film_id`, `filename`, `size`, `metadata`, `created_at`, `updated_at`) VALUES (9, 3, 23, 'quo', 3, NULL, '2015-03-29 20:15:14', '1981-10-27 11:51:35');
INSERT INTO `media` (`id`, `media_type_id`, `film_id`, `filename`, `size`, `metadata`, `created_at`, `updated_at`) VALUES (10, 7, 54, 'minima', 8011, NULL, '2009-05-10 12:20:10', '1977-02-19 19:18:41');
INSERT INTO `media` (`id`, `media_type_id`, `film_id`, `filename`, `size`, `metadata`, `created_at`, `updated_at`) VALUES (11, 4, 93, 'dolores', 94117, NULL, '1980-04-25 18:01:08', '1993-01-12 11:30:32');
INSERT INTO `media` (`id`, `media_type_id`, `film_id`, `filename`, `size`, `metadata`, `created_at`, `updated_at`) VALUES (12, 7, 27, 'incidunt', 151447, NULL, '1991-04-07 11:16:57', '1975-09-17 06:45:17');
INSERT INTO `media` (`id`, `media_type_id`, `film_id`, `filename`, `size`, `metadata`, `created_at`, `updated_at`) VALUES (13, 4, 6, 'eos', 51731, NULL, '1975-08-20 11:19:17', '2019-12-26 18:44:18');
INSERT INTO `media` (`id`, `media_type_id`, `film_id`, `filename`, `size`, `metadata`, `created_at`, `updated_at`) VALUES (14, 3, 73, 'fugit', 10510, NULL, '1995-03-16 23:34:38', '1970-11-09 06:52:14');
INSERT INTO `media` (`id`, `media_type_id`, `film_id`, `filename`, `size`, `metadata`, `created_at`, `updated_at`) VALUES (15, 1, 49, 'magnam', 5, NULL, '2014-11-14 00:25:15', '1987-11-08 00:01:42');
INSERT INTO `media` (`id`, `media_type_id`, `film_id`, `filename`, `size`, `metadata`, `created_at`, `updated_at`) VALUES (16, 6, 94, 'exercitationem', 52425742, NULL, '1987-05-20 08:59:22', '2016-11-17 11:47:43');
INSERT INTO `media` (`id`, `media_type_id`, `film_id`, `filename`, `size`, `metadata`, `created_at`, `updated_at`) VALUES (17, 6, 71, 'quia', 2918, NULL, '1982-08-13 03:52:53', '1985-07-19 15:35:09');
INSERT INTO `media` (`id`, `media_type_id`, `film_id`, `filename`, `size`, `metadata`, `created_at`, `updated_at`) VALUES (18, 4, 53, 'et', 8, NULL, '2007-05-09 18:40:07', '1976-03-16 02:49:54');
INSERT INTO `media` (`id`, `media_type_id`, `film_id`, `filename`, `size`, `metadata`, `created_at`, `updated_at`) VALUES (19, 6, 4, 'culpa', 6, NULL, '1970-06-25 15:41:07', '1981-04-12 04:35:48');
INSERT INTO `media` (`id`, `media_type_id`, `film_id`, `filename`, `size`, `metadata`, `created_at`, `updated_at`) VALUES (20, 1, 16, 'totam', 1937632, NULL, '1999-03-21 00:37:03', '1974-09-04 11:31:27');
INSERT INTO `media` (`id`, `media_type_id`, `film_id`, `filename`, `size`, `metadata`, `created_at`, `updated_at`) VALUES (21, 6, 39, 'minus', 644005, NULL, '2012-02-12 18:31:02', '2015-05-24 17:14:07');
INSERT INTO `media` (`id`, `media_type_id`, `film_id`, `filename`, `size`, `metadata`, `created_at`, `updated_at`) VALUES (22, 2, 66, 'sit', 1108060, NULL, '1997-01-02 05:18:05', '2001-05-08 19:21:14');
INSERT INTO `media` (`id`, `media_type_id`, `film_id`, `filename`, `size`, `metadata`, `created_at`, `updated_at`) VALUES (23, 2, 91, 'iste', 0, NULL, '1994-11-25 02:45:44', '2016-09-18 05:19:06');
INSERT INTO `media` (`id`, `media_type_id`, `film_id`, `filename`, `size`, `metadata`, `created_at`, `updated_at`) VALUES (24, 4, 86, 'quasi', 7267315, NULL, '2013-09-20 20:28:39', '1995-05-09 13:05:53');
INSERT INTO `media` (`id`, `media_type_id`, `film_id`, `filename`, `size`, `metadata`, `created_at`, `updated_at`) VALUES (25, 6, 100, 'eaque', 97682, NULL, '1971-10-08 09:33:16', '2003-05-19 08:23:14');
INSERT INTO `media` (`id`, `media_type_id`, `film_id`, `filename`, `size`, `metadata`, `created_at`, `updated_at`) VALUES (26, 3, 87, 'aspernatur', 74558, NULL, '1989-01-17 06:11:46', '1975-07-14 22:59:01');
INSERT INTO `media` (`id`, `media_type_id`, `film_id`, `filename`, `size`, `metadata`, `created_at`, `updated_at`) VALUES (27, 1, 73, 'omnis', 289089940, NULL, '2016-08-25 15:00:55', '2004-08-25 15:32:54');
INSERT INTO `media` (`id`, `media_type_id`, `film_id`, `filename`, `size`, `metadata`, `created_at`, `updated_at`) VALUES (28, 7, 5, 'magnam', 89, NULL, '1999-03-29 02:24:03', '1992-03-16 19:52:07');
INSERT INTO `media` (`id`, `media_type_id`, `film_id`, `filename`, `size`, `metadata`, `created_at`, `updated_at`) VALUES (29, 2, 96, 'quae', 0, NULL, '2013-09-25 03:48:04', '1974-12-28 12:59:26');
INSERT INTO `media` (`id`, `media_type_id`, `film_id`, `filename`, `size`, `metadata`, `created_at`, `updated_at`) VALUES (30, 7, 63, 'quis', 789189795, NULL, '2005-08-22 09:29:05', '2015-12-17 16:56:28');
INSERT INTO `media` (`id`, `media_type_id`, `film_id`, `filename`, `size`, `metadata`, `created_at`, `updated_at`) VALUES (31, 7, 79, 'debitis', 18, NULL, '2016-11-10 12:19:27', '1981-06-06 23:44:53');
INSERT INTO `media` (`id`, `media_type_id`, `film_id`, `filename`, `size`, `metadata`, `created_at`, `updated_at`) VALUES (32, 6, 17, 'qui', 0, NULL, '2015-01-12 04:20:33', '2013-09-09 07:15:33');
INSERT INTO `media` (`id`, `media_type_id`, `film_id`, `filename`, `size`, `metadata`, `created_at`, `updated_at`) VALUES (33, 5, 50, 'in', 803, NULL, '1999-04-20 16:00:16', '1977-05-20 19:47:20');
INSERT INTO `media` (`id`, `media_type_id`, `film_id`, `filename`, `size`, `metadata`, `created_at`, `updated_at`) VALUES (34, 1, 83, 'amet', 6, NULL, '2001-07-12 15:04:33', '1995-11-01 04:52:06');
INSERT INTO `media` (`id`, `media_type_id`, `film_id`, `filename`, `size`, `metadata`, `created_at`, `updated_at`) VALUES (35, 2, 49, 'ullam', 1363, NULL, '1989-08-13 07:21:25', '2013-12-19 02:03:23');
INSERT INTO `media` (`id`, `media_type_id`, `film_id`, `filename`, `size`, `metadata`, `created_at`, `updated_at`) VALUES (36, 5, 59, 'laborum', 830, NULL, '1970-07-29 07:39:52', '2016-02-15 15:48:44');
INSERT INTO `media` (`id`, `media_type_id`, `film_id`, `filename`, `size`, `metadata`, `created_at`, `updated_at`) VALUES (37, 6, 67, 'corrupti', 5358746, NULL, '2005-09-08 17:54:08', '1994-05-25 20:27:08');
INSERT INTO `media` (`id`, `media_type_id`, `film_id`, `filename`, `size`, `metadata`, `created_at`, `updated_at`) VALUES (38, 6, 25, 'magnam', 77495, NULL, '2018-09-17 04:45:43', '1977-04-16 22:15:14');
INSERT INTO `media` (`id`, `media_type_id`, `film_id`, `filename`, `size`, `metadata`, `created_at`, `updated_at`) VALUES (39, 1, 93, 'exercitationem', 6363802, NULL, '1976-05-09 21:09:02', '1993-11-15 05:57:38');
INSERT INTO `media` (`id`, `media_type_id`, `film_id`, `filename`, `size`, `metadata`, `created_at`, `updated_at`) VALUES (40, 4, 54, 'dolorum', 15, NULL, '1970-05-02 17:33:12', '1991-04-13 00:09:20');
INSERT INTO `media` (`id`, `media_type_id`, `film_id`, `filename`, `size`, `metadata`, `created_at`, `updated_at`) VALUES (41, 1, 77, 'porro', 0, NULL, '1986-09-16 13:30:29', '2010-07-26 11:21:57');
INSERT INTO `media` (`id`, `media_type_id`, `film_id`, `filename`, `size`, `metadata`, `created_at`, `updated_at`) VALUES (42, 7, 71, 'molestias', 85, NULL, '2001-01-02 00:26:04', '1988-02-07 02:49:33');
INSERT INTO `media` (`id`, `media_type_id`, `film_id`, `filename`, `size`, `metadata`, `created_at`, `updated_at`) VALUES (43, 6, 67, 'modi', 0, NULL, '1989-07-22 04:34:47', '2018-10-29 23:18:05');
INSERT INTO `media` (`id`, `media_type_id`, `film_id`, `filename`, `size`, `metadata`, `created_at`, `updated_at`) VALUES (44, 3, 70, 'ut', 48732, NULL, '1995-07-22 05:09:12', '2006-04-15 03:17:48');
INSERT INTO `media` (`id`, `media_type_id`, `film_id`, `filename`, `size`, `metadata`, `created_at`, `updated_at`) VALUES (45, 7, 17, 'quia', 825970669, NULL, '2013-03-23 13:52:52', '1992-03-20 13:38:17');
INSERT INTO `media` (`id`, `media_type_id`, `film_id`, `filename`, `size`, `metadata`, `created_at`, `updated_at`) VALUES (46, 4, 36, 'officiis', 63393, NULL, '2016-02-15 04:55:38', '1996-10-03 17:40:37');
INSERT INTO `media` (`id`, `media_type_id`, `film_id`, `filename`, `size`, `metadata`, `created_at`, `updated_at`) VALUES (47, 2, 28, 'non', 8551, NULL, '1973-04-27 04:39:22', '2019-10-29 12:50:23');
INSERT INTO `media` (`id`, `media_type_id`, `film_id`, `filename`, `size`, `metadata`, `created_at`, `updated_at`) VALUES (48, 3, 2, 'expedita', 535, NULL, '2018-08-01 04:30:58', '1991-05-16 04:53:59');
INSERT INTO `media` (`id`, `media_type_id`, `film_id`, `filename`, `size`, `metadata`, `created_at`, `updated_at`) VALUES (49, 7, 50, 'quos', 9, NULL, '2000-11-29 19:24:17', '1990-04-16 11:19:01');
INSERT INTO `media` (`id`, `media_type_id`, `film_id`, `filename`, `size`, `metadata`, `created_at`, `updated_at`) VALUES (50, 3, 29, 'dicta', 108334, NULL, '1982-07-09 19:52:45', '2003-08-12 17:52:28');
INSERT INTO `media` (`id`, `media_type_id`, `film_id`, `filename`, `size`, `metadata`, `created_at`, `updated_at`) VALUES (51, 6, 52, 'non', 8575814, NULL, '1990-05-05 21:00:58', '1989-10-01 20:16:21');
INSERT INTO `media` (`id`, `media_type_id`, `film_id`, `filename`, `size`, `metadata`, `created_at`, `updated_at`) VALUES (52, 2, 82, 'ratione', 6, NULL, '1998-08-04 05:59:11', '2011-11-03 02:50:01');
INSERT INTO `media` (`id`, `media_type_id`, `film_id`, `filename`, `size`, `metadata`, `created_at`, `updated_at`) VALUES (53, 3, 59, 'officiis', 52114, NULL, '2001-02-06 04:29:34', '2004-01-12 06:19:07');
INSERT INTO `media` (`id`, `media_type_id`, `film_id`, `filename`, `size`, `metadata`, `created_at`, `updated_at`) VALUES (54, 4, 19, 'exercitationem', 48, NULL, '1978-11-12 06:41:15', '2016-07-19 19:41:44');
INSERT INTO `media` (`id`, `media_type_id`, `film_id`, `filename`, `size`, `metadata`, `created_at`, `updated_at`) VALUES (55, 3, 20, 'eum', 66030833, NULL, '1970-02-01 14:09:56', '1973-10-16 23:01:21');
INSERT INTO `media` (`id`, `media_type_id`, `film_id`, `filename`, `size`, `metadata`, `created_at`, `updated_at`) VALUES (56, 1, 8, 'quod', 4776255, NULL, '2012-02-15 02:57:30', '2013-03-12 19:57:45');
INSERT INTO `media` (`id`, `media_type_id`, `film_id`, `filename`, `size`, `metadata`, `created_at`, `updated_at`) VALUES (57, 2, 13, 'rerum', 76794, NULL, '2007-03-17 08:42:45', '1986-09-05 13:34:55');
INSERT INTO `media` (`id`, `media_type_id`, `film_id`, `filename`, `size`, `metadata`, `created_at`, `updated_at`) VALUES (58, 7, 7, 'exercitationem', 1756376, NULL, '1998-12-06 21:40:12', '1984-06-23 09:16:44');
INSERT INTO `media` (`id`, `media_type_id`, `film_id`, `filename`, `size`, `metadata`, `created_at`, `updated_at`) VALUES (59, 2, 38, 'hic', 1, NULL, '1999-06-18 04:59:27', '2018-03-23 04:10:12');
INSERT INTO `media` (`id`, `media_type_id`, `film_id`, `filename`, `size`, `metadata`, `created_at`, `updated_at`) VALUES (60, 2, 55, 'veritatis', 5054697, NULL, '1999-05-10 06:13:21', '1984-01-12 15:25:49');
INSERT INTO `media` (`id`, `media_type_id`, `film_id`, `filename`, `size`, `metadata`, `created_at`, `updated_at`) VALUES (61, 1, 76, 'dolores', 26821, NULL, '2004-12-15 06:46:16', '1994-08-13 00:45:35');
INSERT INTO `media` (`id`, `media_type_id`, `film_id`, `filename`, `size`, `metadata`, `created_at`, `updated_at`) VALUES (62, 5, 100, 'quia', 8507632, NULL, '1985-10-08 11:20:23', '2010-04-10 21:22:58');
INSERT INTO `media` (`id`, `media_type_id`, `film_id`, `filename`, `size`, `metadata`, `created_at`, `updated_at`) VALUES (63, 7, 68, 'aspernatur', 3, NULL, '1981-07-26 11:43:21', '2015-01-22 04:49:05');
INSERT INTO `media` (`id`, `media_type_id`, `film_id`, `filename`, `size`, `metadata`, `created_at`, `updated_at`) VALUES (64, 1, 8, 'quas', 130458, NULL, '1971-06-05 13:16:09', '1972-05-19 13:17:12');
INSERT INTO `media` (`id`, `media_type_id`, `film_id`, `filename`, `size`, `metadata`, `created_at`, `updated_at`) VALUES (65, 4, 1, 'deleniti', 73667, NULL, '2003-08-18 18:15:12', '1986-01-02 11:33:45');
INSERT INTO `media` (`id`, `media_type_id`, `film_id`, `filename`, `size`, `metadata`, `created_at`, `updated_at`) VALUES (66, 6, 13, 'qui', 71, NULL, '2015-02-05 07:42:49', '2001-12-13 23:16:22');
INSERT INTO `media` (`id`, `media_type_id`, `film_id`, `filename`, `size`, `metadata`, `created_at`, `updated_at`) VALUES (67, 5, 47, 'quisquam', 9, NULL, '2006-02-05 12:56:17', '1976-05-15 23:47:48');
INSERT INTO `media` (`id`, `media_type_id`, `film_id`, `filename`, `size`, `metadata`, `created_at`, `updated_at`) VALUES (68, 5, 65, 'aut', 7737, NULL, '1983-07-10 08:57:08', '2006-03-29 22:34:33');
INSERT INTO `media` (`id`, `media_type_id`, `film_id`, `filename`, `size`, `metadata`, `created_at`, `updated_at`) VALUES (69, 6, 79, 'repellendus', 79627753, NULL, '1974-11-09 21:22:55', '2017-11-14 08:19:38');
INSERT INTO `media` (`id`, `media_type_id`, `film_id`, `filename`, `size`, `metadata`, `created_at`, `updated_at`) VALUES (70, 4, 75, 'optio', 62, NULL, '2002-05-23 22:25:59', '2011-04-24 17:05:13');
INSERT INTO `media` (`id`, `media_type_id`, `film_id`, `filename`, `size`, `metadata`, `created_at`, `updated_at`) VALUES (71, 1, 46, 'aperiam', 98, NULL, '1974-04-14 03:06:14', '2019-09-04 20:46:43');
INSERT INTO `media` (`id`, `media_type_id`, `film_id`, `filename`, `size`, `metadata`, `created_at`, `updated_at`) VALUES (72, 6, 65, 'saepe', 11060, NULL, '2011-10-01 21:56:27', '1983-08-04 17:42:06');
INSERT INTO `media` (`id`, `media_type_id`, `film_id`, `filename`, `size`, `metadata`, `created_at`, `updated_at`) VALUES (73, 7, 72, 'dolorem', 78, NULL, '1987-06-29 05:01:47', '2010-05-28 13:33:58');
INSERT INTO `media` (`id`, `media_type_id`, `film_id`, `filename`, `size`, `metadata`, `created_at`, `updated_at`) VALUES (74, 5, 59, 'cumque', 81463, NULL, '1970-05-18 06:39:10', '2014-05-23 04:22:43');
INSERT INTO `media` (`id`, `media_type_id`, `film_id`, `filename`, `size`, `metadata`, `created_at`, `updated_at`) VALUES (75, 6, 13, 'eligendi', 3826708, NULL, '1993-07-22 23:40:42', '1988-06-01 08:05:05');
INSERT INTO `media` (`id`, `media_type_id`, `film_id`, `filename`, `size`, `metadata`, `created_at`, `updated_at`) VALUES (76, 7, 67, 'ullam', 5892719, NULL, '1978-01-22 07:31:41', '1973-03-29 23:05:57');
INSERT INTO `media` (`id`, `media_type_id`, `film_id`, `filename`, `size`, `metadata`, `created_at`, `updated_at`) VALUES (77, 5, 24, 'quia', 207540, NULL, '1976-04-01 00:04:30', '2006-06-02 05:48:50');
INSERT INTO `media` (`id`, `media_type_id`, `film_id`, `filename`, `size`, `metadata`, `created_at`, `updated_at`) VALUES (78, 1, 73, 'excepturi', 0, NULL, '2009-03-09 04:19:34', '1991-08-27 03:13:39');
INSERT INTO `media` (`id`, `media_type_id`, `film_id`, `filename`, `size`, `metadata`, `created_at`, `updated_at`) VALUES (79, 3, 1, 'nihil', 113, NULL, '2003-01-29 18:22:35', '1992-12-28 23:05:32');
INSERT INTO `media` (`id`, `media_type_id`, `film_id`, `filename`, `size`, `metadata`, `created_at`, `updated_at`) VALUES (80, 1, 44, 'velit', 0, NULL, '1979-03-10 18:08:23', '1988-10-11 20:59:29');
INSERT INTO `media` (`id`, `media_type_id`, `film_id`, `filename`, `size`, `metadata`, `created_at`, `updated_at`) VALUES (81, 5, 16, 'tempora', 75220005, NULL, '1971-07-21 00:41:48', '1994-12-12 07:57:05');
INSERT INTO `media` (`id`, `media_type_id`, `film_id`, `filename`, `size`, `metadata`, `created_at`, `updated_at`) VALUES (82, 7, 40, 'eos', 5, NULL, '2003-11-04 06:17:07', '1979-06-02 00:19:01');
INSERT INTO `media` (`id`, `media_type_id`, `film_id`, `filename`, `size`, `metadata`, `created_at`, `updated_at`) VALUES (83, 4, 9, 'velit', 0, NULL, '1993-07-18 05:38:20', '2011-10-06 02:53:04');
INSERT INTO `media` (`id`, `media_type_id`, `film_id`, `filename`, `size`, `metadata`, `created_at`, `updated_at`) VALUES (84, 5, 87, 'nostrum', 77403, NULL, '2002-07-13 21:57:14', '2015-05-18 04:21:38');
INSERT INTO `media` (`id`, `media_type_id`, `film_id`, `filename`, `size`, `metadata`, `created_at`, `updated_at`) VALUES (85, 5, 85, 'optio', 2218, NULL, '1975-03-31 13:49:17', '1994-10-01 10:37:08');
INSERT INTO `media` (`id`, `media_type_id`, `film_id`, `filename`, `size`, `metadata`, `created_at`, `updated_at`) VALUES (86, 3, 17, 'id', 278818046, NULL, '1998-09-19 06:38:34', '2016-05-03 06:29:22');
INSERT INTO `media` (`id`, `media_type_id`, `film_id`, `filename`, `size`, `metadata`, `created_at`, `updated_at`) VALUES (87, 5, 85, 'sunt', 9, NULL, '1971-08-23 08:05:53', '1999-01-26 13:15:04');
INSERT INTO `media` (`id`, `media_type_id`, `film_id`, `filename`, `size`, `metadata`, `created_at`, `updated_at`) VALUES (88, 6, 100, 'accusantium', 944267, NULL, '2002-04-06 00:07:05', '2002-07-15 02:48:07');
INSERT INTO `media` (`id`, `media_type_id`, `film_id`, `filename`, `size`, `metadata`, `created_at`, `updated_at`) VALUES (89, 5, 64, 'consequuntur', 123, NULL, '1994-08-19 12:04:23', '1970-03-25 20:28:05');
INSERT INTO `media` (`id`, `media_type_id`, `film_id`, `filename`, `size`, `metadata`, `created_at`, `updated_at`) VALUES (90, 1, 33, 'expedita', 93, NULL, '1974-09-28 12:52:18', '2019-03-17 15:44:15');
INSERT INTO `media` (`id`, `media_type_id`, `film_id`, `filename`, `size`, `metadata`, `created_at`, `updated_at`) VALUES (91, 1, 40, 'cumque', 910238, NULL, '1990-09-21 11:54:38', '1991-02-14 02:56:25');
INSERT INTO `media` (`id`, `media_type_id`, `film_id`, `filename`, `size`, `metadata`, `created_at`, `updated_at`) VALUES (92, 3, 92, 'aperiam', 58068, NULL, '2018-11-04 11:26:09', '1970-11-12 22:21:07');
INSERT INTO `media` (`id`, `media_type_id`, `film_id`, `filename`, `size`, `metadata`, `created_at`, `updated_at`) VALUES (93, 7, 10, 'velit', 6, NULL, '2004-06-30 10:55:54', '1993-08-13 10:18:54');
INSERT INTO `media` (`id`, `media_type_id`, `film_id`, `filename`, `size`, `metadata`, `created_at`, `updated_at`) VALUES (94, 1, 72, 'et', 4419, NULL, '2006-08-05 19:35:54', '2010-09-13 18:48:19');
INSERT INTO `media` (`id`, `media_type_id`, `film_id`, `filename`, `size`, `metadata`, `created_at`, `updated_at`) VALUES (95, 4, 50, 'nemo', 72872, NULL, '1997-11-04 14:15:36', '2001-09-05 08:49:08');
INSERT INTO `media` (`id`, `media_type_id`, `film_id`, `filename`, `size`, `metadata`, `created_at`, `updated_at`) VALUES (96, 7, 94, 'voluptatem', 832, NULL, '1983-05-11 03:48:13', '1997-12-14 06:25:50');
INSERT INTO `media` (`id`, `media_type_id`, `film_id`, `filename`, `size`, `metadata`, `created_at`, `updated_at`) VALUES (97, 1, 84, 'ex', 9, NULL, '2008-11-08 02:36:58', '2016-04-21 10:33:00');
INSERT INTO `media` (`id`, `media_type_id`, `film_id`, `filename`, `size`, `metadata`, `created_at`, `updated_at`) VALUES (98, 1, 16, 'blanditiis', 78, NULL, '2001-07-02 13:58:47', '1997-09-01 16:06:14');
INSERT INTO `media` (`id`, `media_type_id`, `film_id`, `filename`, `size`, `metadata`, `created_at`, `updated_at`) VALUES (99, 4, 80, 'aut', 915234, NULL, '1977-12-31 11:00:55', '1994-11-15 06:56:04');
INSERT INTO `media` (`id`, `media_type_id`, `film_id`, `filename`, `size`, `metadata`, `created_at`, `updated_at`) VALUES (100, 1, 4, 'consequatur', 6793, NULL, '1975-03-09 09:31:50', '1996-04-18 10:32:21');
INSERT INTO `media` (`id`, `media_type_id`, `film_id`, `filename`, `size`, `metadata`, `created_at`, `updated_at`) VALUES (101, 5, 11, 'quo', 85833959, NULL, '2000-04-02 18:34:52', '1976-01-18 10:57:41');
INSERT INTO `media` (`id`, `media_type_id`, `film_id`, `filename`, `size`, `metadata`, `created_at`, `updated_at`) VALUES (102, 3, 62, 'illo', 4877879, NULL, '1991-12-31 21:19:08', '1986-07-17 07:18:44');
INSERT INTO `media` (`id`, `media_type_id`, `film_id`, `filename`, `size`, `metadata`, `created_at`, `updated_at`) VALUES (103, 3, 60, 'quia', 1, NULL, '2000-12-03 06:18:21', '1979-11-17 09:31:33');
INSERT INTO `media` (`id`, `media_type_id`, `film_id`, `filename`, `size`, `metadata`, `created_at`, `updated_at`) VALUES (104, 6, 2, 'quod', 2, NULL, '1997-06-02 14:47:17', '2003-12-30 19:51:22');
INSERT INTO `media` (`id`, `media_type_id`, `film_id`, `filename`, `size`, `metadata`, `created_at`, `updated_at`) VALUES (105, 5, 6, 'eligendi', 74314849, NULL, '1995-07-21 18:41:26', '2007-01-11 07:50:37');
INSERT INTO `media` (`id`, `media_type_id`, `film_id`, `filename`, `size`, `metadata`, `created_at`, `updated_at`) VALUES (106, 7, 31, 'nisi', 8362, NULL, '1991-12-09 11:22:29', '1991-01-12 13:57:57');
INSERT INTO `media` (`id`, `media_type_id`, `film_id`, `filename`, `size`, `metadata`, `created_at`, `updated_at`) VALUES (107, 4, 22, 'iure', 7, NULL, '1972-01-27 02:29:44', '1994-08-05 20:55:32');
INSERT INTO `media` (`id`, `media_type_id`, `film_id`, `filename`, `size`, `metadata`, `created_at`, `updated_at`) VALUES (108, 4, 86, 'deleniti', 656466495, NULL, '1972-06-04 06:16:23', '1995-04-29 19:33:59');
INSERT INTO `media` (`id`, `media_type_id`, `film_id`, `filename`, `size`, `metadata`, `created_at`, `updated_at`) VALUES (109, 6, 1, 'et', 9359, NULL, '1984-07-21 12:31:00', '1977-07-14 20:04:41');
INSERT INTO `media` (`id`, `media_type_id`, `film_id`, `filename`, `size`, `metadata`, `created_at`, `updated_at`) VALUES (110, 5, 84, 'sapiente', 3, NULL, '1996-09-23 08:13:36', '1983-04-04 13:29:09');
INSERT INTO `media` (`id`, `media_type_id`, `film_id`, `filename`, `size`, `metadata`, `created_at`, `updated_at`) VALUES (111, 5, 75, 'aut', 2809910, NULL, '1994-11-04 23:12:56', '2007-08-14 06:05:05');
INSERT INTO `media` (`id`, `media_type_id`, `film_id`, `filename`, `size`, `metadata`, `created_at`, `updated_at`) VALUES (112, 5, 40, 'officia', 611, NULL, '1995-06-16 12:00:04', '2000-10-06 09:02:29');
INSERT INTO `media` (`id`, `media_type_id`, `film_id`, `filename`, `size`, `metadata`, `created_at`, `updated_at`) VALUES (113, 1, 17, 'vel', 5, NULL, '1994-11-13 00:26:42', '2006-05-08 01:16:31');
INSERT INTO `media` (`id`, `media_type_id`, `film_id`, `filename`, `size`, `metadata`, `created_at`, `updated_at`) VALUES (114, 2, 81, 'veritatis', 455582, NULL, '2012-08-06 09:07:24', '1972-03-09 11:12:04');
INSERT INTO `media` (`id`, `media_type_id`, `film_id`, `filename`, `size`, `metadata`, `created_at`, `updated_at`) VALUES (115, 2, 79, 'sit', 55224, NULL, '1976-08-19 01:52:26', '2012-11-05 02:54:53');
INSERT INTO `media` (`id`, `media_type_id`, `film_id`, `filename`, `size`, `metadata`, `created_at`, `updated_at`) VALUES (116, 5, 58, 'nihil', 44020776, NULL, '1995-03-27 04:14:01', '1992-10-30 17:56:24');
INSERT INTO `media` (`id`, `media_type_id`, `film_id`, `filename`, `size`, `metadata`, `created_at`, `updated_at`) VALUES (117, 5, 57, 'commodi', 0, NULL, '2005-08-17 18:42:04', '1972-07-23 04:33:55');
INSERT INTO `media` (`id`, `media_type_id`, `film_id`, `filename`, `size`, `metadata`, `created_at`, `updated_at`) VALUES (118, 3, 71, 'recusandae', 399, NULL, '1975-12-21 09:28:46', '1983-03-26 23:49:15');
INSERT INTO `media` (`id`, `media_type_id`, `film_id`, `filename`, `size`, `metadata`, `created_at`, `updated_at`) VALUES (119, 3, 74, 'earum', 0, NULL, '2001-06-08 08:15:18', '1995-03-30 17:11:16');
INSERT INTO `media` (`id`, `media_type_id`, `film_id`, `filename`, `size`, `metadata`, `created_at`, `updated_at`) VALUES (120, 7, 67, 'eligendi', 0, NULL, '2003-04-28 12:49:57', '2003-05-20 17:58:15');
INSERT INTO `media` (`id`, `media_type_id`, `film_id`, `filename`, `size`, `metadata`, `created_at`, `updated_at`) VALUES (121, 7, 84, 'quisquam', 8, NULL, '1993-01-26 19:29:10', '1986-12-20 07:24:41');
INSERT INTO `media` (`id`, `media_type_id`, `film_id`, `filename`, `size`, `metadata`, `created_at`, `updated_at`) VALUES (122, 1, 34, 'sed', 66, NULL, '1983-08-29 02:05:02', '1997-02-02 15:01:38');
INSERT INTO `media` (`id`, `media_type_id`, `film_id`, `filename`, `size`, `metadata`, `created_at`, `updated_at`) VALUES (123, 6, 93, 'possimus', 652990, NULL, '2007-03-20 22:21:49', '1993-12-01 19:01:35');
INSERT INTO `media` (`id`, `media_type_id`, `film_id`, `filename`, `size`, `metadata`, `created_at`, `updated_at`) VALUES (124, 5, 92, 'dolores', 24520301, NULL, '2011-03-27 15:14:43', '1976-01-09 01:46:42');
INSERT INTO `media` (`id`, `media_type_id`, `film_id`, `filename`, `size`, `metadata`, `created_at`, `updated_at`) VALUES (125, 1, 63, 'et', 3753328, NULL, '1976-03-08 04:24:27', '1982-03-21 23:29:43');
INSERT INTO `media` (`id`, `media_type_id`, `film_id`, `filename`, `size`, `metadata`, `created_at`, `updated_at`) VALUES (126, 6, 58, 'et', 0, NULL, '2019-07-22 22:45:45', '1973-04-07 07:56:11');
INSERT INTO `media` (`id`, `media_type_id`, `film_id`, `filename`, `size`, `metadata`, `created_at`, `updated_at`) VALUES (127, 5, 77, 'earum', 738670, NULL, '2012-09-20 17:30:04', '1992-04-19 09:37:21');
INSERT INTO `media` (`id`, `media_type_id`, `film_id`, `filename`, `size`, `metadata`, `created_at`, `updated_at`) VALUES (128, 5, 63, 'qui', 98233, NULL, '1973-02-13 06:46:59', '1985-09-13 17:26:46');
INSERT INTO `media` (`id`, `media_type_id`, `film_id`, `filename`, `size`, `metadata`, `created_at`, `updated_at`) VALUES (129, 5, 69, 'maxime', 60619351, NULL, '2005-02-05 14:56:21', '2013-08-12 09:24:39');
INSERT INTO `media` (`id`, `media_type_id`, `film_id`, `filename`, `size`, `metadata`, `created_at`, `updated_at`) VALUES (130, 5, 5, 'officiis', 355993, NULL, '1999-06-09 19:16:54', '2007-08-03 05:06:34');
INSERT INTO `media` (`id`, `media_type_id`, `film_id`, `filename`, `size`, `metadata`, `created_at`, `updated_at`) VALUES (131, 2, 66, 'et', 4, NULL, '1980-10-26 09:41:37', '1989-03-12 16:46:58');
INSERT INTO `media` (`id`, `media_type_id`, `film_id`, `filename`, `size`, `metadata`, `created_at`, `updated_at`) VALUES (132, 5, 96, 'dicta', 93, NULL, '1998-06-12 11:37:37', '1987-04-02 06:45:51');
INSERT INTO `media` (`id`, `media_type_id`, `film_id`, `filename`, `size`, `metadata`, `created_at`, `updated_at`) VALUES (133, 1, 48, 'consequatur', 700739329, NULL, '2009-03-30 22:58:53', '2018-09-11 18:34:27');
INSERT INTO `media` (`id`, `media_type_id`, `film_id`, `filename`, `size`, `metadata`, `created_at`, `updated_at`) VALUES (134, 1, 45, 'itaque', 577, NULL, '2017-08-23 11:56:23', '1973-06-30 04:28:45');
INSERT INTO `media` (`id`, `media_type_id`, `film_id`, `filename`, `size`, `metadata`, `created_at`, `updated_at`) VALUES (135, 7, 66, 'veritatis', 66110843, NULL, '1978-10-26 00:23:50', '1979-01-01 14:35:43');
INSERT INTO `media` (`id`, `media_type_id`, `film_id`, `filename`, `size`, `metadata`, `created_at`, `updated_at`) VALUES (136, 1, 13, 'quis', 31, NULL, '1988-10-11 03:17:38', '1998-10-31 03:55:38');
INSERT INTO `media` (`id`, `media_type_id`, `film_id`, `filename`, `size`, `metadata`, `created_at`, `updated_at`) VALUES (137, 6, 57, 'asperiores', 27, NULL, '2005-06-27 20:44:31', '2001-09-22 17:50:27');
INSERT INTO `media` (`id`, `media_type_id`, `film_id`, `filename`, `size`, `metadata`, `created_at`, `updated_at`) VALUES (138, 3, 89, 'sit', 76905223, NULL, '1989-11-16 05:24:37', '1982-03-06 06:38:46');
INSERT INTO `media` (`id`, `media_type_id`, `film_id`, `filename`, `size`, `metadata`, `created_at`, `updated_at`) VALUES (139, 5, 22, 'ducimus', 99, NULL, '1995-06-27 09:48:05', '2001-11-30 16:26:00');
INSERT INTO `media` (`id`, `media_type_id`, `film_id`, `filename`, `size`, `metadata`, `created_at`, `updated_at`) VALUES (140, 4, 31, 'placeat', 0, NULL, '1995-04-27 09:38:49', '1972-11-11 23:11:13');
INSERT INTO `media` (`id`, `media_type_id`, `film_id`, `filename`, `size`, `metadata`, `created_at`, `updated_at`) VALUES (141, 7, 77, 'quas', 649120, NULL, '2017-01-09 19:34:10', '1998-05-02 06:44:01');
INSERT INTO `media` (`id`, `media_type_id`, `film_id`, `filename`, `size`, `metadata`, `created_at`, `updated_at`) VALUES (142, 7, 95, 'dolores', 88996, NULL, '1970-07-04 20:22:55', '1985-07-10 12:59:08');
INSERT INTO `media` (`id`, `media_type_id`, `film_id`, `filename`, `size`, `metadata`, `created_at`, `updated_at`) VALUES (143, 3, 71, 'ea', 508, NULL, '2016-10-09 21:26:28', '1997-09-21 18:59:18');
INSERT INTO `media` (`id`, `media_type_id`, `film_id`, `filename`, `size`, `metadata`, `created_at`, `updated_at`) VALUES (144, 6, 7, 'sit', 62430315, NULL, '1996-01-01 03:23:54', '2012-02-01 12:46:38');
INSERT INTO `media` (`id`, `media_type_id`, `film_id`, `filename`, `size`, `metadata`, `created_at`, `updated_at`) VALUES (145, 7, 69, 'non', 4403707, NULL, '1977-03-30 08:15:04', '1992-05-30 21:42:15');
INSERT INTO `media` (`id`, `media_type_id`, `film_id`, `filename`, `size`, `metadata`, `created_at`, `updated_at`) VALUES (146, 1, 31, 'minus', 97783, NULL, '2005-05-12 20:40:58', '1979-11-13 11:27:17');
INSERT INTO `media` (`id`, `media_type_id`, `film_id`, `filename`, `size`, `metadata`, `created_at`, `updated_at`) VALUES (147, 1, 24, 'cumque', 137327, NULL, '1996-09-02 18:23:15', '2000-10-05 03:29:14');
INSERT INTO `media` (`id`, `media_type_id`, `film_id`, `filename`, `size`, `metadata`, `created_at`, `updated_at`) VALUES (148, 7, 56, 'asperiores', 5007132, NULL, '1985-03-28 01:29:55', '2007-06-13 03:55:55');
INSERT INTO `media` (`id`, `media_type_id`, `film_id`, `filename`, `size`, `metadata`, `created_at`, `updated_at`) VALUES (149, 2, 78, 'voluptatem', 169860, NULL, '1989-08-04 17:23:29', '1973-06-04 05:32:38');
INSERT INTO `media` (`id`, `media_type_id`, `film_id`, `filename`, `size`, `metadata`, `created_at`, `updated_at`) VALUES (150, 5, 31, 'doloribus', 170101, NULL, '1972-01-19 09:36:34', '2012-01-19 19:48:25');
INSERT INTO `media` (`id`, `media_type_id`, `film_id`, `filename`, `size`, `metadata`, `created_at`, `updated_at`) VALUES (151, 5, 61, 'suscipit', 51158240, NULL, '1994-05-02 19:58:56', '2015-09-12 04:48:02');
INSERT INTO `media` (`id`, `media_type_id`, `film_id`, `filename`, `size`, `metadata`, `created_at`, `updated_at`) VALUES (152, 3, 8, 'numquam', 2942, NULL, '1971-03-19 22:49:25', '1993-04-12 09:36:20');
INSERT INTO `media` (`id`, `media_type_id`, `film_id`, `filename`, `size`, `metadata`, `created_at`, `updated_at`) VALUES (153, 7, 57, 'rerum', 0, NULL, '2006-11-25 03:59:58', '2012-01-25 00:59:42');
INSERT INTO `media` (`id`, `media_type_id`, `film_id`, `filename`, `size`, `metadata`, `created_at`, `updated_at`) VALUES (154, 4, 86, 'nihil', 5, NULL, '1971-06-24 15:49:17', '2001-03-01 09:38:35');
INSERT INTO `media` (`id`, `media_type_id`, `film_id`, `filename`, `size`, `metadata`, `created_at`, `updated_at`) VALUES (155, 7, 75, 'voluptatem', 7973365, NULL, '1981-11-24 03:33:37', '2000-09-16 09:27:58');
INSERT INTO `media` (`id`, `media_type_id`, `film_id`, `filename`, `size`, `metadata`, `created_at`, `updated_at`) VALUES (156, 5, 92, 'eos', 0, NULL, '1976-12-11 00:32:00', '1994-10-11 10:14:30');
INSERT INTO `media` (`id`, `media_type_id`, `film_id`, `filename`, `size`, `metadata`, `created_at`, `updated_at`) VALUES (157, 4, 65, 'eaque', 503168248, NULL, '2000-12-15 22:00:41', '1987-12-13 16:21:38');
INSERT INTO `media` (`id`, `media_type_id`, `film_id`, `filename`, `size`, `metadata`, `created_at`, `updated_at`) VALUES (158, 7, 91, 'et', 64366, NULL, '2013-02-20 05:06:41', '1984-01-20 17:41:49');
INSERT INTO `media` (`id`, `media_type_id`, `film_id`, `filename`, `size`, `metadata`, `created_at`, `updated_at`) VALUES (159, 3, 41, 'perferendis', 64306, NULL, '2018-03-26 15:40:51', '2007-06-06 13:49:45');
INSERT INTO `media` (`id`, `media_type_id`, `film_id`, `filename`, `size`, `metadata`, `created_at`, `updated_at`) VALUES (160, 5, 20, 'iure', 72300306, NULL, '1986-09-23 00:25:28', '2001-11-03 11:57:30');
INSERT INTO `media` (`id`, `media_type_id`, `film_id`, `filename`, `size`, `metadata`, `created_at`, `updated_at`) VALUES (161, 1, 73, 'maiores', 4, NULL, '1974-08-03 22:03:39', '2015-02-11 00:06:15');
INSERT INTO `media` (`id`, `media_type_id`, `film_id`, `filename`, `size`, `metadata`, `created_at`, `updated_at`) VALUES (162, 4, 2, 'deserunt', 0, NULL, '1978-07-01 03:20:05', '1971-03-28 13:13:32');
INSERT INTO `media` (`id`, `media_type_id`, `film_id`, `filename`, `size`, `metadata`, `created_at`, `updated_at`) VALUES (163, 1, 39, 'eaque', 9061526, NULL, '1981-08-07 01:35:12', '1981-07-30 18:44:17');
INSERT INTO `media` (`id`, `media_type_id`, `film_id`, `filename`, `size`, `metadata`, `created_at`, `updated_at`) VALUES (164, 1, 98, 'accusantium', 0, NULL, '2005-01-14 07:35:14', '2014-10-09 04:44:11');
INSERT INTO `media` (`id`, `media_type_id`, `film_id`, `filename`, `size`, `metadata`, `created_at`, `updated_at`) VALUES (165, 1, 9, 'sed', 61505760, NULL, '1971-10-19 15:08:10', '2009-11-09 23:42:30');
INSERT INTO `media` (`id`, `media_type_id`, `film_id`, `filename`, `size`, `metadata`, `created_at`, `updated_at`) VALUES (166, 6, 21, 'neque', 23993909, NULL, '1970-10-06 17:09:17', '1984-09-10 00:35:08');
INSERT INTO `media` (`id`, `media_type_id`, `film_id`, `filename`, `size`, `metadata`, `created_at`, `updated_at`) VALUES (167, 2, 32, 'ea', 16, NULL, '2007-09-10 00:03:09', '1986-02-19 07:44:45');
INSERT INTO `media` (`id`, `media_type_id`, `film_id`, `filename`, `size`, `metadata`, `created_at`, `updated_at`) VALUES (168, 5, 69, 'atque', 140720, NULL, '1992-03-16 00:40:16', '2005-06-07 09:58:23');
INSERT INTO `media` (`id`, `media_type_id`, `film_id`, `filename`, `size`, `metadata`, `created_at`, `updated_at`) VALUES (169, 3, 92, 'illo', 122362, NULL, '1975-01-02 09:54:21', '2001-08-29 12:47:35');
INSERT INTO `media` (`id`, `media_type_id`, `film_id`, `filename`, `size`, `metadata`, `created_at`, `updated_at`) VALUES (170, 5, 56, 'totam', 67, NULL, '1992-06-05 21:14:01', '1981-02-24 12:20:16');
INSERT INTO `media` (`id`, `media_type_id`, `film_id`, `filename`, `size`, `metadata`, `created_at`, `updated_at`) VALUES (171, 4, 72, 'qui', 44, NULL, '1986-03-30 04:56:20', '2018-05-07 10:50:55');
INSERT INTO `media` (`id`, `media_type_id`, `film_id`, `filename`, `size`, `metadata`, `created_at`, `updated_at`) VALUES (172, 2, 47, 'libero', 457933720, NULL, '1977-04-27 10:01:27', '1981-06-08 00:55:51');
INSERT INTO `media` (`id`, `media_type_id`, `film_id`, `filename`, `size`, `metadata`, `created_at`, `updated_at`) VALUES (173, 7, 70, 'omnis', 4367, NULL, '1970-04-27 12:43:06', '2012-01-18 21:12:06');
INSERT INTO `media` (`id`, `media_type_id`, `film_id`, `filename`, `size`, `metadata`, `created_at`, `updated_at`) VALUES (174, 7, 3, 'et', 924620800, NULL, '1970-11-09 16:52:49', '2010-05-04 09:38:58');
INSERT INTO `media` (`id`, `media_type_id`, `film_id`, `filename`, `size`, `metadata`, `created_at`, `updated_at`) VALUES (175, 6, 25, 'pariatur', 829396, NULL, '1972-09-16 18:47:34', '1990-04-05 05:33:52');
INSERT INTO `media` (`id`, `media_type_id`, `film_id`, `filename`, `size`, `metadata`, `created_at`, `updated_at`) VALUES (176, 6, 29, 'sit', 8, NULL, '1981-01-06 13:30:09', '2005-08-23 23:58:12');
INSERT INTO `media` (`id`, `media_type_id`, `film_id`, `filename`, `size`, `metadata`, `created_at`, `updated_at`) VALUES (177, 6, 27, 'quo', 92966, NULL, '1994-08-12 20:48:41', '2003-01-30 10:45:07');
INSERT INTO `media` (`id`, `media_type_id`, `film_id`, `filename`, `size`, `metadata`, `created_at`, `updated_at`) VALUES (178, 4, 38, 'ea', 639, NULL, '2019-09-25 06:31:03', '1988-06-14 21:38:34');
INSERT INTO `media` (`id`, `media_type_id`, `film_id`, `filename`, `size`, `metadata`, `created_at`, `updated_at`) VALUES (179, 6, 48, 'facilis', 9470534, NULL, '1978-06-06 06:38:50', '1985-03-24 07:50:25');
INSERT INTO `media` (`id`, `media_type_id`, `film_id`, `filename`, `size`, `metadata`, `created_at`, `updated_at`) VALUES (180, 5, 10, 'quo', 67132, NULL, '1980-08-25 01:24:03', '2019-12-19 15:19:17');
INSERT INTO `media` (`id`, `media_type_id`, `film_id`, `filename`, `size`, `metadata`, `created_at`, `updated_at`) VALUES (181, 5, 79, 'odit', 77802500, NULL, '1980-09-04 03:25:15', '1980-09-07 08:17:04');
INSERT INTO `media` (`id`, `media_type_id`, `film_id`, `filename`, `size`, `metadata`, `created_at`, `updated_at`) VALUES (182, 2, 43, 'qui', 70, NULL, '2006-12-15 05:43:05', '1988-03-10 04:30:55');
INSERT INTO `media` (`id`, `media_type_id`, `film_id`, `filename`, `size`, `metadata`, `created_at`, `updated_at`) VALUES (183, 2, 61, 'pariatur', 644, NULL, '2019-05-19 09:58:12', '2010-12-10 11:05:19');
INSERT INTO `media` (`id`, `media_type_id`, `film_id`, `filename`, `size`, `metadata`, `created_at`, `updated_at`) VALUES (184, 4, 70, 'quia', 31, NULL, '1998-01-25 19:31:48', '1987-08-05 11:38:05');
INSERT INTO `media` (`id`, `media_type_id`, `film_id`, `filename`, `size`, `metadata`, `created_at`, `updated_at`) VALUES (185, 7, 60, 'labore', 6, NULL, '1992-08-07 17:57:17', '2011-09-26 11:19:34');
INSERT INTO `media` (`id`, `media_type_id`, `film_id`, `filename`, `size`, `metadata`, `created_at`, `updated_at`) VALUES (186, 1, 9, 'occaecati', 0, NULL, '2012-08-05 04:00:18', '1984-01-29 01:38:30');
INSERT INTO `media` (`id`, `media_type_id`, `film_id`, `filename`, `size`, `metadata`, `created_at`, `updated_at`) VALUES (187, 1, 57, 'nihil', 3, NULL, '1989-09-19 06:25:22', '1997-07-01 06:59:38');
INSERT INTO `media` (`id`, `media_type_id`, `film_id`, `filename`, `size`, `metadata`, `created_at`, `updated_at`) VALUES (188, 6, 44, 'sed', 68244773, NULL, '2005-09-18 11:36:29', '1970-01-03 15:59:50');
INSERT INTO `media` (`id`, `media_type_id`, `film_id`, `filename`, `size`, `metadata`, `created_at`, `updated_at`) VALUES (189, 3, 80, 'fugit', 7219455, NULL, '1997-07-17 13:54:54', '1991-05-06 04:30:11');
INSERT INTO `media` (`id`, `media_type_id`, `film_id`, `filename`, `size`, `metadata`, `created_at`, `updated_at`) VALUES (190, 6, 78, 'aut', 9, NULL, '2019-06-18 11:35:27', '2005-10-31 03:22:15');
INSERT INTO `media` (`id`, `media_type_id`, `film_id`, `filename`, `size`, `metadata`, `created_at`, `updated_at`) VALUES (191, 3, 78, 'similique', 581383, NULL, '2009-01-09 17:28:54', '2010-11-03 19:08:31');
INSERT INTO `media` (`id`, `media_type_id`, `film_id`, `filename`, `size`, `metadata`, `created_at`, `updated_at`) VALUES (192, 5, 11, 'voluptatem', 75084, NULL, '2014-12-14 00:00:50', '2011-11-29 04:07:51');
INSERT INTO `media` (`id`, `media_type_id`, `film_id`, `filename`, `size`, `metadata`, `created_at`, `updated_at`) VALUES (193, 7, 29, 'est', 27021239, NULL, '1977-07-08 14:33:44', '1970-01-03 11:54:05');
INSERT INTO `media` (`id`, `media_type_id`, `film_id`, `filename`, `size`, `metadata`, `created_at`, `updated_at`) VALUES (194, 6, 89, 'enim', 124088371, NULL, '2011-04-13 03:16:22', '2012-02-13 11:37:41');
INSERT INTO `media` (`id`, `media_type_id`, `film_id`, `filename`, `size`, `metadata`, `created_at`, `updated_at`) VALUES (195, 5, 5, 'accusantium', 84, NULL, '1988-10-17 11:49:26', '2003-12-21 01:56:06');
INSERT INTO `media` (`id`, `media_type_id`, `film_id`, `filename`, `size`, `metadata`, `created_at`, `updated_at`) VALUES (196, 5, 66, 'aspernatur', 2, NULL, '1976-12-15 07:10:02', '2008-08-24 12:35:19');
INSERT INTO `media` (`id`, `media_type_id`, `film_id`, `filename`, `size`, `metadata`, `created_at`, `updated_at`) VALUES (197, 5, 60, 'nostrum', 5072, NULL, '2017-06-15 17:39:03', '1982-12-17 16:04:57');
INSERT INTO `media` (`id`, `media_type_id`, `film_id`, `filename`, `size`, `metadata`, `created_at`, `updated_at`) VALUES (198, 6, 55, 'deleniti', 238957141, NULL, '1991-12-05 22:53:44', '2014-01-06 17:58:01');
INSERT INTO `media` (`id`, `media_type_id`, `film_id`, `filename`, `size`, `metadata`, `created_at`, `updated_at`) VALUES (199, 3, 79, 'magni', 8, NULL, '1974-10-01 01:13:45', '1991-08-24 08:08:48');
INSERT INTO `media` (`id`, `media_type_id`, `film_id`, `filename`, `size`, `metadata`, `created_at`, `updated_at`) VALUES (200, 6, 55, 'libero', 448623369, NULL, '1973-01-24 09:04:39', '2005-12-18 23:21:02');


#
# TABLE STRUCTURE FOR: media_types
#

DROP TABLE IF EXISTS `media_types`;

CREATE TABLE `media_types` (
  `id` int(10) unsigned NOT NULL AUTO_INCREMENT,
  `name` varchar(255) COLLATE utf8_unicode_ci NOT NULL,
  PRIMARY KEY (`id`),
  UNIQUE KEY `name` (`name`)
) ENGINE=InnoDB AUTO_INCREMENT=6 DEFAULT CHARSET=utf8 COLLATE=utf8_unicode_ci;

INSERT INTO `media_types` (`id`, `name`) VALUES (1, 'est');
INSERT INTO `media_types` (`id`, `name`) VALUES (5, 'maiores');
INSERT INTO `media_types` (`id`, `name`) VALUES (2, 'vel');
INSERT INTO `media_types` (`id`, `name`) VALUES (4, 'voluptas');
INSERT INTO `media_types` (`id`, `name`) VALUES (3, 'voluptates');


#
# TABLE STRUCTURE FOR: posts
#

DROP TABLE IF EXISTS `posts`;

CREATE TABLE `posts` (
  `id` int(10) unsigned NOT NULL AUTO_INCREMENT,
  `user_id` int(10) unsigned NOT NULL,
  `header` varchar(255) COLLATE utf8_unicode_ci DEFAULT NULL,
  `body` text COLLATE utf8_unicode_ci DEFAULT NULL,
  `attached_media_id` int(10) unsigned DEFAULT NULL,
  `created_at` timestamp NOT NULL DEFAULT current_timestamp(),
  PRIMARY KEY (`id`)
) ENGINE=InnoDB DEFAULT CHARSET=utf8 COLLATE=utf8_unicode_ci;

#
# TABLE STRUCTURE FOR: profiles
#

DROP TABLE IF EXISTS `profiles`;

CREATE TABLE `profiles` (
  `user_id` int(10) unsigned NOT NULL,
  `sex` char(1) COLLATE utf8_unicode_ci NOT NULL,
  `birthday` date DEFAULT NULL,
  `hometown` varchar(100) COLLATE utf8_unicode_ci DEFAULT NULL,
  `photo_id` int(10) unsigned NOT NULL,
  PRIMARY KEY (`user_id`)
) ENGINE=InnoDB DEFAULT CHARSET=utf8 COLLATE=utf8_unicode_ci;

INSERT INTO `profiles` (`user_id`, `sex`, `birthday`, `hometown`, `photo_id`) VALUES (1, 'm', '1996-04-26', 'Altenwerthville', 89);
INSERT INTO `profiles` (`user_id`, `sex`, `birthday`, `hometown`, `photo_id`) VALUES (2, 'f', '1988-12-04', 'Lake Carlos', 185);
INSERT INTO `profiles` (`user_id`, `sex`, `birthday`, `hometown`, `photo_id`) VALUES (3, 'm', '2001-10-01', 'New Jack', 85);
INSERT INTO `profiles` (`user_id`, `sex`, `birthday`, `hometown`, `photo_id`) VALUES (4, 'f', '2005-10-01', 'Mayeton', 10);
INSERT INTO `profiles` (`user_id`, `sex`, `birthday`, `hometown`, `photo_id`) VALUES (5, 'f', '1973-10-08', 'Huelland', 83);
INSERT INTO `profiles` (`user_id`, `sex`, `birthday`, `hometown`, `photo_id`) VALUES (6, 'm', '2007-05-21', 'Christopheborough', 73);
INSERT INTO `profiles` (`user_id`, `sex`, `birthday`, `hometown`, `photo_id`) VALUES (7, 'm', '1979-10-27', 'South Monte', 32);
INSERT INTO `profiles` (`user_id`, `sex`, `birthday`, `hometown`, `photo_id`) VALUES (8, 'f', '1972-09-16', 'North Eldora', 106);
INSERT INTO `profiles` (`user_id`, `sex`, `birthday`, `hometown`, `photo_id`) VALUES (9, 'm', '2010-11-18', 'Port Elwinborough', 185);
INSERT INTO `profiles` (`user_id`, `sex`, `birthday`, `hometown`, `photo_id`) VALUES (10, 'm', '2013-07-16', 'Lake Will', 187);
INSERT INTO `profiles` (`user_id`, `sex`, `birthday`, `hometown`, `photo_id`) VALUES (11, 'f', '1988-10-19', 'Strosinfort', 55);
INSERT INTO `profiles` (`user_id`, `sex`, `birthday`, `hometown`, `photo_id`) VALUES (12, 'f', '2001-10-20', 'South Chelsea', 161);
INSERT INTO `profiles` (`user_id`, `sex`, `birthday`, `hometown`, `photo_id`) VALUES (13, 'm', '2002-01-22', 'Stehrfort', 47);
INSERT INTO `profiles` (`user_id`, `sex`, `birthday`, `hometown`, `photo_id`) VALUES (14, 'f', '1972-10-09', 'South Bradleyton', 74);
INSERT INTO `profiles` (`user_id`, `sex`, `birthday`, `hometown`, `photo_id`) VALUES (15, 'm', '1987-05-06', 'Schillerfurt', 129);
INSERT INTO `profiles` (`user_id`, `sex`, `birthday`, `hometown`, `photo_id`) VALUES (16, 'm', '1986-09-27', 'Lake Geovanyborough', 40);
INSERT INTO `profiles` (`user_id`, `sex`, `birthday`, `hometown`, `photo_id`) VALUES (17, 'f', '1983-03-18', 'New Adityaburgh', 10);
INSERT INTO `profiles` (`user_id`, `sex`, `birthday`, `hometown`, `photo_id`) VALUES (18, 'f', '1973-10-17', 'South Summer', 20);
INSERT INTO `profiles` (`user_id`, `sex`, `birthday`, `hometown`, `photo_id`) VALUES (19, 'f', '1999-01-09', 'Legrosshire', 129);
INSERT INTO `profiles` (`user_id`, `sex`, `birthday`, `hometown`, `photo_id`) VALUES (20, 'm', '2006-07-11', 'Oberbrunnerburgh', 67);
INSERT INTO `profiles` (`user_id`, `sex`, `birthday`, `hometown`, `photo_id`) VALUES (21, 'f', '2005-12-04', 'Howellshire', 47);
INSERT INTO `profiles` (`user_id`, `sex`, `birthday`, `hometown`, `photo_id`) VALUES (22, 'm', '1982-10-04', 'Muellerfort', 16);
INSERT INTO `profiles` (`user_id`, `sex`, `birthday`, `hometown`, `photo_id`) VALUES (23, 'm', '1995-12-21', 'Fordfurt', 59);
INSERT INTO `profiles` (`user_id`, `sex`, `birthday`, `hometown`, `photo_id`) VALUES (24, 'f', '1972-01-23', 'North Laurelton', 137);
INSERT INTO `profiles` (`user_id`, `sex`, `birthday`, `hometown`, `photo_id`) VALUES (25, 'f', '2009-12-06', 'East Brielle', 124);
INSERT INTO `profiles` (`user_id`, `sex`, `birthday`, `hometown`, `photo_id`) VALUES (26, 'm', '2018-03-20', 'Kamrenmouth', 16);
INSERT INTO `profiles` (`user_id`, `sex`, `birthday`, `hometown`, `photo_id`) VALUES (27, 'm', '1991-05-01', 'East Ebbamouth', 172);
INSERT INTO `profiles` (`user_id`, `sex`, `birthday`, `hometown`, `photo_id`) VALUES (28, 'm', '1986-09-07', 'Smithfurt', 8);
INSERT INTO `profiles` (`user_id`, `sex`, `birthday`, `hometown`, `photo_id`) VALUES (29, 'f', '1993-06-28', 'Gisselleland', 68);
INSERT INTO `profiles` (`user_id`, `sex`, `birthday`, `hometown`, `photo_id`) VALUES (30, 'f', '1974-03-29', 'North Yasmine', 14);
INSERT INTO `profiles` (`user_id`, `sex`, `birthday`, `hometown`, `photo_id`) VALUES (31, 'm', '1973-08-22', 'Boganfort', 159);
INSERT INTO `profiles` (`user_id`, `sex`, `birthday`, `hometown`, `photo_id`) VALUES (32, 'm', '1986-07-07', 'Barryside', 157);
INSERT INTO `profiles` (`user_id`, `sex`, `birthday`, `hometown`, `photo_id`) VALUES (33, 'm', '1974-05-02', 'West Shea', 192);
INSERT INTO `profiles` (`user_id`, `sex`, `birthday`, `hometown`, `photo_id`) VALUES (34, 'm', '1997-08-15', 'East Ethan', 34);
INSERT INTO `profiles` (`user_id`, `sex`, `birthday`, `hometown`, `photo_id`) VALUES (35, 'f', '1970-07-23', 'North Gradymouth', 147);
INSERT INTO `profiles` (`user_id`, `sex`, `birthday`, `hometown`, `photo_id`) VALUES (36, 'm', '1984-03-25', 'North Reba', 193);
INSERT INTO `profiles` (`user_id`, `sex`, `birthday`, `hometown`, `photo_id`) VALUES (37, 'm', '1998-03-21', 'New Travon', 111);
INSERT INTO `profiles` (`user_id`, `sex`, `birthday`, `hometown`, `photo_id`) VALUES (38, 'm', '2017-05-09', 'Jonestown', 81);
INSERT INTO `profiles` (`user_id`, `sex`, `birthday`, `hometown`, `photo_id`) VALUES (39, 'm', '2015-04-05', 'Lake Olen', 31);
INSERT INTO `profiles` (`user_id`, `sex`, `birthday`, `hometown`, `photo_id`) VALUES (40, 'f', '2015-08-12', 'Lefflerfort', 141);
INSERT INTO `profiles` (`user_id`, `sex`, `birthday`, `hometown`, `photo_id`) VALUES (41, 'f', '1995-10-12', 'South Destineefort', 90);
INSERT INTO `profiles` (`user_id`, `sex`, `birthday`, `hometown`, `photo_id`) VALUES (42, 'f', '1971-06-09', 'New Isabel', 56);
INSERT INTO `profiles` (`user_id`, `sex`, `birthday`, `hometown`, `photo_id`) VALUES (43, 'm', '2015-04-02', 'Othaside', 96);
INSERT INTO `profiles` (`user_id`, `sex`, `birthday`, `hometown`, `photo_id`) VALUES (44, 'f', '2019-08-25', 'Danielberg', 128);
INSERT INTO `profiles` (`user_id`, `sex`, `birthday`, `hometown`, `photo_id`) VALUES (45, 'm', '1978-12-18', 'Haagfort', 126);
INSERT INTO `profiles` (`user_id`, `sex`, `birthday`, `hometown`, `photo_id`) VALUES (46, 'm', '1998-01-20', 'Gerholdside', 38);
INSERT INTO `profiles` (`user_id`, `sex`, `birthday`, `hometown`, `photo_id`) VALUES (47, 'm', '1970-08-26', 'Trenthaven', 19);
INSERT INTO `profiles` (`user_id`, `sex`, `birthday`, `hometown`, `photo_id`) VALUES (48, 'm', '2018-03-13', 'Ariannabury', 187);
INSERT INTO `profiles` (`user_id`, `sex`, `birthday`, `hometown`, `photo_id`) VALUES (49, 'm', '1985-02-06', 'Elisabethview', 148);
INSERT INTO `profiles` (`user_id`, `sex`, `birthday`, `hometown`, `photo_id`) VALUES (50, 'f', '1995-11-16', 'Gustmouth', 156);
INSERT INTO `profiles` (`user_id`, `sex`, `birthday`, `hometown`, `photo_id`) VALUES (51, 'f', '2014-10-02', 'New Cassandra', 21);
INSERT INTO `profiles` (`user_id`, `sex`, `birthday`, `hometown`, `photo_id`) VALUES (52, 'f', '2010-10-13', 'Wittington', 179);
INSERT INTO `profiles` (`user_id`, `sex`, `birthday`, `hometown`, `photo_id`) VALUES (53, 'f', '1988-06-10', 'West Vilma', 144);
INSERT INTO `profiles` (`user_id`, `sex`, `birthday`, `hometown`, `photo_id`) VALUES (54, 'm', '2010-08-19', 'Jefferyview', 104);
INSERT INTO `profiles` (`user_id`, `sex`, `birthday`, `hometown`, `photo_id`) VALUES (55, 'f', '2013-01-30', 'South Johnniechester', 181);
INSERT INTO `profiles` (`user_id`, `sex`, `birthday`, `hometown`, `photo_id`) VALUES (56, 'm', '2011-03-21', 'Nikolausstad', 39);
INSERT INTO `profiles` (`user_id`, `sex`, `birthday`, `hometown`, `photo_id`) VALUES (57, 'm', '1970-02-02', 'Ashashire', 165);
INSERT INTO `profiles` (`user_id`, `sex`, `birthday`, `hometown`, `photo_id`) VALUES (58, 'f', '2003-12-08', 'Curtisshire', 19);
INSERT INTO `profiles` (`user_id`, `sex`, `birthday`, `hometown`, `photo_id`) VALUES (59, 'f', '2009-12-03', 'West Elseberg', 190);
INSERT INTO `profiles` (`user_id`, `sex`, `birthday`, `hometown`, `photo_id`) VALUES (60, 'f', '1973-06-02', 'Lake Garlandborough', 157);
INSERT INTO `profiles` (`user_id`, `sex`, `birthday`, `hometown`, `photo_id`) VALUES (61, 'm', '2018-04-09', 'South Maiya', 153);
INSERT INTO `profiles` (`user_id`, `sex`, `birthday`, `hometown`, `photo_id`) VALUES (62, 'f', '1970-10-26', 'South German', 96);
INSERT INTO `profiles` (`user_id`, `sex`, `birthday`, `hometown`, `photo_id`) VALUES (63, 'm', '2006-06-23', 'Rozellabury', 71);
INSERT INTO `profiles` (`user_id`, `sex`, `birthday`, `hometown`, `photo_id`) VALUES (64, 'm', '1996-03-19', 'Port Delphineberg', 114);
INSERT INTO `profiles` (`user_id`, `sex`, `birthday`, `hometown`, `photo_id`) VALUES (65, 'f', '1982-10-04', 'New Novella', 193);
INSERT INTO `profiles` (`user_id`, `sex`, `birthday`, `hometown`, `photo_id`) VALUES (66, 'm', '1981-04-05', 'South Claudiechester', 6);
INSERT INTO `profiles` (`user_id`, `sex`, `birthday`, `hometown`, `photo_id`) VALUES (67, 'f', '1970-02-04', 'West Robertatown', 178);
INSERT INTO `profiles` (`user_id`, `sex`, `birthday`, `hometown`, `photo_id`) VALUES (68, 'm', '1984-07-29', 'Beattytown', 62);
INSERT INTO `profiles` (`user_id`, `sex`, `birthday`, `hometown`, `photo_id`) VALUES (69, 'f', '1984-04-29', 'New Elizabury', 173);
INSERT INTO `profiles` (`user_id`, `sex`, `birthday`, `hometown`, `photo_id`) VALUES (70, 'm', '1990-06-29', 'South Myaton', 114);
INSERT INTO `profiles` (`user_id`, `sex`, `birthday`, `hometown`, `photo_id`) VALUES (71, 'f', '1981-09-11', 'Cremintown', 78);
INSERT INTO `profiles` (`user_id`, `sex`, `birthday`, `hometown`, `photo_id`) VALUES (72, 'f', '1991-01-01', 'South Lyda', 53);
INSERT INTO `profiles` (`user_id`, `sex`, `birthday`, `hometown`, `photo_id`) VALUES (73, 'm', '1974-05-17', 'South Lori', 155);
INSERT INTO `profiles` (`user_id`, `sex`, `birthday`, `hometown`, `photo_id`) VALUES (74, 'm', '2015-03-31', 'Port Adriel', 48);
INSERT INTO `profiles` (`user_id`, `sex`, `birthday`, `hometown`, `photo_id`) VALUES (75, 'm', '1998-07-07', 'Treutelhaven', 159);
INSERT INTO `profiles` (`user_id`, `sex`, `birthday`, `hometown`, `photo_id`) VALUES (76, 'f', '1978-09-30', 'Hallieport', 104);
INSERT INTO `profiles` (`user_id`, `sex`, `birthday`, `hometown`, `photo_id`) VALUES (77, 'm', '2003-12-08', 'Janefurt', 48);
INSERT INTO `profiles` (`user_id`, `sex`, `birthday`, `hometown`, `photo_id`) VALUES (78, 'm', '2007-10-04', 'North Roger', 132);
INSERT INTO `profiles` (`user_id`, `sex`, `birthday`, `hometown`, `photo_id`) VALUES (79, 'm', '2007-02-22', 'West Lurlineville', 183);
INSERT INTO `profiles` (`user_id`, `sex`, `birthday`, `hometown`, `photo_id`) VALUES (80, 'f', '2011-12-13', 'Lake Yadira', 150);
INSERT INTO `profiles` (`user_id`, `sex`, `birthday`, `hometown`, `photo_id`) VALUES (81, 'f', '1973-10-13', 'Port Amyaview', 55);
INSERT INTO `profiles` (`user_id`, `sex`, `birthday`, `hometown`, `photo_id`) VALUES (82, 'f', '1995-05-05', 'South Janelle', 97);
INSERT INTO `profiles` (`user_id`, `sex`, `birthday`, `hometown`, `photo_id`) VALUES (83, 'f', '2015-07-05', 'East Damonshire', 154);
INSERT INTO `profiles` (`user_id`, `sex`, `birthday`, `hometown`, `photo_id`) VALUES (84, 'f', '1995-06-05', 'South Luciano', 149);
INSERT INTO `profiles` (`user_id`, `sex`, `birthday`, `hometown`, `photo_id`) VALUES (85, 'f', '1999-04-20', 'Williamsonbury', 79);
INSERT INTO `profiles` (`user_id`, `sex`, `birthday`, `hometown`, `photo_id`) VALUES (86, 'f', '1983-12-18', 'Alfredashire', 110);
INSERT INTO `profiles` (`user_id`, `sex`, `birthday`, `hometown`, `photo_id`) VALUES (87, 'm', '1999-05-01', 'Runteland', 139);
INSERT INTO `profiles` (`user_id`, `sex`, `birthday`, `hometown`, `photo_id`) VALUES (88, 'f', '1989-01-10', 'Port Adrianville', 3);
INSERT INTO `profiles` (`user_id`, `sex`, `birthday`, `hometown`, `photo_id`) VALUES (89, 'm', '1991-09-23', 'Sheldonhaven', 127);
INSERT INTO `profiles` (`user_id`, `sex`, `birthday`, `hometown`, `photo_id`) VALUES (90, 'f', '1997-08-23', 'Daronview', 18);
INSERT INTO `profiles` (`user_id`, `sex`, `birthday`, `hometown`, `photo_id`) VALUES (91, 'm', '2001-09-21', 'North Anibal', 43);
INSERT INTO `profiles` (`user_id`, `sex`, `birthday`, `hometown`, `photo_id`) VALUES (92, 'm', '1980-01-28', 'New Budberg', 18);
INSERT INTO `profiles` (`user_id`, `sex`, `birthday`, `hometown`, `photo_id`) VALUES (93, 'm', '1980-05-17', 'Soniaton', 67);
INSERT INTO `profiles` (`user_id`, `sex`, `birthday`, `hometown`, `photo_id`) VALUES (94, 'f', '2015-04-13', 'Dickishire', 6);
INSERT INTO `profiles` (`user_id`, `sex`, `birthday`, `hometown`, `photo_id`) VALUES (95, 'm', '1995-05-22', 'New Ottis', 23);
INSERT INTO `profiles` (`user_id`, `sex`, `birthday`, `hometown`, `photo_id`) VALUES (96, 'm', '2006-09-08', 'Port Sydneyview', 90);
INSERT INTO `profiles` (`user_id`, `sex`, `birthday`, `hometown`, `photo_id`) VALUES (97, 'm', '1971-10-06', 'South Halie', 200);
INSERT INTO `profiles` (`user_id`, `sex`, `birthday`, `hometown`, `photo_id`) VALUES (98, 'm', '1977-01-17', 'Port Carybury', 61);
INSERT INTO `profiles` (`user_id`, `sex`, `birthday`, `hometown`, `photo_id`) VALUES (99, 'm', '2001-02-03', 'Feesttown', 120);
INSERT INTO `profiles` (`user_id`, `sex`, `birthday`, `hometown`, `photo_id`) VALUES (100, 'f', '1985-07-16', 'Kunzeview', 127);


#
# TABLE STRUCTURE FOR: reviews
#

DROP TABLE IF EXISTS `reviews`;

CREATE TABLE `reviews` (
  `id` int(10) unsigned NOT NULL AUTO_INCREMENT,
  `film_id` int(10) unsigned NOT NULL,
  `user_id` int(10) unsigned NOT NULL,
  `body` text COLLATE utf8_unicode_ci NOT NULL,
  `created_at` datetime DEFAULT current_timestamp(),
  `updated_at` datetime DEFAULT current_timestamp() ON UPDATE current_timestamp(),
  PRIMARY KEY (`id`)
) ENGINE=InnoDB AUTO_INCREMENT=101 DEFAULT CHARSET=utf8 COLLATE=utf8_unicode_ci;

INSERT INTO `reviews` (`id`, `film_id`, `user_id`, `body`, `created_at`, `updated_at`) VALUES (1, 51, 4, 'Recusandae enim id rerum vitae. Enim facilis doloremque consequatur et. Voluptatum ea et labore delectus minima sunt adipisci. Maxime eos dolores excepturi in minus.', '2018-11-16 07:40:36', '1992-11-29 15:20:33');
INSERT INTO `reviews` (`id`, `film_id`, `user_id`, `body`, `created_at`, `updated_at`) VALUES (2, 94, 38, 'Dolorum dolor eaque est excepturi possimus fugit. Blanditiis dignissimos voluptatem illum nihil. Quia omnis minima et debitis et.', '2019-04-13 17:17:11', '1993-08-16 04:19:53');
INSERT INTO `reviews` (`id`, `film_id`, `user_id`, `body`, `created_at`, `updated_at`) VALUES (3, 36, 21, 'Nam illum alias aut rerum quibusdam et. Rerum amet ut qui in nemo. Sint excepturi dolor eligendi et.', '1986-11-08 04:01:48', '2009-04-21 14:06:39');
INSERT INTO `reviews` (`id`, `film_id`, `user_id`, `body`, `created_at`, `updated_at`) VALUES (4, 71, 19, 'Quos officiis nemo quae. Ducimus fugit assumenda voluptas fuga non harum quis. Omnis in aliquid quo et atque doloremque quia.', '2006-10-19 20:19:17', '1972-06-19 08:36:07');
INSERT INTO `reviews` (`id`, `film_id`, `user_id`, `body`, `created_at`, `updated_at`) VALUES (5, 9, 97, 'Consequatur veniam est ipsa nihil sed et dolorem illo. Error sunt ut vero reiciendis quod. Quos et ducimus corporis rerum et quia enim.', '2019-06-02 10:48:40', '2008-01-29 01:31:49');
INSERT INTO `reviews` (`id`, `film_id`, `user_id`, `body`, `created_at`, `updated_at`) VALUES (6, 24, 18, 'Numquam beatae est impedit dignissimos qui ipsum ratione. Ut repellat ut eum perferendis aliquam sed. Minima vel voluptatibus ab quae. Autem placeat nulla ea similique eius.', '1983-10-19 11:50:26', '1983-12-26 09:39:06');
INSERT INTO `reviews` (`id`, `film_id`, `user_id`, `body`, `created_at`, `updated_at`) VALUES (7, 92, 27, 'Quis minima assumenda dolorem eligendi rem atque. Ut natus maiores magnam doloremque perferendis. Tempore ut aut nihil.', '1971-04-25 00:56:56', '1998-02-28 17:43:30');
INSERT INTO `reviews` (`id`, `film_id`, `user_id`, `body`, `created_at`, `updated_at`) VALUES (8, 31, 42, 'Animi voluptatem autem facere et. Molestiae quisquam autem vero soluta est quos totam. Velit optio consectetur non voluptatem non consequatur laudantium. Est atque corporis aliquid quisquam placeat.', '1997-10-12 14:40:42', '1997-02-20 09:14:17');
INSERT INTO `reviews` (`id`, `film_id`, `user_id`, `body`, `created_at`, `updated_at`) VALUES (9, 5, 72, 'Ab sequi tempora et vel esse deleniti. Cupiditate sunt occaecati non itaque qui nihil. Delectus neque cum animi odit. Quod qui voluptates est quaerat commodi nemo.', '1974-07-30 08:14:09', '2015-02-14 22:33:34');
INSERT INTO `reviews` (`id`, `film_id`, `user_id`, `body`, `created_at`, `updated_at`) VALUES (10, 64, 31, 'Quisquam occaecati impedit aut. Exercitationem minima aliquam ut non quam culpa molestiae. Et accusantium fugiat voluptas dolor officiis est adipisci impedit. Molestiae blanditiis numquam sint incidunt. Harum est unde voluptatum in temporibus.', '2008-05-18 21:05:05', '1983-08-28 04:46:07');
INSERT INTO `reviews` (`id`, `film_id`, `user_id`, `body`, `created_at`, `updated_at`) VALUES (11, 29, 79, 'Nesciunt omnis unde ullam sed. Illo iusto itaque quod quae sint cupiditate et. Dignissimos optio eius est dolor eligendi. Corrupti dolore fugit soluta rerum consequuntur numquam mollitia.', '2002-06-20 18:01:10', '2003-10-26 20:58:40');
INSERT INTO `reviews` (`id`, `film_id`, `user_id`, `body`, `created_at`, `updated_at`) VALUES (12, 17, 61, 'Suscipit totam et et non nesciunt. A eaque rerum aut fuga enim beatae dicta repellat. Nesciunt reiciendis excepturi est aut molestiae nulla quos.', '1972-11-12 01:14:54', '2004-04-22 04:24:58');
INSERT INTO `reviews` (`id`, `film_id`, `user_id`, `body`, `created_at`, `updated_at`) VALUES (13, 64, 95, 'Ratione aspernatur aut et harum quia eos dolorem. Ratione voluptas et est et ullam voluptatibus odio. Officiis dolorem inventore non. Neque labore praesentium neque id beatae sit perferendis.', '1973-12-04 10:52:17', '2004-08-24 09:26:46');
INSERT INTO `reviews` (`id`, `film_id`, `user_id`, `body`, `created_at`, `updated_at`) VALUES (14, 15, 89, 'Facilis vel qui occaecati quia aut ad. Qui omnis harum expedita minus. Veritatis beatae ut enim quisquam.', '1980-03-29 18:43:02', '1973-07-22 13:15:46');
INSERT INTO `reviews` (`id`, `film_id`, `user_id`, `body`, `created_at`, `updated_at`) VALUES (15, 2, 41, 'Provident in libero quia aut impedit aut unde. Omnis deserunt amet commodi sunt. Rerum nam alias quas fugit voluptates.', '1977-08-20 20:16:28', '2005-02-01 22:22:50');
INSERT INTO `reviews` (`id`, `film_id`, `user_id`, `body`, `created_at`, `updated_at`) VALUES (16, 30, 11, 'Quidem totam dolorem eum ipsum adipisci qui et hic. Sed qui libero sed velit quos. Consequatur saepe possimus culpa sit earum amet adipisci. Possimus dolores in distinctio accusamus.', '1974-03-13 08:39:00', '1977-09-27 21:20:47');
INSERT INTO `reviews` (`id`, `film_id`, `user_id`, `body`, `created_at`, `updated_at`) VALUES (17, 34, 92, 'Corrupti quasi eius voluptas quia. Quo consequatur tempore voluptatibus magni qui. Quas ipsam quia quam mollitia cupiditate.', '1987-09-14 14:35:34', '1974-01-10 01:06:25');
INSERT INTO `reviews` (`id`, `film_id`, `user_id`, `body`, `created_at`, `updated_at`) VALUES (18, 65, 52, 'Rerum velit doloremque aliquid culpa libero omnis inventore numquam. Sit nam omnis quas consequuntur. Non dolorum eum voluptates molestias. Distinctio necessitatibus ut nesciunt eos dolorem.', '2011-03-10 01:41:24', '1994-12-14 03:19:35');
INSERT INTO `reviews` (`id`, `film_id`, `user_id`, `body`, `created_at`, `updated_at`) VALUES (19, 59, 33, 'Aut ea ut eum quia eos et. Vel vitae eius non omnis totam aut. Enim rerum at enim.', '1973-10-07 02:50:41', '1976-01-03 03:36:25');
INSERT INTO `reviews` (`id`, `film_id`, `user_id`, `body`, `created_at`, `updated_at`) VALUES (20, 47, 6, 'Voluptatum quibusdam quo eius non eius iste. Ut quia earum sunt. Facere sit sint hic quas a est. Autem sed aut impedit cumque voluptas minus.', '2004-10-14 14:48:01', '1982-10-17 02:07:34');
INSERT INTO `reviews` (`id`, `film_id`, `user_id`, `body`, `created_at`, `updated_at`) VALUES (21, 95, 25, 'Odit exercitationem id fuga qui consequuntur sed. Rerum consequatur aspernatur ea laudantium est quis illo numquam. Sunt dolores nam vel qui dolor. Porro itaque voluptatum ut. Hic facere qui repellat animi molestiae.', '2016-05-31 21:29:09', '2016-11-09 18:02:52');
INSERT INTO `reviews` (`id`, `film_id`, `user_id`, `body`, `created_at`, `updated_at`) VALUES (22, 86, 88, 'Reprehenderit tenetur ut ut pariatur omnis maxime omnis earum. Enim ducimus corrupti voluptas hic non. Nihil vel eveniet veniam qui et deleniti.', '1991-08-30 14:53:09', '1990-10-02 13:13:07');
INSERT INTO `reviews` (`id`, `film_id`, `user_id`, `body`, `created_at`, `updated_at`) VALUES (23, 6, 46, 'Consequatur temporibus officiis corporis recusandae. Sed veniam officiis sapiente quia nisi est quis. Ut dicta tempora libero eligendi.', '1989-10-16 17:29:35', '1985-02-24 19:09:50');
INSERT INTO `reviews` (`id`, `film_id`, `user_id`, `body`, `created_at`, `updated_at`) VALUES (24, 84, 50, 'Quia ut assumenda esse incidunt voluptates perferendis. Reiciendis adipisci id alias quo voluptatem debitis. Et mollitia dignissimos molestiae corporis accusamus officia. Sed rerum at dolorum voluptas necessitatibus.', '1996-02-10 16:09:16', '2006-04-20 12:06:46');
INSERT INTO `reviews` (`id`, `film_id`, `user_id`, `body`, `created_at`, `updated_at`) VALUES (25, 85, 65, 'Est molestias autem ad voluptas et. Ipsa aut magni cumque aspernatur. Ut non accusantium ipsam repellendus similique vero. Aliquid non ex veritatis est. Itaque possimus id culpa est.', '1994-02-27 06:48:16', '2016-05-04 02:28:19');
INSERT INTO `reviews` (`id`, `film_id`, `user_id`, `body`, `created_at`, `updated_at`) VALUES (26, 34, 11, 'Eaque consequuntur vitae ut expedita odio iusto. Delectus quia quos est repudiandae et. Eius nihil rerum non quaerat. Iure laboriosam unde facilis ad possimus non voluptatem.', '1992-04-18 07:14:19', '1973-06-29 05:33:39');
INSERT INTO `reviews` (`id`, `film_id`, `user_id`, `body`, `created_at`, `updated_at`) VALUES (27, 31, 35, 'Quae maiores neque repellendus natus enim enim repellat iste. Minus iure itaque consequatur velit. Eos ut omnis aut est. Voluptas voluptatem quidem sunt nobis et cupiditate.', '1997-07-30 19:11:55', '1995-04-01 14:33:55');
INSERT INTO `reviews` (`id`, `film_id`, `user_id`, `body`, `created_at`, `updated_at`) VALUES (28, 42, 93, 'Fugiat ab tenetur et voluptatem nihil et itaque. Qui omnis consequatur sed vel. Repellendus ut eius reiciendis ut ipsa nam nobis.', '1997-03-09 19:29:58', '1980-11-28 13:50:15');
INSERT INTO `reviews` (`id`, `film_id`, `user_id`, `body`, `created_at`, `updated_at`) VALUES (29, 90, 18, 'Quia rerum minima maxime perferendis ratione explicabo. Eaque repellendus pariatur quas quisquam perferendis. Consequatur facilis nihil consequatur voluptates iste incidunt cupiditate consequatur. Facilis magni non quaerat qui.', '1981-04-21 08:44:47', '1993-01-18 02:28:26');
INSERT INTO `reviews` (`id`, `film_id`, `user_id`, `body`, `created_at`, `updated_at`) VALUES (30, 32, 38, 'Et natus eveniet suscipit nihil commodi. Earum unde omnis adipisci aut consequuntur in. Incidunt similique similique fuga.', '1992-10-21 17:39:19', '2014-09-28 05:19:38');
INSERT INTO `reviews` (`id`, `film_id`, `user_id`, `body`, `created_at`, `updated_at`) VALUES (31, 39, 57, 'Voluptas sint inventore quia dicta et facilis officia. Ab fuga nostrum aut exercitationem molestiae. Quaerat saepe sunt quam ut doloremque non magnam. Modi quasi dolore tempora non non rerum.', '1979-04-23 01:55:45', '1986-11-15 19:31:45');
INSERT INTO `reviews` (`id`, `film_id`, `user_id`, `body`, `created_at`, `updated_at`) VALUES (32, 3, 96, 'Quo possimus et quia delectus et aut. Similique ipsa quia aliquam voluptates est molestiae incidunt. Asperiores dignissimos hic eligendi officiis. Mollitia est rem et ut culpa natus.', '2018-10-10 18:05:30', '1991-03-08 22:46:58');
INSERT INTO `reviews` (`id`, `film_id`, `user_id`, `body`, `created_at`, `updated_at`) VALUES (33, 16, 51, 'Sit incidunt tempora cupiditate sed. Voluptatem non cum voluptatum sit deserunt. Quos nisi eligendi ullam veniam voluptas quia minus. Nam doloribus dolore mollitia dolores veritatis facilis ut voluptatum.', '1984-10-23 03:55:03', '1992-04-26 09:59:45');
INSERT INTO `reviews` (`id`, `film_id`, `user_id`, `body`, `created_at`, `updated_at`) VALUES (34, 63, 71, 'Dolor est molestias sunt culpa aut a dolorum. Iste dolores tempore earum doloremque fugit velit voluptatem. Perspiciatis ut accusantium vitae.', '1970-10-09 19:18:10', '1997-06-04 18:10:04');
INSERT INTO `reviews` (`id`, `film_id`, `user_id`, `body`, `created_at`, `updated_at`) VALUES (35, 58, 51, 'Commodi eius qui autem eos placeat accusantium. Ratione ex modi similique nobis ducimus. Aliquid quo numquam quae dolor. Dolorem dolores culpa quia in.', '1971-11-16 20:38:57', '2009-01-30 10:50:01');
INSERT INTO `reviews` (`id`, `film_id`, `user_id`, `body`, `created_at`, `updated_at`) VALUES (36, 94, 59, 'Ipsa ipsam aliquam officiis eveniet et dicta. Aliquid et animi dicta dolorem et ullam. Rerum nihil sint quia qui tempora nisi voluptatem. Aliquam ut qui aut occaecati velit. Sint numquam magni eius molestiae sint id qui et.', '1984-07-10 23:23:22', '1991-03-05 00:12:59');
INSERT INTO `reviews` (`id`, `film_id`, `user_id`, `body`, `created_at`, `updated_at`) VALUES (37, 4, 36, 'Blanditiis nesciunt qui minus et dolores. Illum quas dolorem explicabo id illum. Consequuntur ab enim quidem id unde. Tempore velit unde excepturi.', '1991-06-11 15:21:06', '2009-10-13 02:26:40');
INSERT INTO `reviews` (`id`, `film_id`, `user_id`, `body`, `created_at`, `updated_at`) VALUES (38, 6, 16, 'Possimus dolores voluptatem provident inventore officia aut alias. Voluptate sed ipsa nesciunt voluptatem velit non porro. Odit dolores cupiditate qui fugiat iste nisi pariatur. Dignissimos aut itaque at temporibus sed.', '1993-01-15 11:57:57', '1981-02-06 07:20:06');
INSERT INTO `reviews` (`id`, `film_id`, `user_id`, `body`, `created_at`, `updated_at`) VALUES (39, 97, 10, 'Temporibus natus quam laudantium nesciunt. Eligendi rerum explicabo velit asperiores.', '1984-06-05 23:43:22', '2006-11-10 06:04:03');
INSERT INTO `reviews` (`id`, `film_id`, `user_id`, `body`, `created_at`, `updated_at`) VALUES (40, 28, 37, 'Ut voluptas illum magni. Dolor dignissimos molestiae necessitatibus sed consequatur.', '1992-06-20 01:22:18', '1996-03-21 17:32:45');
INSERT INTO `reviews` (`id`, `film_id`, `user_id`, `body`, `created_at`, `updated_at`) VALUES (41, 14, 45, 'Amet a architecto cum dolorem. Ut porro omnis omnis aut est.', '1985-12-29 10:19:52', '1982-01-19 23:56:10');
INSERT INTO `reviews` (`id`, `film_id`, `user_id`, `body`, `created_at`, `updated_at`) VALUES (42, 29, 27, 'Necessitatibus accusamus rerum similique illum quisquam. Saepe enim sed culpa sint.', '2008-10-08 12:38:16', '1988-09-15 17:01:47');
INSERT INTO `reviews` (`id`, `film_id`, `user_id`, `body`, `created_at`, `updated_at`) VALUES (43, 9, 78, 'Suscipit maiores quisquam consequatur itaque et. Et nesciunt et laudantium et. Aut itaque qui odit quia non natus officia.', '2006-02-06 06:22:46', '2003-07-03 00:16:02');
INSERT INTO `reviews` (`id`, `film_id`, `user_id`, `body`, `created_at`, `updated_at`) VALUES (44, 13, 71, 'Qui quo quasi ut odit et assumenda quos. Tempore at consequuntur iste eos ut rerum deserunt.', '2011-10-09 17:38:59', '1971-02-06 03:28:56');
INSERT INTO `reviews` (`id`, `film_id`, `user_id`, `body`, `created_at`, `updated_at`) VALUES (45, 96, 84, 'Dicta perferendis voluptas eveniet occaecati. Iure aspernatur ducimus incidunt. Consequatur perspiciatis ut et quod sunt vel.', '2004-11-12 06:36:22', '2017-04-21 12:30:05');
INSERT INTO `reviews` (`id`, `film_id`, `user_id`, `body`, `created_at`, `updated_at`) VALUES (46, 45, 3, 'Veritatis aut quos autem cumque voluptatem quo debitis. Aut atque culpa distinctio qui. Voluptas voluptates id eaque sapiente iusto voluptatem. Minus iusto est nisi.', '2009-06-20 14:53:49', '1990-04-30 02:06:28');
INSERT INTO `reviews` (`id`, `film_id`, `user_id`, `body`, `created_at`, `updated_at`) VALUES (47, 1, 26, 'Rerum nihil architecto et eveniet consectetur repellat voluptate. Magni ut pariatur officiis. Odit molestiae qui consequuntur id quis eligendi omnis. Et sit ut qui voluptas sit sit minus est.', '1972-11-19 12:24:03', '1998-10-14 22:50:43');
INSERT INTO `reviews` (`id`, `film_id`, `user_id`, `body`, `created_at`, `updated_at`) VALUES (48, 36, 31, 'Illum voluptas occaecati animi quasi dicta accusantium est sed. Deserunt blanditiis ut eaque alias magnam dolores dolor. Repudiandae iure laborum non nulla.', '1995-05-11 14:15:42', '1982-06-26 02:02:49');
INSERT INTO `reviews` (`id`, `film_id`, `user_id`, `body`, `created_at`, `updated_at`) VALUES (49, 89, 37, 'Dicta voluptatibus laborum perferendis nihil vero porro. Libero et eum qui voluptas adipisci nemo aut. Odit molestiae ipsa iure eos.', '1978-03-14 09:23:27', '2015-10-08 03:18:28');
INSERT INTO `reviews` (`id`, `film_id`, `user_id`, `body`, `created_at`, `updated_at`) VALUES (50, 16, 58, 'Rem odio sed deleniti officia deserunt. Assumenda qui et tempora et. Consequuntur veritatis et tempore. Aut aliquid voluptatem porro nihil quasi optio quis.', '2018-02-07 22:18:31', '1983-09-20 07:12:40');
INSERT INTO `reviews` (`id`, `film_id`, `user_id`, `body`, `created_at`, `updated_at`) VALUES (51, 33, 68, 'Quis omnis alias nesciunt a. Vel incidunt earum quam sint maiores sapiente autem recusandae. Voluptatem expedita eaque et blanditiis eos.', '2015-11-12 12:06:31', '2000-01-09 19:46:43');
INSERT INTO `reviews` (`id`, `film_id`, `user_id`, `body`, `created_at`, `updated_at`) VALUES (52, 87, 20, 'Exercitationem voluptatem quam est sunt unde at magnam. Veniam expedita voluptatem vitae commodi laudantium. Qui sit facere dolores ab. Possimus aperiam repellat quia ipsa sit mollitia ut ut.', '2004-09-12 14:28:44', '2018-05-16 06:24:13');
INSERT INTO `reviews` (`id`, `film_id`, `user_id`, `body`, `created_at`, `updated_at`) VALUES (53, 15, 97, 'Dolores aperiam impedit explicabo ab rerum dolorem. Nam vel culpa nihil neque possimus odio nisi. Voluptas voluptatem sunt et dignissimos. Eveniet dolor saepe et nostrum et et ut. Et cum aut laudantium voluptatem.', '1998-07-08 11:27:16', '1979-01-06 12:48:51');
INSERT INTO `reviews` (`id`, `film_id`, `user_id`, `body`, `created_at`, `updated_at`) VALUES (54, 33, 91, 'Aperiam ipsa omnis quaerat iusto. Minus nisi laborum occaecati voluptas est. Officiis quibusdam vero laboriosam. Mollitia aut vel quo quibusdam consectetur.', '1999-04-14 04:36:45', '1984-12-21 10:52:34');
INSERT INTO `reviews` (`id`, `film_id`, `user_id`, `body`, `created_at`, `updated_at`) VALUES (55, 58, 76, 'Nulla et et et esse numquam accusamus. Eos fugiat molestiae nulla qui perferendis. Et eum corporis molestiae quasi.', '1999-07-17 09:18:24', '2012-10-20 16:00:44');
INSERT INTO `reviews` (`id`, `film_id`, `user_id`, `body`, `created_at`, `updated_at`) VALUES (56, 73, 43, 'Quod quia neque rem ratione unde. Sint voluptas autem qui omnis qui dicta sit. Voluptas et eaque quia velit numquam.', '2017-03-24 14:05:57', '1992-11-01 07:13:18');
INSERT INTO `reviews` (`id`, `film_id`, `user_id`, `body`, `created_at`, `updated_at`) VALUES (57, 89, 20, 'Quae autem cumque accusantium esse accusantium. Nobis autem hic in modi libero deserunt. Quam vero quod veniam quia velit.', '2006-08-04 00:57:05', '2009-02-02 22:10:07');
INSERT INTO `reviews` (`id`, `film_id`, `user_id`, `body`, `created_at`, `updated_at`) VALUES (58, 7, 59, 'Non eligendi delectus molestiae velit ipsum. Quia est eligendi et et illo quia. Voluptatem laborum mollitia quia id.', '1979-06-28 06:58:33', '2014-10-26 14:33:14');
INSERT INTO `reviews` (`id`, `film_id`, `user_id`, `body`, `created_at`, `updated_at`) VALUES (59, 42, 38, 'Ut illo qui omnis magnam. In reiciendis ullam est. Voluptas itaque voluptate cupiditate rerum voluptates officiis commodi soluta. Aliquid qui ratione facere tempora velit consectetur et suscipit. Molestiae dolorum quos eius.', '1999-10-10 17:23:39', '1992-01-22 17:46:07');
INSERT INTO `reviews` (`id`, `film_id`, `user_id`, `body`, `created_at`, `updated_at`) VALUES (60, 90, 40, 'Dolores aspernatur fugiat iure ea. Omnis qui voluptatum voluptates eos quo voluptatem impedit cupiditate. Dolor laborum enim corrupti est ex.', '1986-09-01 17:31:44', '2003-07-28 14:55:09');
INSERT INTO `reviews` (`id`, `film_id`, `user_id`, `body`, `created_at`, `updated_at`) VALUES (61, 5, 5, 'In ratione quia sed corporis laudantium harum. Incidunt commodi perferendis est aut necessitatibus et. Ipsa voluptate error ipsa sed quaerat. Omnis quis sed et pariatur est est est.', '1971-04-01 21:08:09', '1983-03-13 03:34:39');
INSERT INTO `reviews` (`id`, `film_id`, `user_id`, `body`, `created_at`, `updated_at`) VALUES (62, 69, 37, 'Sit voluptatem voluptatem sit ratione quaerat dolore. Ab aut saepe ex iste rem. Est libero facere eum suscipit. Aperiam in qui exercitationem voluptatum.', '1982-03-23 06:47:25', '1998-10-16 12:14:07');
INSERT INTO `reviews` (`id`, `film_id`, `user_id`, `body`, `created_at`, `updated_at`) VALUES (63, 22, 37, 'Laboriosam quia placeat qui perferendis culpa. Ipsa voluptatibus reprehenderit voluptas odit. Iusto quia vitae ipsam in.', '2005-05-19 14:53:46', '2016-06-01 02:20:02');
INSERT INTO `reviews` (`id`, `film_id`, `user_id`, `body`, `created_at`, `updated_at`) VALUES (64, 3, 76, 'Omnis sunt sapiente quia voluptate voluptatibus suscipit voluptate. Cum est eligendi enim tempore velit ipsum deserunt voluptatem. Maiores veritatis qui vitae unde suscipit sit quidem. Non excepturi pariatur autem optio ipsa velit.', '1983-02-22 07:37:56', '1991-05-08 04:09:48');
INSERT INTO `reviews` (`id`, `film_id`, `user_id`, `body`, `created_at`, `updated_at`) VALUES (65, 79, 63, 'Repellat voluptate modi quia sunt eveniet et. Rerum earum qui libero est eum eaque.', '2010-05-06 03:53:05', '1973-08-27 19:57:56');
INSERT INTO `reviews` (`id`, `film_id`, `user_id`, `body`, `created_at`, `updated_at`) VALUES (66, 28, 45, 'Cupiditate rerum voluptates blanditiis beatae nemo. Ut tenetur et non. Necessitatibus quia tempora illo eum. Odio cupiditate sunt quod eos iste neque.', '1977-01-16 10:09:56', '1984-11-24 06:34:19');
INSERT INTO `reviews` (`id`, `film_id`, `user_id`, `body`, `created_at`, `updated_at`) VALUES (67, 51, 43, 'Consequatur similique facere non deserunt aut. Nulla dolor ut atque repellendus. Dolorem quibusdam corrupti expedita. Officia et quod nostrum nihil nihil molestias ipsam.', '2011-03-18 17:01:57', '2002-10-18 02:26:57');
INSERT INTO `reviews` (`id`, `film_id`, `user_id`, `body`, `created_at`, `updated_at`) VALUES (68, 97, 14, 'Cum doloribus aut ut quisquam. Necessitatibus dolorem ut maxime quasi ut accusamus dolore. Eveniet omnis sunt eum. Voluptatem nisi alias et qui cumque.', '2012-01-12 01:00:03', '1991-01-03 00:30:41');
INSERT INTO `reviews` (`id`, `film_id`, `user_id`, `body`, `created_at`, `updated_at`) VALUES (69, 43, 25, 'Ab at odio quas saepe iusto libero. Quis maiores et libero voluptatem. Quisquam id et quam sint. Sequi beatae rerum deserunt aperiam error.', '2009-01-02 15:15:41', '1972-07-01 15:28:16');
INSERT INTO `reviews` (`id`, `film_id`, `user_id`, `body`, `created_at`, `updated_at`) VALUES (70, 31, 15, 'Et nulla odio est aut nam assumenda quae. Officiis in qui aperiam in nostrum cum laudantium neque. Quia possimus nam provident commodi voluptates error. Numquam repellendus qui blanditiis aut rem repellendus.', '1971-09-11 19:54:06', '1975-02-17 12:59:54');
INSERT INTO `reviews` (`id`, `film_id`, `user_id`, `body`, `created_at`, `updated_at`) VALUES (71, 61, 89, 'Nihil in dignissimos quo fuga atque et. Vel dolore dolor reiciendis et voluptas sint. Vero iusto soluta exercitationem nihil vero reprehenderit. Ipsa quasi nostrum exercitationem porro eos qui.', '2004-01-11 04:00:28', '1982-06-06 08:36:58');
INSERT INTO `reviews` (`id`, `film_id`, `user_id`, `body`, `created_at`, `updated_at`) VALUES (72, 94, 66, 'Veniam reiciendis cumque molestias nobis accusamus omnis. Est nemo perferendis aut. Sed et et temporibus sit sit ea. Inventore repudiandae et minus quam exercitationem recusandae aut.', '2006-11-28 09:08:18', '2004-07-28 20:46:38');
INSERT INTO `reviews` (`id`, `film_id`, `user_id`, `body`, `created_at`, `updated_at`) VALUES (73, 97, 20, 'Et reiciendis tempore aut voluptatum. Consectetur quia autem quia odio repellat nesciunt iure.', '1970-02-26 18:30:23', '2007-11-18 08:32:47');
INSERT INTO `reviews` (`id`, `film_id`, `user_id`, `body`, `created_at`, `updated_at`) VALUES (74, 91, 20, 'Fuga eius quidem veniam dolores placeat dignissimos et dicta. Perspiciatis quibusdam laborum quo sint incidunt repudiandae quos quia. Id voluptate dolor non excepturi quia voluptas.', '2015-01-19 19:08:26', '1998-08-31 09:11:43');
INSERT INTO `reviews` (`id`, `film_id`, `user_id`, `body`, `created_at`, `updated_at`) VALUES (75, 55, 90, 'Officiis sit qui voluptas et suscipit. Non fugiat dolorem saepe similique voluptatem laboriosam eveniet non. Sit dolor consequatur sapiente quo quia repellat veritatis. Voluptatem reprehenderit sed voluptates quasi ea inventore nam.', '2012-10-27 09:31:34', '1997-09-04 23:54:48');
INSERT INTO `reviews` (`id`, `film_id`, `user_id`, `body`, `created_at`, `updated_at`) VALUES (76, 3, 30, 'Recusandae odio consectetur ipsam velit sed delectus dolores. Eligendi facere aut illo ullam voluptates ipsa. Ipsum accusantium labore dolorem odit aut cupiditate recusandae.', '1994-05-08 15:17:07', '1987-04-21 04:47:37');
INSERT INTO `reviews` (`id`, `film_id`, `user_id`, `body`, `created_at`, `updated_at`) VALUES (77, 88, 30, 'At et ea similique suscipit non vero. Tempore saepe nobis mollitia quaerat fugit sit dolor consequatur. Dolorem voluptas facilis ut in dignissimos sint voluptates. Dolor libero non et tempora vel et.', '2002-03-12 02:43:31', '1984-01-01 08:57:56');
INSERT INTO `reviews` (`id`, `film_id`, `user_id`, `body`, `created_at`, `updated_at`) VALUES (78, 82, 89, 'Maxime beatae perferendis sed mollitia optio. Soluta ut error et commodi quo aut. Sed sunt corporis illo. Sint saepe ea ipsam placeat possimus. Libero quos aut nulla nisi atque.', '2016-01-11 15:10:13', '1978-09-09 22:13:11');
INSERT INTO `reviews` (`id`, `film_id`, `user_id`, `body`, `created_at`, `updated_at`) VALUES (79, 81, 45, 'Nulla minima totam sed maiores minus magnam. Omnis similique sunt enim ipsa cum. Quibusdam non vel laboriosam a ut vel. Ea et rerum culpa rerum.', '1982-02-18 20:26:38', '1988-03-03 03:34:12');
INSERT INTO `reviews` (`id`, `film_id`, `user_id`, `body`, `created_at`, `updated_at`) VALUES (80, 25, 91, 'Deleniti autem sit in non quia aut explicabo. Neque autem accusantium aut est ut magni. Qui repudiandae qui quibusdam sed reiciendis. Rerum sint sed cum.', '1997-02-19 20:29:37', '1977-12-19 11:41:09');
INSERT INTO `reviews` (`id`, `film_id`, `user_id`, `body`, `created_at`, `updated_at`) VALUES (81, 38, 76, 'Eum veniam porro nulla cumque consequuntur. Et sunt provident odio. Optio delectus et qui ab repudiandae consequatur doloribus. Incidunt fuga blanditiis laboriosam consectetur sequi error nihil.', '1970-02-11 19:26:45', '1983-03-18 12:49:43');
INSERT INTO `reviews` (`id`, `film_id`, `user_id`, `body`, `created_at`, `updated_at`) VALUES (82, 47, 6, 'Expedita explicabo nisi et veniam aut est in neque. Dolorum minima molestiae praesentium odit excepturi voluptas dolor. Ut dolores laboriosam asperiores. Quae et necessitatibus deleniti a corporis quis.', '2010-03-03 10:29:07', '1997-04-28 08:11:12');
INSERT INTO `reviews` (`id`, `film_id`, `user_id`, `body`, `created_at`, `updated_at`) VALUES (83, 15, 82, 'Aliquid ut necessitatibus earum ut iste. Qui aperiam quia quam a provident fugiat. Odit libero doloribus aut a et enim. Cumque eum et repellendus animi.', '2015-09-29 04:07:51', '2012-07-17 14:18:47');
INSERT INTO `reviews` (`id`, `film_id`, `user_id`, `body`, `created_at`, `updated_at`) VALUES (84, 7, 53, 'Aliquid reiciendis accusantium earum dolores exercitationem asperiores voluptas. Labore aut unde consectetur repudiandae neque odio aperiam illum.', '1980-06-10 18:02:38', '2007-04-29 15:53:45');
INSERT INTO `reviews` (`id`, `film_id`, `user_id`, `body`, `created_at`, `updated_at`) VALUES (85, 71, 75, 'Quis hic et facilis vero. Quidem qui ex exercitationem delectus. Et necessitatibus aperiam totam. Et mollitia autem odit earum.', '1981-04-08 16:50:41', '2008-09-19 08:23:33');
INSERT INTO `reviews` (`id`, `film_id`, `user_id`, `body`, `created_at`, `updated_at`) VALUES (86, 19, 17, 'Vero laborum et unde exercitationem. Ducimus sint occaecati molestiae quisquam. Perspiciatis est mollitia aut dolorem qui facere. Labore soluta rerum in maxime.', '1972-10-27 07:25:03', '2019-09-18 05:16:55');
INSERT INTO `reviews` (`id`, `film_id`, `user_id`, `body`, `created_at`, `updated_at`) VALUES (87, 63, 80, 'Et dolor sapiente dolor odit repellendus. Assumenda earum magnam sint et eos amet. Qui nihil beatae illo facere ad ut ea.', '2006-05-05 16:45:10', '1979-02-03 00:43:37');
INSERT INTO `reviews` (`id`, `film_id`, `user_id`, `body`, `created_at`, `updated_at`) VALUES (88, 24, 47, 'Voluptatem aut sit et magnam dolor illo sit. Quo ea repellendus laboriosam temporibus excepturi sunt ex est. Dignissimos quia inventore vel nobis est porro. In harum porro recusandae minus dolores aut animi quae.', '2010-04-20 17:01:20', '1970-01-23 23:53:33');
INSERT INTO `reviews` (`id`, `film_id`, `user_id`, `body`, `created_at`, `updated_at`) VALUES (89, 27, 51, 'Nobis commodi ipsa non a. Consequatur quaerat amet nobis hic distinctio et ratione. Tenetur aut dolore numquam numquam ut. Quia quos omnis voluptas maxime minima ut ea.', '2017-02-16 03:38:54', '1991-07-17 12:38:57');
INSERT INTO `reviews` (`id`, `film_id`, `user_id`, `body`, `created_at`, `updated_at`) VALUES (90, 63, 32, 'Tempora aut repudiandae numquam aperiam dolor ut. Omnis quis perspiciatis est officiis veritatis voluptatem sed. Et delectus modi delectus et ducimus at quos.', '2017-04-16 02:29:51', '2008-05-29 05:32:24');
INSERT INTO `reviews` (`id`, `film_id`, `user_id`, `body`, `created_at`, `updated_at`) VALUES (91, 30, 37, 'Consequuntur ad modi odit vel. Ut excepturi est ad laudantium. Et suscipit ea harum quia culpa et eos.', '2002-01-25 04:29:00', '1976-02-12 19:00:01');
INSERT INTO `reviews` (`id`, `film_id`, `user_id`, `body`, `created_at`, `updated_at`) VALUES (92, 28, 23, 'Enim eos voluptate officiis ea libero ut repellendus. Ipsa corrupti et enim qui eaque. Est ut autem voluptatem consectetur consequatur.', '1975-03-18 10:19:01', '1982-03-07 20:57:02');
INSERT INTO `reviews` (`id`, `film_id`, `user_id`, `body`, `created_at`, `updated_at`) VALUES (93, 54, 11, 'Illo et eum unde blanditiis molestias. Quaerat mollitia molestiae autem veniam similique. Facilis ea accusamus deserunt voluptates fugit.', '1977-02-19 12:03:06', '1982-08-14 03:07:53');
INSERT INTO `reviews` (`id`, `film_id`, `user_id`, `body`, `created_at`, `updated_at`) VALUES (94, 73, 74, 'Odit voluptas suscipit quia sint deserunt. Dolor autem laudantium facere magnam quia beatae eos sit. Optio eos non optio rerum esse aut. Sint temporibus ut ducimus sunt numquam corrupti.', '1999-03-18 09:12:38', '1971-01-11 06:41:44');
INSERT INTO `reviews` (`id`, `film_id`, `user_id`, `body`, `created_at`, `updated_at`) VALUES (95, 30, 98, 'Odit perferendis eos praesentium et. Modi consectetur esse quia qui eos doloremque pariatur. Omnis modi atque consequatur ipsum tempora et vitae sit. Quam sit aut non beatae consequatur exercitationem.', '1973-06-01 09:04:32', '1999-02-08 20:49:09');
INSERT INTO `reviews` (`id`, `film_id`, `user_id`, `body`, `created_at`, `updated_at`) VALUES (96, 90, 92, 'Alias et et magnam tempore quidem quo. Est voluptate nisi illum animi est quis tenetur. Ipsam omnis soluta et dolor ut ea. Fugiat eum odio rerum voluptatem.', '1974-04-14 01:53:46', '2003-09-17 03:39:43');
INSERT INTO `reviews` (`id`, `film_id`, `user_id`, `body`, `created_at`, `updated_at`) VALUES (97, 41, 88, 'Molestias recusandae nihil veritatis ab rerum nostrum voluptas porro. Natus eos quod illo dicta assumenda. Explicabo atque itaque qui et corporis repellat nobis.', '2014-05-07 06:13:26', '2002-04-04 13:35:22');
INSERT INTO `reviews` (`id`, `film_id`, `user_id`, `body`, `created_at`, `updated_at`) VALUES (98, 87, 83, 'Laboriosam dolores ipsa aliquam qui recusandae consectetur esse ipsum. Voluptas officiis ut ipsa nam repellendus illum adipisci.', '2017-05-17 16:48:40', '2006-08-03 06:23:49');
INSERT INTO `reviews` (`id`, `film_id`, `user_id`, `body`, `created_at`, `updated_at`) VALUES (99, 69, 83, 'Nihil quia excepturi provident minus asperiores. Exercitationem sint ut iure ullam et quia. Ut et suscipit nihil at. Id debitis officiis molestias consequatur incidunt. Vero veritatis ut qui voluptas.', '1971-12-22 10:32:40', '1971-05-23 23:10:44');
INSERT INTO `reviews` (`id`, `film_id`, `user_id`, `body`, `created_at`, `updated_at`) VALUES (100, 32, 86, 'Quia modi maxime illo est pariatur aut. Distinctio repellat libero expedita aperiam sequi hic quia. Et voluptas et minima ex nihil. Vero rem consequuntur quod deserunt iure voluptatem.', '1989-07-24 16:46:58', '1984-12-21 14:59:05');


#
# TABLE STRUCTURE FOR: target_types
#

DROP TABLE IF EXISTS `target_types`;

CREATE TABLE `target_types` (
  `id` int(10) unsigned NOT NULL AUTO_INCREMENT,
  `name` varchar(255) COLLATE utf8_unicode_ci NOT NULL,
  `created_at` datetime DEFAULT current_timestamp(),
  PRIMARY KEY (`id`),
  UNIQUE KEY `name` (`name`)
) ENGINE=InnoDB AUTO_INCREMENT=8 DEFAULT CHARSET=utf8 COLLATE=utf8_unicode_ci;

INSERT INTO `target_types` (`id`, `name`, `created_at`) VALUES (1, 'iste', '1977-12-29 06:36:28');
INSERT INTO `target_types` (`id`, `name`, `created_at`) VALUES (2, 'ut', '1971-06-16 21:18:16');
INSERT INTO `target_types` (`id`, `name`, `created_at`) VALUES (3, 'maiores', '1998-12-04 17:44:13');
INSERT INTO `target_types` (`id`, `name`, `created_at`) VALUES (4, 'recusandae', '1995-10-24 09:45:37');
INSERT INTO `target_types` (`id`, `name`, `created_at`) VALUES (5, 'nulla', '2016-11-24 05:34:06');
INSERT INTO `target_types` (`id`, `name`, `created_at`) VALUES (6, 'et', '2010-02-17 05:58:21');
INSERT INTO `target_types` (`id`, `name`, `created_at`) VALUES (7, 'praesentium', '2019-10-29 15:10:34');


#
# TABLE STRUCTURE FOR: users
#

DROP TABLE IF EXISTS `users`;

CREATE TABLE `users` (
  `id` int(10) unsigned NOT NULL AUTO_INCREMENT,
  `first_name` varchar(100) COLLATE utf8_unicode_ci NOT NULL,
  `last_name` varchar(100) COLLATE utf8_unicode_ci NOT NULL,
  `email` varchar(120) COLLATE utf8_unicode_ci NOT NULL,
  `phone` varchar(120) COLLATE utf8_unicode_ci NOT NULL,
  `created_at` datetime DEFAULT current_timestamp(),
  `updated_at` datetime DEFAULT current_timestamp() ON UPDATE current_timestamp(),
  PRIMARY KEY (`id`),
  UNIQUE KEY `email` (`email`),
  UNIQUE KEY `phone` (`phone`)
) ENGINE=InnoDB AUTO_INCREMENT=101 DEFAULT CHARSET=utf8 COLLATE=utf8_unicode_ci;

INSERT INTO `users` (`id`, `first_name`, `last_name`, `email`, `phone`, `created_at`, `updated_at`) VALUES (1, 'Lukas', 'Shanahan', 'langosh.vern@example.com', '392-710-5810x519', '2002-09-09 20:53:10', '1994-03-19 12:45:42');
INSERT INTO `users` (`id`, `first_name`, `last_name`, `email`, `phone`, `created_at`, `updated_at`) VALUES (2, 'Kaylah', 'Pacocha', 'laurie.wolf@example.net', '(081)036-4155x019', '2007-06-04 12:40:15', '1998-07-01 06:44:01');
INSERT INTO `users` (`id`, `first_name`, `last_name`, `email`, `phone`, `created_at`, `updated_at`) VALUES (3, 'Hyman', 'Shanahan', 'stark.deion@example.com', '05938542991', '2006-02-17 04:09:55', '1994-12-06 22:56:44');
INSERT INTO `users` (`id`, `first_name`, `last_name`, `email`, `phone`, `created_at`, `updated_at`) VALUES (4, 'Adelia', 'Auer', 'aleen.miller@example.net', '(472)874-5650x0877', '2007-03-22 11:25:02', '1976-10-02 07:55:27');
INSERT INTO `users` (`id`, `first_name`, `last_name`, `email`, `phone`, `created_at`, `updated_at`) VALUES (5, 'Gail', 'Conn', 'sbode@example.org', '06050369352', '2000-10-11 05:16:38', '1979-01-27 20:00:41');
INSERT INTO `users` (`id`, `first_name`, `last_name`, `email`, `phone`, `created_at`, `updated_at`) VALUES (6, 'Mohamed', 'Hills', 'gutmann.buster@example.net', '693.401.8223', '1996-08-01 21:11:05', '1983-08-01 23:56:34');
INSERT INTO `users` (`id`, `first_name`, `last_name`, `email`, `phone`, `created_at`, `updated_at`) VALUES (7, 'Margarette', 'Swaniawski', 'annabelle.reilly@example.com', '291-298-5961x872', '1982-04-25 10:13:20', '1998-05-20 19:22:33');
INSERT INTO `users` (`id`, `first_name`, `last_name`, `email`, `phone`, `created_at`, `updated_at`) VALUES (8, 'Crawford', 'Ortiz', 'tavares25@example.net', '1-669-727-5398', '1987-05-31 21:36:14', '1975-08-18 19:24:23');
INSERT INTO `users` (`id`, `first_name`, `last_name`, `email`, `phone`, `created_at`, `updated_at`) VALUES (9, 'Yasmin', 'Fahey', 'lorena06@example.org', '1-047-089-9691', '1970-06-04 14:12:39', '2003-03-31 12:30:04');
INSERT INTO `users` (`id`, `first_name`, `last_name`, `email`, `phone`, `created_at`, `updated_at`) VALUES (10, 'Julius', 'Wuckert', 'jennings.fahey@example.com', '(755)819-2646', '1995-02-26 11:26:56', '1989-08-15 08:17:20');
INSERT INTO `users` (`id`, `first_name`, `last_name`, `email`, `phone`, `created_at`, `updated_at`) VALUES (11, 'Ulices', 'Skiles', 'donnelly.jade@example.com', '08308963002', '1995-08-04 06:54:52', '2005-07-05 08:32:36');
INSERT INTO `users` (`id`, `first_name`, `last_name`, `email`, `phone`, `created_at`, `updated_at`) VALUES (12, 'Chet', 'Hagenes', 'adolphus44@example.net', '(898)684-5355', '1971-03-06 08:14:30', '1993-08-18 10:08:29');
INSERT INTO `users` (`id`, `first_name`, `last_name`, `email`, `phone`, `created_at`, `updated_at`) VALUES (13, 'Minerva', 'Hamill', 'destini.mayer@example.net', '432-194-0282x0605', '1999-01-24 06:30:35', '1997-09-07 07:32:31');
INSERT INTO `users` (`id`, `first_name`, `last_name`, `email`, `phone`, `created_at`, `updated_at`) VALUES (14, 'Ilene', 'Spinka', 'chaya.mitchell@example.org', '(374)164-9858x16443', '2005-01-10 18:52:41', '2002-09-08 18:03:19');
INSERT INTO `users` (`id`, `first_name`, `last_name`, `email`, `phone`, `created_at`, `updated_at`) VALUES (15, 'Madie', 'Zulauf', 'wblock@example.org', '(144)233-3723x89910', '2016-02-23 22:03:42', '1993-07-17 07:03:49');
INSERT INTO `users` (`id`, `first_name`, `last_name`, `email`, `phone`, `created_at`, `updated_at`) VALUES (16, 'Javonte', 'Reichel', 'sandrine.kessler@example.org', '425.596.4905', '1996-11-21 17:03:18', '1982-04-06 08:12:49');
INSERT INTO `users` (`id`, `first_name`, `last_name`, `email`, `phone`, `created_at`, `updated_at`) VALUES (17, 'Kayli', 'Rogahn', 'fgraham@example.org', '314-893-8926x5505', '1991-10-06 00:17:02', '1979-04-06 09:41:28');
INSERT INTO `users` (`id`, `first_name`, `last_name`, `email`, `phone`, `created_at`, `updated_at`) VALUES (18, 'Thurman', 'Jenkins', 'lew54@example.net', '+46(6)9890795053', '1976-01-23 22:10:48', '1988-03-16 17:48:50');
INSERT INTO `users` (`id`, `first_name`, `last_name`, `email`, `phone`, `created_at`, `updated_at`) VALUES (19, 'Ashly', 'Langosh', 'reynolds.armani@example.org', '268-290-6693x5577', '2007-01-31 23:25:14', '1987-03-27 00:15:03');
INSERT INTO `users` (`id`, `first_name`, `last_name`, `email`, `phone`, `created_at`, `updated_at`) VALUES (20, 'Terrill', 'Tremblay', 'fanny.sauer@example.org', '(639)039-8535', '2006-11-06 18:06:26', '2010-05-24 19:34:17');
INSERT INTO `users` (`id`, `first_name`, `last_name`, `email`, `phone`, `created_at`, `updated_at`) VALUES (21, 'Jakob', 'Yundt', 'summer17@example.net', '(261)415-6193x96205', '2010-05-08 11:53:44', '1985-10-20 21:22:04');
INSERT INTO `users` (`id`, `first_name`, `last_name`, `email`, `phone`, `created_at`, `updated_at`) VALUES (22, 'Christelle', 'Hills', 'lina12@example.com', '181.803.9902x35301', '1971-04-16 19:03:33', '1980-06-23 13:10:44');
INSERT INTO `users` (`id`, `first_name`, `last_name`, `email`, `phone`, `created_at`, `updated_at`) VALUES (23, 'Dorris', 'VonRueden', 'kihn.emile@example.org', '557-147-4302', '2015-03-21 03:17:28', '2003-03-01 19:16:24');
INSERT INTO `users` (`id`, `first_name`, `last_name`, `email`, `phone`, `created_at`, `updated_at`) VALUES (24, 'Rossie', 'Balistreri', 'bemard@example.org', '1-465-397-6574', '2013-03-07 00:13:51', '2005-01-04 03:13:37');
INSERT INTO `users` (`id`, `first_name`, `last_name`, `email`, `phone`, `created_at`, `updated_at`) VALUES (25, 'Kathleen', 'Greenfelder', 'eryn45@example.net', '859.485.9610x0028', '2002-05-10 11:22:16', '2017-10-26 00:46:03');
INSERT INTO `users` (`id`, `first_name`, `last_name`, `email`, `phone`, `created_at`, `updated_at`) VALUES (26, 'Jayden', 'King', 'lweber@example.org', '(537)096-9352', '2009-08-13 14:51:38', '2010-03-21 22:11:40');
INSERT INTO `users` (`id`, `first_name`, `last_name`, `email`, `phone`, `created_at`, `updated_at`) VALUES (27, 'Ruthie', 'Schulist', 'qhansen@example.net', '(806)911-9908x6633', '2015-05-07 07:25:47', '1974-05-02 01:03:38');
INSERT INTO `users` (`id`, `first_name`, `last_name`, `email`, `phone`, `created_at`, `updated_at`) VALUES (28, 'Thomas', 'Huels', 'heloise79@example.net', '979.826.5683', '2008-06-17 05:12:24', '2016-12-11 00:22:26');
INSERT INTO `users` (`id`, `first_name`, `last_name`, `email`, `phone`, `created_at`, `updated_at`) VALUES (29, 'Stevie', 'Quigley', 'ikerluke@example.com', '156.052.1906', '2003-08-13 03:36:35', '1987-12-12 23:10:02');
INSERT INTO `users` (`id`, `first_name`, `last_name`, `email`, `phone`, `created_at`, `updated_at`) VALUES (30, 'Alvena', 'Jenkins', 'witting.xavier@example.org', '(809)748-9941', '1988-02-03 17:14:20', '1985-02-10 12:05:51');
INSERT INTO `users` (`id`, `first_name`, `last_name`, `email`, `phone`, `created_at`, `updated_at`) VALUES (31, 'Astrid', 'Mueller', 'daren.kessler@example.com', '941-744-4719', '2009-10-07 23:03:42', '1971-11-25 03:26:22');
INSERT INTO `users` (`id`, `first_name`, `last_name`, `email`, `phone`, `created_at`, `updated_at`) VALUES (32, 'Orlando', 'Skiles', 'carol.smith@example.net', '374-564-5084x4726', '1981-12-06 01:45:04', '1997-09-29 05:53:48');
INSERT INTO `users` (`id`, `first_name`, `last_name`, `email`, `phone`, `created_at`, `updated_at`) VALUES (33, 'Katelin', 'Ankunding', 'wlangworth@example.net', '728-570-3368x87803', '1991-03-28 07:31:29', '1971-06-25 00:30:05');
INSERT INTO `users` (`id`, `first_name`, `last_name`, `email`, `phone`, `created_at`, `updated_at`) VALUES (34, 'Josianne', 'Schultz', 'holly33@example.org', '1-500-089-6793x0063', '1975-05-17 04:06:17', '2016-09-15 23:10:44');
INSERT INTO `users` (`id`, `first_name`, `last_name`, `email`, `phone`, `created_at`, `updated_at`) VALUES (35, 'Anderson', 'Hyatt', 'letha09@example.org', '1-752-502-9431', '1984-03-06 16:13:37', '1982-05-25 20:52:56');
INSERT INTO `users` (`id`, `first_name`, `last_name`, `email`, `phone`, `created_at`, `updated_at`) VALUES (36, 'Emanuel', 'Bergnaum', 'jbarton@example.com', '715.666.3202', '2009-12-14 12:04:10', '1977-11-30 12:22:03');
INSERT INTO `users` (`id`, `first_name`, `last_name`, `email`, `phone`, `created_at`, `updated_at`) VALUES (37, 'Ivah', 'Jast', 'jast.ursula@example.net', '(346)494-5316x695', '2005-04-07 23:56:56', '1997-09-19 08:58:29');
INSERT INTO `users` (`id`, `first_name`, `last_name`, `email`, `phone`, `created_at`, `updated_at`) VALUES (38, 'Davon', 'Wisozk', 'deckow.jedidiah@example.com', '1-444-366-0059', '2010-03-14 23:30:35', '1974-05-16 20:46:49');
INSERT INTO `users` (`id`, `first_name`, `last_name`, `email`, `phone`, `created_at`, `updated_at`) VALUES (39, 'Kenton', 'Hickle', 'nellie.breitenberg@example.net', '860.410.9624', '1983-06-27 15:14:25', '2005-03-15 02:41:33');
INSERT INTO `users` (`id`, `first_name`, `last_name`, `email`, `phone`, `created_at`, `updated_at`) VALUES (40, 'Cassandra', 'Larkin', 'enola.flatley@example.net', '01715308128', '1981-11-21 04:05:25', '1985-06-13 10:59:40');
INSERT INTO `users` (`id`, `first_name`, `last_name`, `email`, `phone`, `created_at`, `updated_at`) VALUES (41, 'Meta', 'Schmitt', 'roob.luz@example.org', '(793)393-7835', '2016-12-15 13:08:35', '1982-10-14 18:13:55');
INSERT INTO `users` (`id`, `first_name`, `last_name`, `email`, `phone`, `created_at`, `updated_at`) VALUES (42, 'Shayna', 'Conroy', 'jermaine.hoppe@example.net', '086-638-1722x3186', '2006-01-18 23:26:38', '2000-01-17 17:11:19');
INSERT INTO `users` (`id`, `first_name`, `last_name`, `email`, `phone`, `created_at`, `updated_at`) VALUES (43, 'Trevion', 'Brekke', 'ciara83@example.net', '1-356-214-0779', '2017-10-22 13:05:04', '1998-09-27 04:58:58');
INSERT INTO `users` (`id`, `first_name`, `last_name`, `email`, `phone`, `created_at`, `updated_at`) VALUES (44, 'Theresia', 'Legros', 'kuvalis.dee@example.org', '(050)560-4763', '1985-01-28 20:50:17', '1987-04-28 02:27:21');
INSERT INTO `users` (`id`, `first_name`, `last_name`, `email`, `phone`, `created_at`, `updated_at`) VALUES (45, 'Diana', 'Rempel', 'donnelly.ulices@example.org', '(557)276-6477x1618', '2012-04-11 17:55:42', '1974-01-04 03:55:43');
INSERT INTO `users` (`id`, `first_name`, `last_name`, `email`, `phone`, `created_at`, `updated_at`) VALUES (46, 'Ali', 'Gusikowski', 'malinda.vandervort@example.com', '+97(4)6667064116', '2000-01-09 09:04:00', '2010-05-23 10:19:44');
INSERT INTO `users` (`id`, `first_name`, `last_name`, `email`, `phone`, `created_at`, `updated_at`) VALUES (47, 'Rocio', 'Bogisich', 'gaylord18@example.org', '1-883-531-0697x87962', '2011-04-25 01:30:54', '1998-07-28 06:18:27');
INSERT INTO `users` (`id`, `first_name`, `last_name`, `email`, `phone`, `created_at`, `updated_at`) VALUES (48, 'Kaitlyn', 'Purdy', 'qdickinson@example.org', '(055)136-3840', '1990-04-26 01:44:43', '1988-09-01 18:51:16');
INSERT INTO `users` (`id`, `first_name`, `last_name`, `email`, `phone`, `created_at`, `updated_at`) VALUES (49, 'Elisabeth', 'Cassin', 'beer.vern@example.org', '(475)862-1716x16278', '1997-03-29 03:54:22', '1988-10-22 01:05:29');
INSERT INTO `users` (`id`, `first_name`, `last_name`, `email`, `phone`, `created_at`, `updated_at`) VALUES (50, 'Brandi', 'Russel', 'ava50@example.org', '1-564-357-1160', '2007-03-05 10:58:26', '1986-12-07 23:57:23');
INSERT INTO `users` (`id`, `first_name`, `last_name`, `email`, `phone`, `created_at`, `updated_at`) VALUES (51, 'Brittany', 'Dietrich', 'denesik.michael@example.org', '773-665-4576x7319', '2013-02-15 00:47:34', '1977-02-24 05:36:52');
INSERT INTO `users` (`id`, `first_name`, `last_name`, `email`, `phone`, `created_at`, `updated_at`) VALUES (52, 'Arno', 'Barrows', 'cwilderman@example.com', '275-466-1185x05139', '1999-06-29 11:54:03', '2019-07-21 03:11:30');
INSERT INTO `users` (`id`, `first_name`, `last_name`, `email`, `phone`, `created_at`, `updated_at`) VALUES (53, 'Linnea', 'Denesik', 'karen.stanton@example.org', '1-812-581-7174', '1971-06-12 02:18:49', '1978-03-23 22:00:14');
INSERT INTO `users` (`id`, `first_name`, `last_name`, `email`, `phone`, `created_at`, `updated_at`) VALUES (54, 'Jonathan', 'Erdman', 'feeney.maria@example.net', '255-216-2190', '1986-05-15 07:20:12', '2013-11-08 05:17:05');
INSERT INTO `users` (`id`, `first_name`, `last_name`, `email`, `phone`, `created_at`, `updated_at`) VALUES (55, 'Gretchen', 'Kutch', 'paucek.shea@example.net', '1-671-473-8924x0177', '1986-12-21 07:02:50', '2001-07-23 11:11:58');
INSERT INTO `users` (`id`, `first_name`, `last_name`, `email`, `phone`, `created_at`, `updated_at`) VALUES (56, 'Kyleigh', 'Johnston', 'jed23@example.com', '723.019.7364x7051', '1987-10-15 08:07:43', '1971-09-21 19:14:20');
INSERT INTO `users` (`id`, `first_name`, `last_name`, `email`, `phone`, `created_at`, `updated_at`) VALUES (57, 'Elmo', 'Marvin', 'jakubowski.laron@example.net', '704.411.3547x9042', '2015-02-28 18:38:17', '2007-10-29 17:01:43');
INSERT INTO `users` (`id`, `first_name`, `last_name`, `email`, `phone`, `created_at`, `updated_at`) VALUES (58, 'Gilberto', 'Hartmann', 'turner.blake@example.org', '652-366-2826', '1983-10-25 09:47:28', '1998-03-10 18:46:46');
INSERT INTO `users` (`id`, `first_name`, `last_name`, `email`, `phone`, `created_at`, `updated_at`) VALUES (59, 'Jasen', 'Gaylord', 'miracle.dietrich@example.org', '07445642440', '1992-09-12 10:39:48', '1987-12-28 11:29:29');
INSERT INTO `users` (`id`, `first_name`, `last_name`, `email`, `phone`, `created_at`, `updated_at`) VALUES (60, 'Jamar', 'Hilpert', 'estreich@example.org', '(477)177-4948x3432', '1986-09-28 01:03:20', '2006-05-20 13:39:03');
INSERT INTO `users` (`id`, `first_name`, `last_name`, `email`, `phone`, `created_at`, `updated_at`) VALUES (61, 'Silas', 'Langworth', 'alexandrea.daugherty@example.com', '(887)365-1247x7911', '1986-02-12 17:40:13', '1995-02-19 11:55:48');
INSERT INTO `users` (`id`, `first_name`, `last_name`, `email`, `phone`, `created_at`, `updated_at`) VALUES (62, 'Nayeli', 'Walter', 'ledner.jarred@example.com', '884.074.7791x555', '2009-09-07 09:16:28', '2017-04-01 11:13:48');
INSERT INTO `users` (`id`, `first_name`, `last_name`, `email`, `phone`, `created_at`, `updated_at`) VALUES (63, 'Austen', 'Kulas', 'tmraz@example.org', '(768)704-2276x55878', '1986-06-04 08:10:44', '2001-08-19 03:48:00');
INSERT INTO `users` (`id`, `first_name`, `last_name`, `email`, `phone`, `created_at`, `updated_at`) VALUES (64, 'Tevin', 'Bahringer', 'rafael11@example.org', '081.334.3286x5187', '1979-05-21 12:50:04', '2003-08-02 05:47:34');
INSERT INTO `users` (`id`, `first_name`, `last_name`, `email`, `phone`, `created_at`, `updated_at`) VALUES (65, 'Dan', 'Metz', 'hudson.toy@example.net', '1-890-497-1305x71119', '2014-04-27 06:19:24', '1979-09-04 15:04:39');
INSERT INTO `users` (`id`, `first_name`, `last_name`, `email`, `phone`, `created_at`, `updated_at`) VALUES (66, 'Robb', 'Boyle', 'hahn.nigel@example.org', '(455)144-6359', '2015-09-29 16:52:03', '1970-11-13 03:03:30');
INSERT INTO `users` (`id`, `first_name`, `last_name`, `email`, `phone`, `created_at`, `updated_at`) VALUES (67, 'Ardella', 'Schuster', 'jonathon39@example.com', '099.920.2069x732', '1999-01-25 06:55:43', '1977-10-12 17:39:10');
INSERT INTO `users` (`id`, `first_name`, `last_name`, `email`, `phone`, `created_at`, `updated_at`) VALUES (68, 'Mohammed', 'Labadie', 'charles80@example.com', '(854)176-9710x518', '1998-12-25 08:24:55', '2005-05-28 11:35:51');
INSERT INTO `users` (`id`, `first_name`, `last_name`, `email`, `phone`, `created_at`, `updated_at`) VALUES (69, 'Ayla', 'Hartmann', 'broderick.willms@example.org', '1-471-182-7774', '1992-06-02 21:16:00', '2019-08-06 10:29:21');
INSERT INTO `users` (`id`, `first_name`, `last_name`, `email`, `phone`, `created_at`, `updated_at`) VALUES (70, 'Austin', 'Lang', 'nora54@example.org', '+49(7)2017035355', '1984-12-24 11:50:24', '1970-05-12 23:14:21');
INSERT INTO `users` (`id`, `first_name`, `last_name`, `email`, `phone`, `created_at`, `updated_at`) VALUES (71, 'Ignacio', 'Heller', 'ljast@example.org', '918-399-7395x724', '1975-03-20 19:57:18', '2013-02-12 11:33:58');
INSERT INTO `users` (`id`, `first_name`, `last_name`, `email`, `phone`, `created_at`, `updated_at`) VALUES (72, 'Jaclyn', 'Dooley', 'darby27@example.net', '1-855-211-4242', '1991-07-18 08:53:36', '2012-11-21 19:39:30');
INSERT INTO `users` (`id`, `first_name`, `last_name`, `email`, `phone`, `created_at`, `updated_at`) VALUES (73, 'Kathryne', 'Wolf', 'mccullough.frankie@example.net', '+24(9)0395122707', '1995-10-10 21:24:57', '1986-04-22 20:44:12');
INSERT INTO `users` (`id`, `first_name`, `last_name`, `email`, `phone`, `created_at`, `updated_at`) VALUES (74, 'William', 'Bruen', 'rempel.claire@example.com', '1-143-788-5414', '1982-07-05 02:44:20', '2004-09-21 13:25:57');
INSERT INTO `users` (`id`, `first_name`, `last_name`, `email`, `phone`, `created_at`, `updated_at`) VALUES (75, 'Lon', 'Shields', 'wiegand.aida@example.com', '01032569401', '2017-05-02 04:24:37', '2001-09-11 10:56:26');
INSERT INTO `users` (`id`, `first_name`, `last_name`, `email`, `phone`, `created_at`, `updated_at`) VALUES (76, 'Otilia', 'Senger', 'jayne.dicki@example.com', '1-970-767-8102x7221', '1988-01-16 02:08:13', '1978-11-12 08:43:59');
INSERT INTO `users` (`id`, `first_name`, `last_name`, `email`, `phone`, `created_at`, `updated_at`) VALUES (77, 'Yvonne', 'Morissette', 'nolan95@example.com', '609.079.1470', '1973-09-16 16:36:44', '2014-06-07 14:30:52');
INSERT INTO `users` (`id`, `first_name`, `last_name`, `email`, `phone`, `created_at`, `updated_at`) VALUES (78, 'Rosario', 'Simonis', 'madge95@example.net', '(585)590-9206x987', '1977-09-02 01:29:55', '2006-03-27 02:52:43');
INSERT INTO `users` (`id`, `first_name`, `last_name`, `email`, `phone`, `created_at`, `updated_at`) VALUES (79, 'Willard', 'Gaylord', 'cstreich@example.com', '800.395.0644x43483', '1993-03-13 04:56:41', '2010-02-18 02:19:17');
INSERT INTO `users` (`id`, `first_name`, `last_name`, `email`, `phone`, `created_at`, `updated_at`) VALUES (80, 'Ewald', 'Gerhold', 'lmoen@example.net', '837.633.4680x0231', '2008-12-25 14:41:17', '2000-09-29 11:08:59');
INSERT INTO `users` (`id`, `first_name`, `last_name`, `email`, `phone`, `created_at`, `updated_at`) VALUES (81, 'Duane', 'Strosin', 'kozey.harrison@example.net', '1-021-753-3339x611', '2004-05-18 20:24:14', '2018-04-07 00:17:27');
INSERT INTO `users` (`id`, `first_name`, `last_name`, `email`, `phone`, `created_at`, `updated_at`) VALUES (82, 'Jodie', 'Vandervort', 'bosco.clara@example.org', '+17(7)4465989052', '2010-03-26 11:30:18', '1979-08-17 22:39:51');
INSERT INTO `users` (`id`, `first_name`, `last_name`, `email`, `phone`, `created_at`, `updated_at`) VALUES (83, 'Florence', 'Larson', 'ivory.schoen@example.com', '08354237860', '2012-10-25 13:13:17', '2003-04-21 10:00:59');
INSERT INTO `users` (`id`, `first_name`, `last_name`, `email`, `phone`, `created_at`, `updated_at`) VALUES (84, 'Thora', 'Marquardt', 'sipes.harold@example.net', '186.850.9577x2013', '1978-09-18 15:21:42', '1998-09-29 21:11:39');
INSERT INTO `users` (`id`, `first_name`, `last_name`, `email`, `phone`, `created_at`, `updated_at`) VALUES (85, 'Jaylan', 'Buckridge', 'leonor82@example.net', '1-410-881-0082x1196', '1986-02-14 22:37:24', '2003-10-03 03:36:01');
INSERT INTO `users` (`id`, `first_name`, `last_name`, `email`, `phone`, `created_at`, `updated_at`) VALUES (86, 'Arvilla', 'Dach', 'ymacejkovic@example.org', '596.637.4387', '1987-08-27 04:47:18', '1999-07-09 22:29:25');
INSERT INTO `users` (`id`, `first_name`, `last_name`, `email`, `phone`, `created_at`, `updated_at`) VALUES (87, 'Teagan', 'Aufderhar', 'mclaughlin.lorena@example.com', '(346)415-2916x2338', '2014-09-25 18:15:07', '2015-05-25 13:06:05');
INSERT INTO `users` (`id`, `first_name`, `last_name`, `email`, `phone`, `created_at`, `updated_at`) VALUES (88, 'Dereck', 'Leannon', 'antonietta76@example.org', '+11(4)9950527561', '1999-02-21 00:01:55', '2000-07-09 15:11:27');
INSERT INTO `users` (`id`, `first_name`, `last_name`, `email`, `phone`, `created_at`, `updated_at`) VALUES (89, 'Clementina', 'Bechtelar', 'molly.leannon@example.org', '977.451.3836x34462', '1983-12-30 11:01:07', '2016-02-16 12:34:09');
INSERT INTO `users` (`id`, `first_name`, `last_name`, `email`, `phone`, `created_at`, `updated_at`) VALUES (90, 'Brielle', 'Lesch', 'gorczany.dallas@example.org', '833.871.9235', '1977-02-07 16:06:28', '2006-08-10 03:11:39');
INSERT INTO `users` (`id`, `first_name`, `last_name`, `email`, `phone`, `created_at`, `updated_at`) VALUES (91, 'Hulda', 'Skiles', 'gturner@example.com', '1-058-482-1164', '1995-03-05 20:14:09', '2018-03-22 04:21:50');
INSERT INTO `users` (`id`, `first_name`, `last_name`, `email`, `phone`, `created_at`, `updated_at`) VALUES (92, 'Herminio', 'Kihn', 'skyla.okuneva@example.com', '213-441-8142x05908', '2011-05-29 18:56:22', '2011-02-10 17:16:27');
INSERT INTO `users` (`id`, `first_name`, `last_name`, `email`, `phone`, `created_at`, `updated_at`) VALUES (93, 'Tommie', 'Schultz', 'adah36@example.com', '+61(8)0969726402', '1970-08-30 11:54:07', '1997-08-17 05:56:55');
INSERT INTO `users` (`id`, `first_name`, `last_name`, `email`, `phone`, `created_at`, `updated_at`) VALUES (94, 'Rocky', 'Kuvalis', 'bettye.hagenes@example.org', '930.569.3476x063', '2004-10-26 09:27:54', '1991-05-31 14:25:30');
INSERT INTO `users` (`id`, `first_name`, `last_name`, `email`, `phone`, `created_at`, `updated_at`) VALUES (95, 'Everardo', 'Bednar', 'verner.d\'amore@example.net', '(298)888-1377x470', '2006-09-16 04:41:16', '2007-04-30 05:08:32');
INSERT INTO `users` (`id`, `first_name`, `last_name`, `email`, `phone`, `created_at`, `updated_at`) VALUES (96, 'Luther', 'Flatley', 'destiny.armstrong@example.org', '918.136.3752x3657', '1991-05-30 19:51:15', '2002-12-11 12:45:54');
INSERT INTO `users` (`id`, `first_name`, `last_name`, `email`, `phone`, `created_at`, `updated_at`) VALUES (97, 'Olga', 'Jones', 'ned.moen@example.org', '+54(3)8325622847', '1982-10-02 20:07:36', '2017-05-01 19:38:01');
INSERT INTO `users` (`id`, `first_name`, `last_name`, `email`, `phone`, `created_at`, `updated_at`) VALUES (98, 'Clement', 'Kutch', 'emma.hansen@example.org', '+16(7)5958198672', '1990-11-13 06:50:41', '2019-10-08 16:38:25');
INSERT INTO `users` (`id`, `first_name`, `last_name`, `email`, `phone`, `created_at`, `updated_at`) VALUES (99, 'Alene', 'Berge', 'jessyca89@example.net', '(968)838-5446', '2015-03-11 10:44:23', '1980-09-29 19:01:53');
INSERT INTO `users` (`id`, `first_name`, `last_name`, `email`, `phone`, `created_at`, `updated_at`) VALUES (100, 'Annamarie', 'Harber', 'hoppe.felicity@example.net', '525.565.9001x783', '1993-05-12 22:39:26', '2007-04-09 04:34:00');


