-- MySQL dump 10.13  Distrib 8.0.18, for Linux (x86_64)
--
-- Host: localhost    Database: vk
-- ------------------------------------------------------
-- Server version	8.0.18

/*!40101 SET @OLD_CHARACTER_SET_CLIENT=@@CHARACTER_SET_CLIENT */;
/*!40101 SET @OLD_CHARACTER_SET_RESULTS=@@CHARACTER_SET_RESULTS */;
/*!40101 SET @OLD_COLLATION_CONNECTION=@@COLLATION_CONNECTION */;
/*!50503 SET NAMES utf8mb4 */;
/*!40103 SET @OLD_TIME_ZONE=@@TIME_ZONE */;
/*!40103 SET TIME_ZONE='+00:00' */;
/*!40014 SET @OLD_UNIQUE_CHECKS=@@UNIQUE_CHECKS, UNIQUE_CHECKS=0 */;
/*!40014 SET @OLD_FOREIGN_KEY_CHECKS=@@FOREIGN_KEY_CHECKS, FOREIGN_KEY_CHECKS=0 */;
/*!40101 SET @OLD_SQL_MODE=@@SQL_MODE, SQL_MODE='NO_AUTO_VALUE_ON_ZERO' */;
/*!40111 SET @OLD_SQL_NOTES=@@SQL_NOTES, SQL_NOTES=0 */;

--
-- Table structure for table `communities`
--

DROP TABLE IF EXISTS `communities`;
/*!40101 SET @saved_cs_client     = @@character_set_client */;
/*!50503 SET character_set_client = utf8mb4 */;
CREATE TABLE `communities` (
  `id` int(10) unsigned NOT NULL AUTO_INCREMENT,
  `name` varchar(150) CHARACTER SET utf8 COLLATE utf8_unicode_ci NOT NULL,
  `created_at` timestamp NULL DEFAULT CURRENT_TIMESTAMP,
  `is_closed` tinyint(1) DEFAULT NULL,
  `closed_at` timestamp NULL DEFAULT NULL,
  PRIMARY KEY (`id`),
  UNIQUE KEY `name` (`name`)
) ENGINE=InnoDB AUTO_INCREMENT=21 DEFAULT CHARSET=utf8 COLLATE=utf8_unicode_ci;
/*!40101 SET character_set_client = @saved_cs_client */;

--
-- Dumping data for table `communities`
--

LOCK TABLES `communities` WRITE;
/*!40000 ALTER TABLE `communities` DISABLE KEYS */;
INSERT INTO `communities` VALUES (1,'voluptatem','2019-11-27 16:12:24',NULL,NULL),(2,'non','2019-11-27 16:12:24',NULL,NULL),(3,'amet','2019-11-27 16:12:24',1,'2019-11-27 16:12:30'),(4,'sequi','2019-11-27 16:12:24',NULL,NULL),(5,'assumenda','2019-11-27 16:12:24',NULL,NULL),(6,'dolores','2019-11-27 16:12:24',NULL,NULL),(7,'officia','2019-11-27 16:12:24',NULL,NULL),(8,'voluptatibus','2019-11-27 16:12:24',NULL,NULL),(9,'voluptas','2019-11-27 16:12:24',NULL,NULL),(10,'reprehenderit','2019-11-27 16:12:24',NULL,NULL),(11,'cumque','2019-11-27 16:12:24',NULL,NULL),(12,'nisi','2019-11-27 16:12:24',NULL,NULL),(13,'corrupti','2019-11-27 16:12:24',NULL,NULL),(14,'repellat','2019-11-27 16:12:24',1,'2019-11-27 16:12:30'),(15,'nihil','2019-11-27 16:12:24',NULL,NULL),(16,'iste','2019-11-27 16:12:24',NULL,NULL),(17,'soluta','2019-11-27 16:12:24',NULL,NULL),(18,'iusto','2019-11-27 16:12:24',NULL,NULL),(19,'consequuntur','2019-11-27 16:12:24',NULL,NULL),(20,'magnam','2019-11-27 16:12:24',NULL,NULL);
/*!40000 ALTER TABLE `communities` ENABLE KEYS */;
UNLOCK TABLES;

--
-- Table structure for table `communities_users`
--

DROP TABLE IF EXISTS `communities_users`;
/*!40101 SET @saved_cs_client     = @@character_set_client */;
/*!50503 SET character_set_client = utf8mb4 */;
CREATE TABLE `communities_users` (
  `community_id` int(10) unsigned NOT NULL,
  `user_id` int(10) unsigned NOT NULL,
  `is_admin` tinyint(1) DEFAULT NULL,
  `is_banned` tinyint(1) DEFAULT NULL,
  PRIMARY KEY (`community_id`,`user_id`)
) ENGINE=InnoDB DEFAULT CHARSET=utf8 COLLATE=utf8_unicode_ci;
/*!40101 SET character_set_client = @saved_cs_client */;

--
-- Dumping data for table `communities_users`
--

LOCK TABLES `communities_users` WRITE;
/*!40000 ALTER TABLE `communities_users` DISABLE KEYS */;
INSERT INTO `communities_users` VALUES (1,1,1,NULL),(1,21,NULL,NULL),(1,41,NULL,NULL),(1,61,NULL,NULL),(1,81,NULL,NULL),(2,2,NULL,NULL),(2,22,NULL,NULL),(2,42,NULL,NULL),(2,62,NULL,NULL),(2,82,NULL,NULL),(3,3,NULL,NULL),(3,23,NULL,NULL),(3,43,NULL,NULL),(3,63,NULL,NULL),(3,83,NULL,NULL),(4,4,NULL,NULL),(4,24,NULL,NULL),(4,44,NULL,NULL),(4,64,NULL,NULL),(4,84,NULL,NULL),(5,5,NULL,NULL),(5,25,NULL,NULL),(5,45,NULL,NULL),(5,65,NULL,1),(5,85,NULL,NULL),(6,6,NULL,NULL),(6,26,NULL,NULL),(6,46,NULL,NULL),(6,66,NULL,NULL),(6,86,NULL,NULL),(7,7,NULL,NULL),(7,27,NULL,NULL),(7,47,NULL,NULL),(7,67,NULL,NULL),(7,87,NULL,1),(8,8,NULL,1),(8,28,NULL,NULL),(8,48,NULL,NULL),(8,68,NULL,NULL),(8,88,NULL,NULL),(9,9,NULL,NULL),(9,29,NULL,NULL),(9,49,NULL,NULL),(9,69,NULL,NULL),(9,89,NULL,NULL),(10,10,NULL,NULL),(10,30,NULL,NULL),(10,50,NULL,NULL),(10,70,NULL,NULL),(10,90,NULL,NULL),(11,11,NULL,NULL),(11,31,NULL,NULL),(11,51,NULL,NULL),(11,71,NULL,NULL),(11,91,NULL,NULL),(12,12,1,NULL),(12,32,NULL,NULL),(12,52,NULL,NULL),(12,72,NULL,NULL),(12,92,NULL,NULL),(13,13,NULL,NULL),(13,33,NULL,NULL),(13,53,NULL,NULL),(13,73,NULL,NULL),(13,93,NULL,NULL),(14,14,NULL,NULL),(14,34,1,NULL),(14,54,NULL,NULL),(14,74,1,NULL),(14,94,NULL,NULL),(15,15,NULL,NULL),(15,35,NULL,NULL),(15,55,NULL,NULL),(15,75,NULL,NULL),(15,95,NULL,NULL),(16,16,NULL,NULL),(16,36,NULL,NULL),(16,56,1,NULL),(16,76,NULL,NULL),(16,96,NULL,NULL),(17,17,NULL,NULL),(17,37,NULL,NULL),(17,57,NULL,NULL),(17,77,NULL,NULL),(17,97,NULL,NULL),(18,18,NULL,NULL),(18,38,NULL,NULL),(18,58,NULL,NULL),(18,78,NULL,NULL),(18,98,NULL,NULL),(19,19,NULL,NULL),(19,39,NULL,NULL),(19,59,NULL,NULL),(19,79,NULL,NULL),(19,99,NULL,NULL),(20,20,NULL,NULL),(20,40,NULL,NULL),(20,60,NULL,NULL),(20,80,NULL,NULL),(20,100,NULL,NULL);
/*!40000 ALTER TABLE `communities_users` ENABLE KEYS */;
UNLOCK TABLES;

--
-- Table structure for table `friendship`
--

DROP TABLE IF EXISTS `friendship`;
/*!40101 SET @saved_cs_client     = @@character_set_client */;
/*!50503 SET character_set_client = utf8mb4 */;
CREATE TABLE `friendship` (
  `user_id` int(10) unsigned NOT NULL,
  `friend_id` int(10) unsigned NOT NULL,
  `status_id` int(10) unsigned NOT NULL,
  `requested_at` datetime DEFAULT CURRENT_TIMESTAMP,
  `confirmed_at` datetime DEFAULT NULL,
  PRIMARY KEY (`user_id`,`friend_id`)
) ENGINE=InnoDB DEFAULT CHARSET=utf8 COLLATE=utf8_unicode_ci;
/*!40101 SET character_set_client = @saved_cs_client */;

--
-- Dumping data for table `friendship`
--

LOCK TABLES `friendship` WRITE;
/*!40000 ALTER TABLE `friendship` DISABLE KEYS */;
INSERT INTO `friendship` VALUES (1,4,1,'2016-05-07 14:30:43','2015-09-17 12:51:49'),(1,74,1,'1989-09-22 19:19:58','1997-09-12 01:53:45'),(1,86,1,'1975-12-28 10:06:37','1989-12-22 09:24:20'),(1,93,1,'1990-08-25 16:06:16','1992-07-08 21:34:00'),(1,97,1,'2004-09-28 18:21:14','1987-07-30 00:32:50'),(2,18,2,'2017-08-17 16:23:58','1992-04-02 04:05:07'),(2,36,2,'1971-10-04 14:34:30','2011-10-17 07:20:00'),(2,38,2,'1993-12-17 04:35:42','1976-06-20 07:31:20'),(2,47,2,'1982-09-17 07:42:00','1984-02-05 10:58:32'),(2,56,2,'1987-10-17 08:34:39','2010-06-17 10:49:50'),(2,86,2,'1987-09-15 15:50:01','1977-07-17 00:46:51'),(3,12,3,'1971-04-28 20:38:41','1991-02-12 03:06:48'),(3,28,3,'1983-10-24 06:58:19','1996-07-25 17:34:57'),(3,32,3,'2007-01-30 20:22:22','2003-04-01 15:55:36'),(3,39,3,'1985-06-09 00:25:20','1993-03-18 06:05:19'),(3,76,3,'2008-01-04 18:44:17','2007-09-12 13:32:34'),(3,77,3,'2009-05-26 12:57:45','1974-07-07 08:59:42'),(4,25,4,'1989-11-17 05:03:23','2016-04-29 22:07:54'),(4,33,4,'1991-04-26 06:53:28','2001-07-05 04:59:38'),(4,50,4,'1998-12-27 16:17:19','1994-08-15 08:36:46'),(4,61,4,'2017-05-03 04:56:31','2010-02-13 22:06:28'),(4,67,4,'1983-05-09 00:59:05','1985-10-23 18:34:01'),(4,86,4,'2018-03-28 13:21:29','2013-11-22 16:12:16'),(5,4,5,'1976-03-02 11:47:23','2018-06-30 07:34:17'),(5,51,5,'1999-05-20 16:02:06','2015-02-10 07:46:48'),(5,60,5,'1977-01-20 22:54:02','1992-06-18 20:55:53'),(5,64,5,'1974-04-26 16:50:25','2002-12-20 22:01:22'),(5,87,5,'2011-08-08 23:54:30','1986-03-07 01:27:41'),(6,25,1,'2006-04-20 09:43:44','2007-12-18 14:08:55'),(6,43,1,'2016-07-29 19:18:14','1988-01-21 09:36:49'),(6,63,1,'1977-05-06 08:20:17','1980-07-21 06:42:18'),(6,69,1,'2009-08-09 05:11:50','2006-08-23 04:36:31'),(6,81,1,'1991-03-21 05:55:57','1983-07-20 12:41:22'),(7,15,2,'2016-11-22 11:15:03','1976-11-08 05:18:27'),(7,20,2,'1976-08-18 13:59:39','1979-09-03 03:11:23'),(7,28,2,'1995-07-12 18:45:57','1975-02-08 15:37:29'),(7,29,2,'2007-04-13 14:04:13','2006-06-30 04:20:16'),(7,41,2,'2014-04-17 16:24:27','1995-11-16 19:43:30'),(7,64,2,'1981-10-05 21:13:53','2006-10-23 17:41:42'),(8,14,3,'1982-12-02 12:42:43','2009-03-20 03:39:17'),(8,67,3,'2001-12-05 15:50:13','2001-03-25 20:06:51'),(8,76,3,'1982-05-24 02:40:27','1984-08-27 17:37:40'),(8,78,3,'1993-03-21 20:58:38','2000-10-28 21:09:05'),(8,92,3,'1986-02-27 04:38:39','1989-05-29 00:31:04'),(8,94,3,'1995-04-19 01:41:09','2012-09-27 23:47:28'),(9,3,4,'1970-04-12 00:09:03','2011-02-22 18:26:30'),(9,14,4,'1980-01-10 13:18:47','2016-08-07 20:01:45'),(9,19,4,'2008-05-22 08:28:05','2009-07-11 10:32:04'),(9,51,4,'1989-05-23 08:41:54','1977-03-23 00:27:28'),(9,68,4,'1987-09-15 05:26:57','1988-02-15 23:35:41'),(9,82,4,'1989-11-02 02:34:25','1988-07-16 22:32:50'),(10,12,5,'2006-03-28 15:15:24','2001-12-07 09:52:16'),(10,23,5,'1978-03-23 22:38:25','2002-11-22 17:25:25'),(10,28,5,'1987-09-10 18:14:39','2015-11-16 19:19:50'),(10,59,5,'2006-12-20 10:26:22','1984-09-09 04:53:15'),(10,68,5,'2019-08-13 09:46:33','2010-02-18 20:35:00'),(10,87,5,'1974-04-26 00:04:22','2013-05-10 08:06:16'),(11,5,1,'1981-11-07 04:07:19','1989-05-26 01:02:05'),(11,11,1,'1982-01-03 21:49:46','1989-10-29 07:41:24'),(11,24,1,'1991-11-25 07:21:21','1980-11-29 20:45:00'),(11,50,1,'2006-01-30 10:03:09','2017-04-13 20:39:54'),(11,62,1,'1996-06-05 15:21:56','1981-07-01 22:11:07'),(11,80,1,'2009-04-20 12:05:36','1976-10-23 21:06:21'),(12,7,2,'1995-05-24 00:46:04','1980-01-02 02:59:29'),(12,16,2,'1998-07-26 21:09:10','1989-03-05 19:16:17'),(12,25,2,'2003-09-04 20:58:46','1974-11-22 21:48:05'),(12,37,2,'2002-02-12 15:26:21','1983-11-14 05:56:53'),(12,38,2,'1987-04-16 15:09:13','1997-01-30 06:07:23'),(12,47,2,'2016-09-18 07:17:47','1995-07-14 19:44:20'),(13,2,3,'1996-08-23 03:08:51','1977-02-09 08:14:15'),(13,6,3,'2001-11-15 05:35:16','1986-09-08 06:53:47'),(13,18,3,'1988-07-15 01:18:57','2004-03-02 05:28:58'),(13,22,3,'1979-02-12 15:30:51','1984-02-27 09:13:08'),(13,55,3,'2006-07-07 15:42:42','1995-08-21 02:38:33'),(13,100,3,'1988-09-24 15:54:05','1977-07-18 13:12:47'),(14,19,4,'1995-12-28 02:52:48','1992-04-06 23:06:31'),(14,21,4,'2015-08-22 18:42:04','1981-05-11 12:18:13'),(14,49,4,'1997-05-25 18:47:21','1984-08-04 06:22:19'),(14,52,4,'1980-06-23 04:16:40','2014-12-20 08:09:45'),(14,55,4,'2003-07-08 12:37:04','2012-01-14 18:37:53'),(14,78,4,'1990-08-11 18:30:19','2011-06-07 01:16:15'),(15,9,5,'2013-04-26 12:21:33','1999-12-15 21:25:01'),(15,19,5,'2008-02-08 02:19:29','1991-05-17 02:45:43'),(15,64,5,'1983-03-21 04:41:46','2008-03-12 03:51:42'),(15,66,5,'1973-08-29 07:45:40','1995-11-13 20:22:04'),(15,72,5,'1972-09-06 22:44:13','1987-04-05 03:00:56'),(15,98,5,'1974-04-03 02:39:45','1989-01-02 23:40:00'),(16,8,1,'2012-12-27 21:28:03','1984-08-14 08:31:26'),(16,16,1,'1983-04-30 00:43:13','1986-09-20 08:44:03'),(16,33,1,'1974-09-13 00:47:16','2009-05-05 13:55:29'),(16,55,1,'2017-06-11 15:52:14','1999-04-20 17:15:45'),(16,68,1,'1991-11-14 21:10:20','2017-10-24 19:50:39'),(16,88,1,'2016-01-26 14:00:09','2004-02-10 04:22:50'),(17,7,2,'1977-02-24 23:44:03','2015-02-06 15:46:57'),(17,22,2,'2002-11-22 15:40:21','2018-08-09 15:42:24'),(17,85,2,'1995-02-27 12:33:14','1992-01-08 08:02:14'),(17,88,2,'2009-01-08 09:26:07','1977-06-23 23:43:05'),(17,90,2,'2001-02-13 16:29:35','2008-01-25 21:47:00'),(17,98,2,'1976-11-01 12:39:56','1985-04-09 19:26:46'),(18,35,3,'1988-09-11 11:48:21','2007-07-25 02:14:46'),(18,37,3,'1984-01-21 16:19:21','1977-12-07 05:17:27'),(18,39,3,'1995-11-14 07:13:08','1991-04-02 12:10:21'),(18,45,3,'1989-12-10 07:34:57','2008-03-18 19:03:25'),(18,58,3,'2004-07-12 19:03:28','2004-12-11 10:17:48'),(18,73,3,'1977-11-03 23:43:50','1989-09-11 10:56:40'),(19,9,4,'1978-09-29 19:20:00','1997-02-20 19:54:45'),(19,31,4,'1971-10-24 08:21:21','1972-07-11 15:01:43'),(19,49,4,'1995-06-25 10:14:22','1997-06-15 16:16:52'),(19,65,4,'1992-07-14 00:55:02','2002-03-17 09:37:59'),(19,80,4,'1971-11-01 03:20:04','2005-05-02 22:25:43'),(19,93,4,'1994-05-06 18:09:03','1988-04-26 11:42:13'),(20,11,5,'2017-01-06 11:37:15','1973-01-06 01:24:04'),(20,39,5,'1990-05-17 17:56:47','2005-07-22 01:03:40'),(20,43,5,'1970-06-14 17:15:24','1988-09-23 08:43:50'),(20,66,5,'1979-02-20 01:45:46','1972-05-09 13:28:26'),(20,69,5,'2011-02-03 21:28:50','1987-07-31 12:31:32'),(21,44,1,'1985-11-30 07:33:59','2005-05-16 03:04:21'),(21,74,1,'2015-01-26 01:19:19','1973-09-01 23:47:58'),(21,75,1,'1978-02-04 03:11:20','2016-08-11 04:59:55'),(21,79,1,'1985-04-27 12:12:48','1988-12-01 23:52:16'),(21,91,1,'2008-09-26 10:50:20','2009-07-26 11:53:57'),(22,1,2,'1980-12-29 05:25:12','1987-03-07 19:57:24'),(22,6,2,'1998-05-29 05:41:47','1981-10-02 21:49:49'),(22,32,2,'1979-11-06 19:20:31','1980-10-04 11:32:10'),(22,56,2,'2004-03-28 15:22:52','1973-12-10 19:01:29'),(22,74,2,'2018-10-16 10:01:59','2010-12-05 03:10:48'),(22,95,2,'1981-07-25 14:13:27','2007-08-15 05:44:56'),(23,5,3,'1989-10-12 09:05:23','1979-02-19 23:19:10'),(23,11,3,'2003-02-08 12:53:53','2016-03-28 05:19:22'),(23,24,3,'2011-09-30 00:21:09','2015-02-09 15:04:21'),(23,72,3,'1995-12-08 16:36:09','2018-12-10 05:35:51'),(23,79,3,'2012-01-06 11:14:44','2006-06-28 18:19:08'),(23,85,3,'2008-08-28 13:39:01','2015-02-03 09:24:26'),(24,1,4,'1999-12-29 03:41:56','1976-05-30 06:07:26'),(24,21,4,'2019-11-10 15:03:47','1978-08-23 05:09:11'),(24,50,4,'1987-07-23 01:54:38','1992-07-18 11:08:32'),(24,83,4,'2017-04-16 10:45:48','1977-04-11 11:07:19'),(24,92,4,'1999-01-18 03:25:13','1988-04-23 17:25:39'),(25,29,5,'1976-08-31 23:47:14','1988-04-17 20:42:13'),(25,45,5,'1999-10-24 10:19:32','1970-08-29 04:30:08'),(25,47,5,'2016-12-27 15:50:56','2006-04-27 12:44:49'),(25,62,5,'1991-05-25 13:47:21','2011-04-16 06:20:52'),(25,68,5,'2001-09-05 17:48:07','2008-01-30 18:49:36'),(25,94,5,'2001-09-07 20:02:06','2000-07-31 02:05:15'),(26,47,1,'2004-01-26 07:43:25','2000-01-25 16:48:40'),(26,49,1,'1974-02-08 14:59:37','1974-07-27 07:40:42'),(26,57,1,'1978-02-06 09:09:47','1993-04-12 05:55:46'),(26,77,1,'1989-04-17 22:25:16','2010-05-24 09:51:51'),(26,82,1,'1974-01-10 01:18:01','1987-10-25 04:11:53'),(26,99,1,'2007-07-06 19:11:45','1989-07-20 14:16:16'),(27,17,2,'2018-11-03 22:19:13','2014-01-03 20:48:02'),(27,27,2,'1992-10-10 11:47:32','1971-12-18 18:29:34'),(27,51,2,'2012-10-07 10:41:55','2007-09-14 16:44:32'),(27,71,2,'2010-05-01 13:14:21','1977-11-15 01:23:41'),(27,96,2,'1998-08-08 09:15:48','1994-12-30 22:39:39'),(27,97,2,'1970-01-06 05:21:22','1984-07-31 17:39:53'),(28,18,3,'1981-06-16 05:56:24','1980-05-20 07:15:47'),(28,39,3,'1990-08-26 17:16:55','1981-04-15 04:38:15'),(28,48,3,'2016-07-14 11:46:05','1996-06-21 17:20:42'),(28,54,3,'1982-09-23 08:47:41','1983-03-27 06:40:27'),(28,59,3,'1986-09-30 18:39:27','1979-01-19 10:38:15'),(28,65,3,'1983-05-31 20:41:42','1982-04-24 05:31:48'),(29,15,4,'2002-12-01 08:21:00','1997-01-24 21:53:01'),(29,23,4,'1977-01-23 23:26:52','1990-01-02 11:40:26'),(29,38,4,'1971-03-10 18:10:56','2011-07-10 08:07:56'),(29,59,4,'1993-10-13 21:51:45','1973-07-06 18:01:04'),(29,73,4,'2014-01-09 09:31:13','2018-12-15 20:20:08'),(29,85,4,'2005-07-05 05:42:53','1979-12-27 18:39:28'),(30,19,5,'1990-02-14 08:41:36','1999-02-12 06:41:59'),(30,26,5,'1989-01-17 08:44:19','1998-01-05 10:18:48'),(30,29,5,'2002-11-05 08:38:26','2014-08-21 23:52:47'),(30,53,5,'2003-10-15 03:56:11','2013-01-04 17:32:21'),(30,82,5,'2010-09-02 14:39:43','1972-04-09 21:27:32'),(30,94,5,'2004-05-23 03:45:51','1978-02-24 10:20:26'),(31,18,1,'2019-01-01 04:46:58','1988-06-13 10:34:31'),(31,48,1,'1981-10-27 18:06:15','2003-07-06 05:56:32'),(31,51,1,'1984-07-10 02:58:23','2000-01-01 23:52:55'),(31,52,1,'1978-11-06 00:24:20','2000-02-09 19:01:01'),(31,63,1,'1995-12-21 21:47:38','2005-08-22 01:01:36'),(31,99,1,'1989-06-22 16:00:59','2012-04-02 10:56:47'),(32,9,2,'2018-01-26 15:27:19','1976-06-13 15:22:25'),(32,51,2,'1980-10-02 02:45:44','1978-10-15 00:22:36'),(32,53,2,'1992-05-06 17:11:08','1990-01-07 16:05:54'),(32,57,2,'2009-05-20 05:15:29','1996-11-17 12:28:44'),(32,73,2,'2019-05-05 17:22:40','1996-03-19 12:14:33'),(32,88,2,'2012-09-23 11:38:12','1999-10-12 14:42:38'),(33,23,3,'2017-07-24 16:51:11','1987-02-04 14:18:24'),(33,29,3,'1970-06-09 17:20:49','1971-12-14 15:06:26'),(33,31,3,'1989-04-10 05:54:29','1996-08-25 13:02:19'),(33,44,3,'2014-12-17 13:46:47','2007-04-17 18:54:05'),(33,65,3,'2011-08-18 06:23:35','2003-06-17 02:46:49'),(33,90,3,'1971-02-09 07:13:58','2001-01-08 22:59:38'),(34,2,4,'2018-02-17 21:56:25','2018-05-13 22:25:31'),(34,7,4,'2002-04-15 05:02:52','2012-01-08 10:43:19'),(34,20,4,'2006-06-10 20:55:24','1997-06-14 05:00:36'),(34,68,4,'2002-03-10 04:04:28','1985-11-19 03:53:30'),(34,90,4,'1977-04-02 00:34:52','1999-12-02 21:31:38'),(34,97,4,'1999-02-24 02:38:13','1994-01-30 15:41:03'),(35,1,5,'1994-12-21 05:32:13','2019-09-03 01:06:18'),(35,45,5,'1971-06-19 13:28:02','2010-10-22 15:23:59'),(35,50,5,'1991-07-07 11:55:45','2007-07-11 22:53:27'),(35,78,5,'1996-03-10 01:17:31','2005-03-17 23:12:07'),(35,94,5,'2013-02-23 06:24:06','2000-09-25 01:03:13'),(35,100,5,'1974-10-27 00:43:40','1999-12-07 06:50:57'),(36,14,1,'1989-11-29 06:43:11','2007-04-20 01:13:25'),(36,46,1,'1992-10-21 09:52:54','1975-11-05 10:30:52'),(36,67,1,'1995-09-15 14:44:45','2000-02-03 04:17:14'),(36,69,1,'2000-06-06 09:47:26','2002-03-04 19:15:24'),(36,80,1,'1980-05-17 02:53:25','1984-04-06 08:48:54'),(36,91,1,'1991-01-11 09:38:45','2017-06-15 21:39:27'),(37,4,2,'1973-04-03 11:49:56','1999-02-07 00:07:14'),(37,6,2,'2008-07-31 06:59:28','1985-03-17 10:36:41'),(37,17,2,'2003-04-13 19:26:44','2008-03-26 08:05:59'),(37,31,2,'2016-01-31 19:54:18','2002-07-08 15:23:22'),(37,42,2,'1980-11-28 12:00:14','2009-07-17 20:34:32'),(37,67,2,'2015-03-27 01:33:37','1983-07-19 09:15:20'),(38,2,3,'1979-07-27 22:23:18','1988-08-21 16:27:02'),(38,9,3,'1984-06-08 15:25:31','2009-03-23 09:03:07'),(38,21,3,'1989-08-01 09:15:58','2011-02-15 21:13:41'),(38,34,3,'1993-10-07 23:16:43','1993-08-05 18:11:54'),(38,77,3,'1990-04-04 10:26:52','1996-06-17 03:33:26'),(39,28,4,'1971-11-17 21:18:16','1991-05-03 04:44:50'),(39,66,4,'1987-12-31 22:38:00','1991-09-12 11:12:30'),(39,71,4,'2011-10-04 20:50:38','1997-04-13 21:31:31'),(39,76,4,'1999-05-31 22:00:04','2010-11-02 11:30:42'),(39,90,4,'2017-08-09 05:05:20','2003-03-04 01:17:58'),(39,96,4,'2015-07-12 19:19:57','2003-08-03 07:06:18'),(40,3,5,'1976-10-29 08:19:59','2011-01-25 00:28:18'),(40,37,5,'1992-03-08 01:06:21','2011-03-12 20:00:10'),(40,49,5,'2012-07-14 04:19:43','1972-06-22 08:44:35'),(40,62,5,'1976-12-15 23:33:37','2011-03-08 17:29:04'),(40,83,5,'1994-07-31 21:09:27','1971-07-21 07:09:36'),(40,96,5,'1970-02-25 16:16:15','2005-06-09 21:24:37'),(41,10,1,'1990-02-03 09:49:39','1974-05-01 23:13:23'),(41,33,1,'1990-11-28 22:29:45','2017-06-05 21:36:53'),(41,54,1,'1983-12-06 19:51:14','2018-03-11 23:58:48'),(41,73,1,'1994-04-18 18:49:25','1982-10-24 13:29:31'),(41,76,1,'2017-03-23 18:58:57','1999-08-16 13:56:28'),(41,77,1,'1986-09-24 05:26:06','2017-07-31 00:35:39'),(42,2,2,'2016-08-25 19:56:21','1971-06-07 15:00:26'),(42,29,2,'1971-05-11 21:02:58','1988-12-07 15:33:41'),(42,40,2,'1996-10-08 02:16:17','1996-03-19 22:35:07'),(42,51,2,'1981-11-23 20:24:04','2016-05-11 08:32:29'),(42,66,2,'2004-04-18 01:23:53','1997-10-11 00:22:59'),(42,99,2,'2002-03-03 22:35:02','1983-10-14 07:55:43'),(43,16,3,'1997-05-19 01:13:39','1973-06-08 14:28:18'),(43,22,3,'1994-10-25 18:39:51','1984-01-27 15:14:13'),(43,26,3,'2001-02-14 14:23:57','1992-11-07 11:37:22'),(43,48,3,'2019-10-24 19:35:51','1981-04-22 03:27:47'),(43,61,3,'2017-07-25 10:32:17','1999-07-03 04:56:33'),(44,6,4,'1974-07-03 20:23:16','1972-07-09 23:25:35'),(44,15,4,'1987-01-04 10:23:18','1992-08-06 11:19:43'),(44,42,4,'1991-05-08 18:57:37','1970-08-28 12:51:16'),(44,55,4,'1970-07-14 19:01:30','1994-12-04 07:56:38'),(44,57,4,'2011-10-21 10:04:38','1975-04-01 22:32:10'),(44,60,4,'1991-05-03 06:11:24','1987-03-16 23:44:07'),(45,3,5,'1972-09-02 14:25:28','1992-11-09 19:20:34'),(45,21,5,'2001-10-31 23:05:06','1975-08-05 13:40:10'),(45,45,5,'1991-10-16 21:38:56','2015-07-02 15:36:33'),(45,56,5,'1998-06-16 19:33:53','1980-09-08 06:54:19'),(45,82,5,'2000-11-30 07:47:16','1997-04-23 12:48:31'),(45,93,5,'1975-05-04 01:28:33','2004-05-03 16:53:47'),(46,35,1,'1975-05-24 19:41:17','2008-03-07 13:27:32'),(46,36,1,'2004-11-03 00:59:43','2009-10-09 04:25:48'),(46,41,1,'1997-03-24 23:45:41','1975-04-09 21:53:30'),(46,48,1,'1999-01-20 19:04:02','1975-08-22 05:05:39'),(46,70,1,'2005-03-26 10:22:06','1982-06-04 06:28:02'),(46,100,1,'1990-07-29 03:56:04','1998-12-21 02:25:30'),(47,10,2,'2012-06-24 01:20:24','2010-08-12 02:43:56'),(47,20,2,'1995-08-27 11:31:22','1986-04-07 10:42:29'),(47,26,2,'2018-07-24 21:31:38','2013-08-30 04:49:57'),(47,31,2,'1973-01-25 11:46:47','2018-02-16 13:30:03'),(47,46,2,'1971-10-14 14:04:16','1983-08-15 15:18:18'),(47,60,2,'1985-04-11 18:42:45','1999-03-06 20:48:04'),(48,15,3,'1985-10-16 21:04:45','1979-06-20 12:33:53'),(48,32,3,'1983-03-31 19:37:41','2016-09-25 13:48:42'),(48,70,3,'1974-03-21 18:14:28','1978-04-03 11:15:37'),(48,77,3,'1975-10-17 21:10:22','1972-01-05 05:13:34'),(48,80,3,'1981-12-04 17:53:24','2016-10-09 17:24:49'),(49,35,4,'1986-04-04 08:59:48','1979-08-27 08:57:47'),(49,44,4,'1986-07-14 12:16:44','1972-03-07 01:50:01'),(49,56,4,'2012-07-21 11:21:23','2008-03-27 15:48:56'),(49,71,4,'1992-09-07 19:50:47','1981-10-19 10:36:48'),(49,89,4,'1992-12-29 07:05:21','1985-04-11 15:58:34'),(49,96,4,'1989-07-06 14:06:13','1993-09-21 05:37:49'),(50,9,5,'1995-08-26 03:40:43','2010-03-02 11:07:53'),(50,12,5,'2003-07-04 10:28:15','2017-02-16 09:18:51'),(50,62,5,'1973-01-11 17:53:36','1986-08-31 18:25:03'),(50,65,5,'2004-06-19 09:25:49','1973-02-24 22:32:19'),(50,69,5,'2008-02-25 01:22:01','2010-11-19 07:14:52'),(50,72,5,'2002-10-29 01:56:09','1995-08-12 01:14:43'),(51,45,1,'1999-04-25 11:12:35','1978-11-04 08:25:39'),(51,74,1,'2012-05-16 01:21:16','2002-05-24 09:57:43'),(51,87,1,'1976-01-22 02:14:05','1976-06-20 07:08:56'),(51,98,1,'2013-04-30 23:55:10','2010-12-23 04:51:03'),(51,99,1,'2002-04-11 15:21:31','1998-07-31 05:58:03'),(52,28,2,'1972-01-06 18:00:47','1991-07-13 04:10:39'),(52,30,2,'1974-11-12 04:50:33','2004-04-15 17:40:08'),(52,52,2,'2005-08-27 09:35:11','1986-06-15 09:20:23'),(52,80,2,'2002-09-28 01:42:09','1995-11-27 00:57:19'),(52,95,2,'1978-03-07 14:41:27','1983-03-19 22:29:52'),(53,7,3,'1986-02-23 02:07:05','1991-12-01 12:02:36'),(53,8,3,'1988-03-12 23:19:15','1995-02-07 08:29:25'),(53,38,3,'1988-02-26 07:55:02','2011-10-17 06:14:16'),(53,47,3,'1970-02-19 00:25:02','1974-06-01 16:09:14'),(53,62,3,'2018-04-07 08:25:04','2007-09-24 07:05:18'),(53,84,3,'1991-03-18 20:45:48','1980-07-14 00:29:37'),(54,42,4,'2012-11-17 03:58:53','1987-11-25 07:57:44'),(54,60,4,'2012-03-17 23:16:24','2005-07-04 07:57:04'),(54,75,4,'2000-07-22 22:52:50','1988-05-23 15:58:07'),(54,81,4,'2016-08-04 11:07:57','1980-03-25 06:49:26'),(54,83,4,'2008-12-21 13:41:42','2005-09-02 12:47:08'),(55,31,5,'2011-05-18 04:45:55','2016-02-03 15:27:27'),(55,34,5,'2005-07-01 19:32:40','2005-11-24 00:06:29'),(55,66,5,'2010-11-02 03:02:27','1986-05-14 00:09:51'),(55,76,5,'1999-04-18 18:19:56','1995-06-27 06:51:06'),(55,82,5,'1978-07-07 11:56:27','1982-08-15 23:58:35'),(55,97,5,'2015-08-17 17:54:17','1972-02-10 10:14:55'),(56,1,1,'2004-09-06 05:58:12','2012-02-06 17:56:39'),(56,3,1,'2014-10-18 17:12:04','1981-05-02 04:33:49'),(56,10,1,'1980-01-05 06:05:59','1975-07-29 07:48:07'),(56,58,1,'1974-05-08 08:35:55','1977-12-07 13:10:38'),(56,89,1,'2013-01-22 23:34:26','1978-03-07 11:06:39'),(56,96,1,'1970-05-20 12:46:03','1972-05-31 12:47:20'),(57,14,2,'1983-01-07 23:54:56','1971-08-06 12:05:26'),(57,19,2,'1987-12-19 09:04:00','1983-05-20 21:01:36'),(57,84,2,'2011-04-02 21:23:55','2019-02-13 20:25:53'),(57,91,2,'2010-06-28 18:09:22','2018-11-08 01:46:18'),(57,100,2,'2001-04-09 23:07:13','2015-09-04 10:51:47'),(58,16,3,'2006-01-25 18:49:05','1979-08-31 06:14:26'),(58,22,3,'2008-06-03 01:23:04','1972-01-25 17:53:47'),(58,50,3,'2015-05-15 21:30:12','1992-08-19 08:59:00'),(58,92,3,'1997-08-30 10:50:49','1989-05-26 08:51:25'),(58,100,3,'2019-03-19 04:18:16','1990-08-30 15:44:33'),(59,1,4,'1992-12-06 11:03:25','1971-01-19 01:21:34'),(59,20,4,'1985-09-19 20:27:08','2014-07-09 18:58:07'),(59,27,4,'1998-07-06 14:30:36','1974-09-08 14:30:56'),(59,45,4,'2010-07-31 19:30:22','1973-10-16 19:15:20'),(59,53,4,'2005-12-24 18:24:28','1994-03-26 09:28:10'),(59,59,4,'2000-04-22 01:41:18','1996-10-12 15:52:17'),(60,10,5,'1973-02-12 02:34:00','2006-09-10 18:16:45'),(60,14,5,'1990-11-06 16:12:37','2017-07-27 14:33:21'),(60,83,5,'1980-10-03 05:41:44','1993-04-11 14:34:43'),(60,86,5,'1972-01-02 02:18:00','1984-08-04 03:13:45'),(60,94,5,'2002-11-24 09:47:09','1987-12-06 00:05:54'),(61,12,1,'1978-04-21 18:04:21','2016-11-17 23:23:49'),(61,25,1,'2016-10-30 08:46:53','2008-09-10 18:03:24'),(61,26,1,'2003-07-29 13:26:46','2010-02-21 02:37:55'),(61,65,1,'2011-10-28 14:15:11','1972-09-21 15:40:06'),(61,80,1,'1997-08-11 17:26:01','2000-06-24 06:28:14'),(61,82,1,'1985-04-30 06:53:19','1974-10-18 14:12:39'),(62,30,2,'1985-04-10 02:47:40','1998-07-31 12:24:30'),(62,35,2,'2007-02-28 06:48:32','1983-10-17 05:08:42'),(62,58,2,'2018-03-16 07:09:36','2002-11-23 08:49:06'),(62,64,2,'1988-06-01 14:31:45','2000-05-26 11:36:31'),(62,81,2,'2016-09-01 03:28:43','1995-05-04 15:52:14'),(63,16,3,'1989-08-01 07:39:23','1975-02-24 18:01:52'),(63,28,3,'1987-12-16 04:43:37','2005-09-13 13:15:00'),(63,37,3,'2017-03-19 14:30:24','1983-08-20 09:42:37'),(63,40,3,'2019-01-23 13:07:40','1997-01-13 03:46:47'),(63,46,3,'2007-12-07 11:47:39','1989-06-10 21:55:01'),(63,75,3,'1983-06-18 16:59:36','1995-05-21 08:21:28'),(64,23,4,'1997-03-06 22:45:10','1994-04-23 12:48:10'),(64,30,4,'1991-02-10 04:43:26','1975-10-08 13:57:36'),(64,34,4,'1987-06-10 14:45:24','2005-09-03 05:29:10'),(64,73,4,'2019-08-09 17:36:32','2005-05-28 04:56:39'),(64,83,4,'1972-08-11 23:49:19','1985-07-22 06:01:38'),(64,85,4,'2015-01-24 00:23:19','1974-01-02 02:15:06'),(65,5,5,'2015-08-02 13:27:32','1986-02-21 20:31:04'),(65,8,5,'1973-01-15 00:40:09','2011-02-07 11:51:07'),(65,13,5,'2008-12-12 08:49:40','1974-08-13 23:37:12'),(65,20,5,'2019-03-15 14:22:54','1994-12-03 13:32:28'),(65,40,5,'1970-10-17 13:20:15','1975-05-29 18:09:32'),(65,43,5,'1999-04-01 15:44:26','2005-01-04 13:49:29'),(66,17,1,'1984-03-14 09:17:20','1978-01-20 13:58:44'),(66,40,1,'1988-08-18 06:01:00','1999-09-16 22:01:03'),(66,81,1,'2008-03-10 00:52:18','1985-11-21 18:20:14'),(66,95,1,'1988-06-29 16:47:09','2013-09-28 03:47:08'),(67,17,2,'1991-04-03 04:05:43','1973-08-22 18:23:07'),(67,38,2,'2005-06-11 05:20:52','2017-11-18 11:50:10'),(67,41,2,'2017-09-07 08:43:47','2013-10-17 21:59:40'),(67,58,2,'2016-03-06 17:02:15','2016-10-07 01:42:13'),(67,63,2,'1998-06-22 23:40:00','2018-02-18 11:36:38'),(67,83,2,'1985-06-14 15:25:48','1979-06-12 18:11:17'),(68,27,3,'2014-06-13 14:46:11','2011-01-25 01:18:56'),(68,33,3,'1982-07-06 16:48:17','2008-07-06 09:59:29'),(68,59,3,'1989-06-22 19:20:25','1994-04-28 00:40:30'),(68,67,3,'1977-03-02 20:28:32','2006-10-27 20:09:46'),(68,75,3,'1999-04-13 14:30:19','1995-11-19 14:52:02'),(68,79,3,'2003-08-29 01:49:15','1997-12-12 07:27:03'),(69,27,4,'1975-12-29 12:53:50','1979-02-05 05:34:27'),(69,29,4,'2016-10-09 01:52:42','2016-06-13 13:26:41'),(69,32,4,'1977-10-29 03:28:39','1972-10-26 16:15:35'),(69,52,4,'1970-01-28 11:13:15','2009-07-19 02:20:21'),(69,61,4,'2012-12-06 18:58:03','1988-03-18 03:06:02'),(69,88,4,'2018-05-15 21:43:35','1978-07-20 12:19:26'),(70,8,5,'1978-08-25 00:51:07','2019-04-09 10:24:02'),(70,17,5,'1971-11-09 21:31:15','1972-10-03 20:07:56'),(70,30,5,'1997-02-16 19:31:30','1996-10-09 21:45:33'),(70,49,5,'1980-05-24 02:34:00','2017-08-07 21:37:59'),(70,79,5,'1998-10-16 07:27:05','2004-09-23 18:40:38'),(70,87,5,'1995-11-18 14:55:01','2003-03-07 01:47:42'),(71,9,1,'1991-12-06 01:28:13','2005-05-21 23:15:03'),(71,22,1,'2005-03-23 17:23:22','1997-01-01 18:48:30'),(71,26,1,'1982-11-17 23:28:11','2000-12-21 22:10:03'),(71,34,1,'1979-01-19 02:13:54','2005-06-17 14:14:46'),(71,36,1,'2000-05-07 20:05:31','1970-12-29 19:49:54'),(71,78,1,'2008-02-10 20:12:46','1971-04-11 09:20:40'),(72,13,2,'1997-11-29 08:07:08','2004-03-16 00:35:56'),(72,63,2,'2007-07-17 00:27:43','1992-09-24 14:00:16'),(72,76,2,'1990-02-25 13:51:37','1999-11-26 03:57:16'),(72,77,2,'1973-10-12 02:32:13','2002-01-23 04:57:08'),(72,91,2,'2002-11-28 02:24:18','1975-11-24 04:46:26'),(72,99,2,'1998-05-13 00:54:49','1985-06-15 21:38:58'),(73,3,3,'2012-02-18 20:19:16','2013-02-12 20:44:51'),(73,39,3,'1997-09-24 17:32:37','1973-11-02 14:53:59'),(73,48,3,'1998-07-18 23:47:02','2017-05-29 22:26:05'),(73,69,3,'1995-04-03 03:09:32','1983-02-17 17:39:26'),(73,79,3,'1984-02-20 13:18:29','2003-06-18 17:12:06'),(73,85,3,'1995-08-24 22:34:04','1988-11-29 12:40:46'),(74,7,4,'1987-10-26 19:45:02','1999-01-29 20:21:55'),(74,43,4,'2014-07-22 02:10:36','1987-07-04 22:59:34'),(74,56,4,'1972-11-01 03:22:55','1970-01-16 18:48:31'),(74,61,4,'2009-05-11 19:23:58','1991-06-06 16:25:37'),(74,81,4,'1970-05-18 22:57:58','1991-10-18 06:53:53'),(74,98,4,'2006-05-11 23:06:43','1979-12-23 00:22:32'),(75,13,5,'1977-10-08 11:39:11','2018-09-12 23:16:23'),(75,43,5,'1981-01-20 18:58:02','2014-02-20 02:24:00'),(75,44,5,'2006-08-10 05:33:34','1982-09-29 07:01:02'),(75,46,5,'2006-01-06 07:54:34','2010-11-01 19:47:31'),(75,56,5,'2007-11-11 13:09:12','2008-06-20 12:15:35'),(75,78,5,'2010-06-28 08:15:43','1981-10-19 13:33:22'),(76,7,1,'1985-02-28 18:59:06','1990-04-17 14:50:40'),(76,44,1,'1972-04-01 02:10:21','2014-01-25 05:04:15'),(76,50,1,'1978-04-29 03:40:23','2005-07-02 06:29:41'),(76,71,1,'1996-10-14 15:39:31','1973-11-03 22:24:21'),(76,75,1,'2013-02-18 21:51:12','2017-07-16 05:09:17'),(76,94,1,'1982-09-16 21:29:03','1978-01-12 20:55:11'),(77,2,2,'2000-04-24 23:58:17','2014-01-15 21:09:25'),(77,26,2,'1981-06-21 01:40:07','1997-09-15 15:11:34'),(77,38,2,'1984-01-07 07:20:01','2000-05-31 23:46:31'),(77,53,2,'1999-11-10 04:38:30','1991-08-06 16:39:31'),(77,58,2,'1970-05-30 09:50:56','1982-04-24 16:04:17'),(77,66,2,'1974-08-22 15:25:26','1986-07-13 20:45:37'),(78,5,3,'2002-01-06 20:21:18','2001-01-03 15:30:20'),(78,30,3,'1975-03-14 20:06:49','2000-07-12 19:38:13'),(78,60,3,'2015-04-07 00:00:55','2016-12-02 09:48:54'),(78,72,3,'1996-02-22 10:23:24','2007-08-19 02:04:30'),(78,74,3,'2001-10-20 18:16:16','1982-03-02 22:42:23'),(78,84,3,'2019-06-27 02:03:57','2010-08-25 03:17:52'),(79,5,4,'1971-08-15 22:28:02','1978-02-04 03:04:24'),(79,21,4,'1988-02-14 15:21:52','1998-07-19 08:09:23'),(79,35,4,'1972-11-16 19:34:44','1982-04-15 17:12:32'),(79,68,4,'1988-10-20 14:20:30','2019-07-19 09:49:14'),(79,70,4,'1990-02-27 16:43:13','1974-05-12 21:18:51'),(79,73,4,'1992-06-17 15:09:33','1999-04-22 03:18:58'),(80,4,5,'1984-11-28 01:50:17','1997-01-12 02:07:29'),(80,42,5,'1996-05-14 08:00:29','1991-12-20 06:23:50'),(80,44,5,'2015-11-22 13:50:55','2001-09-21 22:22:51'),(80,52,5,'2012-12-22 16:00:46','1992-11-20 14:08:45'),(80,86,5,'1995-08-08 10:26:24','1971-12-22 07:55:38'),(80,93,5,'2001-05-30 11:01:18','1983-07-07 22:34:50'),(81,11,1,'1970-09-09 03:10:21','1987-04-29 16:40:29'),(81,13,1,'1992-06-14 16:15:06','2017-11-26 06:05:54'),(81,20,1,'1980-03-06 10:41:01','1998-08-18 05:17:02'),(81,41,1,'2010-02-26 23:22:28','1995-04-11 03:08:39'),(81,64,1,'2009-02-20 05:52:57','2005-04-07 04:37:59'),(81,67,1,'1980-08-24 20:02:49','2014-09-01 22:08:46'),(82,10,2,'1986-03-27 20:34:08','2003-10-10 14:40:38'),(82,12,2,'1977-01-15 23:58:05','1984-06-15 17:31:10'),(82,71,2,'1979-07-08 11:41:55','1970-10-31 16:43:01'),(82,90,2,'2002-04-10 01:03:14','2009-01-31 20:01:37'),(82,93,2,'2011-11-24 11:55:44','1974-07-02 04:39:44'),(82,97,2,'1984-10-23 16:31:38','1996-12-22 00:13:44'),(83,6,3,'1973-01-02 15:39:08','1986-08-27 10:46:07'),(83,8,3,'2015-01-18 19:21:37','1976-02-23 18:12:47'),(83,39,3,'1972-01-25 08:28:53','2019-08-31 01:02:05'),(83,84,3,'2012-12-12 03:14:27','1992-09-16 15:20:18'),(83,88,3,'1994-09-10 17:37:31','1975-08-09 23:35:10'),(83,89,3,'1979-10-19 16:09:03','1974-08-13 02:33:24'),(84,1,4,'1998-09-14 08:09:16','1992-01-29 09:59:08'),(84,18,4,'1972-03-25 01:20:00','1974-09-01 17:02:57'),(84,46,4,'2016-08-17 02:31:30','2019-04-24 03:40:16'),(84,55,4,'2019-01-13 18:40:46','1972-02-01 06:05:40'),(84,57,4,'1972-11-26 09:47:26','2008-04-24 13:52:47'),(84,72,4,'1980-08-28 00:02:08','1988-05-21 06:46:21'),(85,15,5,'2004-05-20 05:07:02','2014-10-01 06:12:26'),(85,40,5,'2001-03-22 08:32:26','1970-06-07 00:26:56'),(85,42,5,'1999-08-22 09:22:26','1977-06-27 10:11:46'),(85,46,5,'1982-09-15 03:47:32','2006-08-11 22:58:40'),(85,78,5,'1984-03-28 03:31:51','1991-07-19 07:55:09'),(85,81,5,'1996-10-20 21:59:08','1987-02-27 01:22:23'),(86,19,1,'2011-10-01 01:48:32','1984-04-29 18:38:11'),(86,23,1,'2013-10-10 01:15:01','1991-10-22 18:28:27'),(86,75,1,'1970-01-09 23:21:00','2010-08-20 20:49:46'),(86,84,1,'1996-01-02 20:04:29','1987-10-21 17:02:09'),(86,91,1,'1995-11-16 06:26:05','1979-11-08 12:26:05'),(86,92,1,'1982-01-26 14:53:51','2019-05-03 14:48:23'),(87,6,2,'1986-06-24 04:21:56','1995-05-04 07:55:36'),(87,34,2,'1980-04-30 20:26:59','2005-10-07 11:40:43'),(87,36,2,'2007-08-31 19:17:11','2005-12-02 14:36:00'),(87,57,2,'1990-10-18 16:28:40','1979-12-06 00:59:22'),(87,72,2,'1996-01-15 22:42:23','1977-09-27 00:54:49'),(87,85,2,'1971-01-12 04:01:35','1995-10-16 05:24:31'),(88,24,3,'1986-04-16 08:31:45','1970-12-06 10:05:20'),(88,27,3,'1998-03-30 07:37:20','2016-05-01 23:08:13'),(88,70,3,'1989-12-26 17:39:39','1998-08-12 00:06:22'),(88,97,3,'2019-06-16 22:08:54','1987-04-23 05:33:33'),(88,99,3,'1986-06-01 05:09:33','2015-01-04 16:20:51'),(89,32,4,'1979-11-16 02:20:34','1988-07-16 20:39:26'),(89,41,4,'2015-04-11 12:42:12','1982-03-21 07:35:26'),(89,86,4,'1981-06-15 14:32:03','1999-04-26 13:23:02'),(89,89,4,'2005-10-06 08:39:35','2001-06-16 18:43:40'),(89,96,4,'1974-05-03 14:54:05','1996-05-14 13:39:43'),(90,5,5,'1993-09-05 12:02:43','1987-04-03 11:18:16'),(90,18,5,'2012-04-01 11:20:19','1999-09-22 06:16:21'),(90,24,5,'2005-10-05 21:49:10','2016-06-22 07:25:06'),(90,58,5,'2006-02-27 06:35:47','1979-09-27 08:57:59'),(90,63,5,'1995-08-13 23:32:06','2006-03-09 00:59:34'),(90,88,5,'2014-03-28 02:19:39','1978-04-12 15:39:47'),(91,2,1,'2018-02-21 20:59:26','1974-08-06 19:06:33'),(91,8,1,'1980-02-28 21:48:38','1992-06-08 03:48:27'),(91,11,1,'2004-09-25 12:30:22','2000-12-26 17:00:00'),(91,37,1,'2007-02-08 11:33:21','1994-08-11 06:37:27'),(91,54,1,'2013-05-27 13:58:19','1972-06-23 12:13:18'),(91,63,1,'1973-10-12 12:50:22','2017-09-25 20:52:08'),(92,23,2,'1995-12-01 19:44:38','1972-01-10 13:43:27'),(92,33,2,'2014-02-01 08:14:52','1975-01-12 08:00:40'),(92,35,2,'2017-08-06 21:01:46','2019-11-13 18:27:07'),(92,43,2,'1972-08-20 19:10:09','2011-07-19 13:13:25'),(92,59,2,'1986-01-11 02:32:17','2013-04-27 23:46:18'),(92,87,2,'1999-11-04 05:48:42','1988-06-20 08:58:40'),(93,15,3,'2014-07-01 11:05:28','2019-05-17 09:44:01'),(93,36,3,'1987-03-29 20:34:43','1979-11-20 16:46:03'),(93,41,3,'1997-12-25 12:26:02','2003-08-01 07:49:44'),(93,53,3,'1995-05-22 02:50:43','1972-02-10 11:30:23'),(93,54,3,'1992-03-02 17:57:43','1990-09-02 05:38:12'),(93,95,3,'2011-05-05 02:04:40','1971-03-16 21:53:22'),(94,11,4,'2010-08-09 18:46:30','1974-01-26 14:56:55'),(94,12,4,'1994-07-16 02:01:25','2006-03-31 09:49:55'),(94,25,4,'2001-06-01 19:36:42','2001-02-18 04:28:16'),(94,49,4,'1989-05-17 08:39:39','1972-05-25 21:54:08'),(94,61,4,'1979-08-25 19:56:34','1974-05-13 15:55:51'),(94,92,4,'2015-05-07 14:57:12','1992-06-02 14:21:59'),(95,40,5,'2011-12-12 22:21:38','1994-06-19 19:29:02'),(95,47,5,'2002-02-26 01:48:09','1973-04-07 07:02:05'),(95,65,5,'1983-03-28 07:26:42','2011-03-03 10:38:07'),(95,84,5,'1999-07-20 20:50:16','2006-11-07 05:22:03'),(95,87,5,'1994-08-28 08:33:20','2019-11-03 15:00:38'),(95,91,5,'1970-06-19 15:57:42','1980-06-30 00:54:20'),(96,27,1,'1983-04-06 20:44:12','1998-03-04 17:27:31'),(96,32,1,'2018-09-19 02:08:31','1987-04-02 14:10:46'),(96,42,1,'1983-02-05 05:42:24','2019-05-23 14:36:25'),(96,54,1,'2011-01-12 11:24:15','2010-02-15 15:33:26'),(96,89,1,'2005-01-29 22:43:42','2013-09-21 23:14:13'),(96,98,1,'1972-01-03 08:34:39','2004-09-02 22:39:41'),(97,3,2,'1991-05-25 21:26:13','2012-02-03 19:15:42'),(97,13,2,'2015-12-14 14:37:53','1993-09-07 14:20:31'),(97,36,2,'1996-05-30 13:05:00','1980-02-18 02:24:33'),(97,70,2,'2006-06-23 05:22:56','1974-06-09 08:08:41'),(97,93,2,'1979-01-23 22:31:22','1986-12-22 13:43:02'),(98,33,3,'1976-03-27 19:37:45','1992-07-13 20:53:25'),(98,34,3,'1984-12-26 19:16:20','1998-01-28 20:17:41'),(98,48,3,'2013-12-24 04:01:15','1990-03-25 16:40:53'),(98,54,3,'2015-02-19 09:40:48','1972-04-10 21:01:06'),(98,98,3,'1972-02-26 00:16:30','2010-03-26 12:18:44'),(98,100,3,'2014-07-20 10:20:55','1993-08-08 05:38:58'),(99,24,4,'1987-10-14 08:04:59','2008-07-12 22:16:27'),(99,53,4,'2008-10-12 03:36:34','2011-04-04 05:25:06'),(99,57,4,'2000-05-05 10:40:22','1971-09-18 23:49:29'),(99,62,4,'2016-10-06 23:29:30','1986-05-17 21:10:35'),(99,71,4,'1970-06-26 21:22:01','1976-05-28 12:18:59'),(99,90,4,'2011-03-04 11:52:42','2014-04-27 17:34:52'),(100,16,5,'1995-05-26 05:56:43','2003-08-27 11:10:17'),(100,30,5,'2006-07-05 04:53:49','2008-03-13 12:14:07'),(100,31,5,'2012-09-28 01:07:38','1992-03-25 23:17:13'),(100,37,5,'1977-03-17 01:36:30','1993-07-06 12:57:45'),(100,52,5,'2010-04-04 11:14:24','1982-07-01 15:51:42'),(100,55,5,'1980-07-08 15:35:17','2017-01-24 07:11:34');
/*!40000 ALTER TABLE `friendship` ENABLE KEYS */;
UNLOCK TABLES;

--
-- Table structure for table `friendship_statuses`
--

DROP TABLE IF EXISTS `friendship_statuses`;
/*!40101 SET @saved_cs_client     = @@character_set_client */;
/*!50503 SET character_set_client = utf8mb4 */;
CREATE TABLE `friendship_statuses` (
  `id` int(10) unsigned NOT NULL AUTO_INCREMENT,
  `name` varchar(150) CHARACTER SET utf8 COLLATE utf8_unicode_ci NOT NULL,
  PRIMARY KEY (`id`),
  UNIQUE KEY `name` (`name`)
) ENGINE=InnoDB AUTO_INCREMENT=6 DEFAULT CHARSET=utf8 COLLATE=utf8_unicode_ci;
/*!40101 SET character_set_client = @saved_cs_client */;

--
-- Dumping data for table `friendship_statuses`
--

LOCK TABLES `friendship_statuses` WRITE;
/*!40000 ALTER TABLE `friendship_statuses` DISABLE KEYS */;
INSERT INTO `friendship_statuses` VALUES (3,'commodi'),(5,'ipsum'),(1,'molestiae'),(4,'numquam'),(2,'provident');
/*!40000 ALTER TABLE `friendship_statuses` ENABLE KEYS */;
UNLOCK TABLES;

--
-- Table structure for table `media`
--

DROP TABLE IF EXISTS `media`;
/*!40101 SET @saved_cs_client     = @@character_set_client */;
/*!50503 SET character_set_client = utf8mb4 */;
CREATE TABLE `media` (
  `id` int(10) unsigned NOT NULL AUTO_INCREMENT,
  `media_type_id` int(10) unsigned NOT NULL,
  `user_id` int(10) unsigned NOT NULL,
  `filename` varchar(255) CHARACTER SET utf8 COLLATE utf8_unicode_ci NOT NULL,
  `size` int(11) NOT NULL,
  `metadata` json DEFAULT NULL,
  `created_at` datetime DEFAULT CURRENT_TIMESTAMP,
  `updated_at` datetime DEFAULT CURRENT_TIMESTAMP ON UPDATE CURRENT_TIMESTAMP,
  PRIMARY KEY (`id`)
) ENGINE=InnoDB AUTO_INCREMENT=101 DEFAULT CHARSET=utf8 COLLATE=utf8_unicode_ci;
/*!40101 SET character_set_client = @saved_cs_client */;

--
-- Dumping data for table `media`
--

LOCK TABLES `media` WRITE;
/*!40000 ALTER TABLE `media` DISABLE KEYS */;
INSERT INTO `media` VALUES (1,1,61,'et',7350,'{\"et\": \"7350\"}','2019-09-04 02:26:55','2019-11-27 22:54:12'),(2,3,3,'hic',1253,'{\"hic\": \"1253\"}','2008-11-18 08:04:27','2019-11-27 22:54:12'),(3,1,31,'quis',9005,'{\"quis\": \"9005\"}','1999-07-28 16:45:17','2019-11-27 22:54:12'),(4,2,45,'neque',3711,'{\"neque\": \"3711\"}','1984-03-26 00:44:43','2019-11-27 22:54:12'),(5,2,33,'non',242,'{\"non\": \"242\"}','1984-02-17 19:27:14','2019-11-27 22:54:12'),(6,3,29,'sit',9088,'{\"sit\": \"9088\"}','1987-11-22 02:19:58','2019-11-27 22:54:12'),(7,3,47,'dignissimos',820,'{\"dignissimos\": \"820\"}','1982-09-22 07:16:39','2019-11-27 22:54:12'),(8,3,47,'consectetur',7830,'{\"consectetur\": \"7830\"}','1990-09-10 17:26:21','2019-11-27 22:54:12'),(9,1,95,'molestiae',9131,'{\"molestiae\": \"9131\"}','1989-08-10 08:09:10','2019-11-27 22:54:12'),(10,1,32,'et',2009,'{\"et\": \"2009\"}','1970-04-19 08:05:44','2019-11-27 22:54:12'),(11,2,76,'dolor',769,'{\"dolor\": \"769\"}','1977-12-03 11:25:32','2019-11-27 22:54:12'),(12,3,81,'esse',4366,'{\"esse\": \"4366\"}','1975-10-29 04:33:47','2019-11-27 22:54:12'),(13,2,78,'placeat',2822,'{\"placeat\": \"2822\"}','1997-05-09 09:04:37','2019-11-27 22:54:12'),(14,3,45,'quaerat',2899,'{\"quaerat\": \"2899\"}','1990-04-11 02:33:20','2019-11-27 22:54:12'),(15,2,91,'laborum',1601,'{\"laborum\": \"1601\"}','2017-04-25 14:07:50','2019-11-27 22:54:12'),(16,2,20,'quia',7363,'{\"quia\": \"7363\"}','1982-02-06 20:55:51','2019-11-27 22:54:12'),(17,3,28,'cum',4109,'{\"cum\": \"4109\"}','2003-08-03 09:44:27','2019-11-27 22:54:12'),(18,1,77,'provident',7639,'{\"provident\": \"7639\"}','2011-12-03 10:41:44','2019-11-27 22:54:12'),(19,3,3,'reprehenderit',3884,'{\"reprehenderit\": \"3884\"}','1977-07-10 19:48:26','2019-11-27 22:54:12'),(20,3,84,'hic',4363,'{\"hic\": \"4363\"}','1984-04-13 13:32:58','2019-11-27 22:54:12'),(21,3,8,'voluptas',4796,'{\"voluptas\": \"4796\"}','1973-03-11 02:58:28','2019-11-27 22:54:12'),(22,2,88,'distinctio',9037,'{\"distinctio\": \"9037\"}','1987-01-12 05:44:58','2019-11-27 22:54:12'),(23,2,18,'ut',2238,'{\"ut\": \"2238\"}','1988-03-19 19:02:19','2019-11-27 22:54:12'),(24,1,24,'unde',5149,'{\"unde\": \"5149\"}','1979-10-08 06:28:59','2019-11-27 22:54:12'),(25,1,63,'dolores',6433,'{\"dolores\": \"6433\"}','2012-06-22 07:33:13','2019-11-27 22:54:12'),(26,3,46,'soluta',9182,'{\"soluta\": \"9182\"}','2013-04-23 21:04:30','2019-11-27 22:54:12'),(27,3,40,'nam',8301,'{\"nam\": \"8301\"}','1977-04-17 06:58:59','2019-11-27 22:54:12'),(28,3,61,'voluptatem',2855,'{\"voluptatem\": \"2855\"}','1980-04-13 22:54:59','2019-11-27 22:54:12'),(29,1,82,'harum',7551,'{\"harum\": \"7551\"}','1998-01-21 03:08:24','2019-11-27 22:54:12'),(30,2,30,'quidem',2970,'{\"quidem\": \"2970\"}','2007-02-13 04:43:49','2019-11-27 22:54:12'),(31,3,3,'quam',1888,'{\"quam\": \"1888\"}','1978-02-08 08:46:35','2019-11-27 22:54:12'),(32,2,23,'qui',3469,'{\"qui\": \"3469\"}','1991-06-07 13:12:46','2019-11-27 22:54:12'),(33,3,5,'recusandae',5459,'{\"recusandae\": \"5459\"}','2016-05-21 08:24:29','2019-11-27 22:54:12'),(34,2,58,'ipsum',4173,'{\"ipsum\": \"4173\"}','2011-09-17 08:36:39','2019-11-27 22:54:12'),(35,2,73,'et',4129,'{\"et\": \"4129\"}','1987-10-25 04:26:00','2019-11-27 22:54:12'),(36,3,90,'eius',8969,'{\"eius\": \"8969\"}','1971-07-18 00:45:48','2019-11-27 22:54:12'),(37,1,31,'exercitationem',7853,'{\"exercitationem\": \"7853\"}','2013-06-26 02:09:46','2019-11-27 22:54:12'),(38,2,86,'laborum',291,'{\"laborum\": \"291\"}','2002-08-30 13:46:47','2019-11-27 22:54:12'),(39,1,34,'voluptatibus',3153,'{\"voluptatibus\": \"3153\"}','1994-06-11 08:12:56','2019-11-27 22:54:12'),(40,3,13,'rerum',4711,'{\"rerum\": \"4711\"}','2016-07-31 09:19:33','2019-11-27 22:54:12'),(41,1,61,'omnis',5546,'{\"omnis\": \"5546\"}','1999-09-01 00:51:06','2019-11-27 22:54:12'),(42,2,66,'maiores',5456,'{\"maiores\": \"5456\"}','2009-06-24 20:04:28','2019-11-27 22:54:12'),(43,3,45,'praesentium',259,'{\"praesentium\": \"259\"}','1989-06-06 20:49:58','2019-11-27 22:54:12'),(44,1,30,'porro',4318,'{\"porro\": \"4318\"}','1974-04-20 22:35:50','2019-11-27 22:54:12'),(45,3,11,'quia',6013,'{\"quia\": \"6013\"}','1993-06-01 08:11:24','2019-11-27 22:54:12'),(46,3,67,'nam',7639,'{\"nam\": \"7639\"}','1972-01-01 21:25:17','2019-11-27 22:54:12'),(47,1,99,'non',3351,'{\"non\": \"3351\"}','2003-02-20 16:42:32','2019-11-27 22:54:12'),(48,1,93,'illo',9994,'{\"illo\": \"9994\"}','2016-06-25 10:43:08','2019-11-27 22:54:12'),(49,3,70,'quia',7537,'{\"quia\": \"7537\"}','1991-05-12 13:32:06','2019-11-27 22:54:12'),(50,3,70,'earum',5135,'{\"earum\": \"5135\"}','1983-11-11 07:21:54','2019-11-27 22:54:12'),(51,2,39,'voluptatem',3499,'{\"voluptatem\": \"3499\"}','1974-07-28 09:07:24','2019-11-27 22:54:12'),(52,1,84,'unde',9130,'{\"unde\": \"9130\"}','2018-01-23 13:56:03','2019-11-27 22:54:12'),(53,3,2,'tenetur',3193,'{\"tenetur\": \"3193\"}','1986-12-31 11:18:24','2019-11-27 22:54:12'),(54,1,59,'hic',5866,'{\"hic\": \"5866\"}','2013-08-29 12:09:56','2019-11-27 22:54:12'),(55,1,86,'qui',7833,'{\"qui\": \"7833\"}','2001-09-02 09:57:57','2019-11-27 22:54:12'),(56,2,55,'et',5016,'{\"et\": \"5016\"}','1995-06-15 22:17:24','2019-11-27 22:54:12'),(57,3,14,'rem',8394,'{\"rem\": \"8394\"}','1976-12-13 08:55:35','2019-11-27 22:54:12'),(58,3,6,'quibusdam',6079,'{\"quibusdam\": \"6079\"}','2001-03-24 01:31:50','2019-11-27 22:54:12'),(59,2,85,'in',4650,'{\"in\": \"4650\"}','1988-11-05 21:00:14','2019-11-27 22:54:12'),(60,3,10,'et',4623,'{\"et\": \"4623\"}','2006-03-09 01:25:18','2019-11-27 22:54:12'),(61,3,92,'est',2722,'{\"est\": \"2722\"}','1979-05-23 04:06:13','2019-11-27 22:54:12'),(62,3,29,'ut',6163,'{\"ut\": \"6163\"}','1996-04-13 21:30:45','2019-11-27 22:54:12'),(63,3,69,'rem',106,'{\"rem\": \"106\"}','1984-08-15 12:36:36','2019-11-27 22:54:12'),(64,3,60,'totam',518,'{\"totam\": \"518\"}','1998-06-23 23:17:16','2019-11-27 22:54:12'),(65,1,89,'consequatur',7786,'{\"consequatur\": \"7786\"}','1999-11-28 00:13:35','2019-11-27 22:54:12'),(66,1,66,'accusamus',989,'{\"accusamus\": \"989\"}','1982-12-28 10:10:17','2019-11-27 22:54:12'),(67,3,61,'pariatur',104,'{\"pariatur\": \"104\"}','2010-06-13 18:41:27','2019-11-27 22:54:12'),(68,1,8,'dignissimos',8825,'{\"dignissimos\": \"8825\"}','1987-06-20 23:23:15','2019-11-27 22:54:12'),(69,3,57,'est',2934,'{\"est\": \"2934\"}','2018-09-09 23:31:08','2019-11-27 22:54:12'),(70,2,59,'est',4806,'{\"est\": \"4806\"}','1988-07-18 00:19:49','2019-11-27 22:54:12'),(71,1,24,'ipsa',5841,'{\"ipsa\": \"5841\"}','2018-10-06 19:03:21','2019-11-27 22:54:12'),(72,1,42,'ut',4649,'{\"ut\": \"4649\"}','1977-04-26 22:02:55','2019-11-27 22:54:12'),(73,2,38,'quia',1068,'{\"quia\": \"1068\"}','1976-12-23 05:41:14','2019-11-27 22:54:12'),(74,2,63,'ipsum',8029,'{\"ipsum\": \"8029\"}','1990-09-12 21:00:53','2019-11-27 22:54:12'),(75,1,2,'fugit',3289,'{\"fugit\": \"3289\"}','2014-02-07 21:52:43','2019-11-27 22:54:12'),(76,2,18,'similique',541,'{\"similique\": \"541\"}','2007-01-01 01:16:19','2019-11-27 22:54:12'),(77,2,86,'rerum',2119,'{\"rerum\": \"2119\"}','1994-02-23 08:21:27','2019-11-27 22:54:12'),(78,2,73,'assumenda',6131,'{\"assumenda\": \"6131\"}','2001-12-03 23:02:21','2019-11-27 22:54:12'),(79,2,8,'sit',1955,'{\"sit\": \"1955\"}','2018-08-15 20:01:45','2019-11-27 22:54:12'),(80,1,20,'porro',4949,'{\"porro\": \"4949\"}','2007-12-25 21:45:48','2019-11-27 22:54:12'),(81,2,78,'ut',3261,'{\"ut\": \"3261\"}','2006-08-17 10:46:07','2019-11-27 22:54:12'),(82,2,26,'quisquam',1261,'{\"quisquam\": \"1261\"}','1980-01-18 15:43:24','2019-11-27 22:54:12'),(83,3,96,'dolores',6989,'{\"dolores\": \"6989\"}','1987-04-22 04:50:49','2019-11-27 22:54:12'),(84,1,1,'et',3732,'{\"et\": \"3732\"}','2011-07-31 02:43:56','2019-11-27 22:54:12'),(85,2,18,'ipsam',4322,'{\"ipsam\": \"4322\"}','1983-05-24 02:04:43','2019-11-27 22:54:12'),(86,2,84,'ut',1368,'{\"ut\": \"1368\"}','1980-01-17 12:13:42','2019-11-27 22:54:12'),(87,1,69,'sed',8745,'{\"sed\": \"8745\"}','1989-02-07 08:25:41','2019-11-27 22:54:12'),(88,1,91,'necessitatibus',1127,'{\"necessitatibus\": \"1127\"}','2015-07-31 23:55:15','2019-11-27 22:54:12'),(89,1,46,'asperiores',3524,'{\"asperiores\": \"3524\"}','1995-03-03 17:50:39','2019-11-27 22:54:12'),(90,3,59,'eos',8255,'{\"eos\": \"8255\"}','1973-11-13 15:04:32','2019-11-27 22:54:12'),(91,3,54,'nulla',8886,'{\"nulla\": \"8886\"}','1973-02-26 08:33:05','2019-11-27 22:54:12'),(92,3,92,'alias',374,'{\"alias\": \"374\"}','1971-09-03 19:25:52','2019-11-27 22:54:12'),(93,3,100,'est',1125,'{\"est\": \"1125\"}','2001-07-18 20:51:57','2019-11-27 22:54:12'),(94,2,20,'eum',7366,'{\"eum\": \"7366\"}','1975-08-03 19:54:25','2019-11-27 22:54:12'),(95,3,3,'optio',976,'{\"optio\": \"976\"}','2000-11-04 16:25:52','2019-11-27 22:54:12'),(96,2,53,'quis',3170,'{\"quis\": \"3170\"}','2015-07-31 11:24:22','2019-11-27 22:54:12'),(97,3,54,'corporis',3535,'{\"corporis\": \"3535\"}','1971-02-05 06:35:46','2019-11-27 22:54:12'),(98,3,11,'nesciunt',6998,'{\"nesciunt\": \"6998\"}','1975-06-30 14:45:22','2019-11-27 22:54:12'),(99,3,92,'ut',6241,'{\"ut\": \"6241\"}','1991-06-13 13:18:03','2019-11-27 22:54:12'),(100,3,26,'aperiam',6768,'{\"aperiam\": \"6768\"}','1994-11-06 08:14:16','2019-11-27 22:54:12');
/*!40000 ALTER TABLE `media` ENABLE KEYS */;
UNLOCK TABLES;

--
-- Table structure for table `media_types`
--

DROP TABLE IF EXISTS `media_types`;
/*!40101 SET @saved_cs_client     = @@character_set_client */;
/*!50503 SET character_set_client = utf8mb4 */;
CREATE TABLE `media_types` (
  `id` int(10) unsigned NOT NULL AUTO_INCREMENT,
  `name` varchar(255) CHARACTER SET utf8 COLLATE utf8_unicode_ci NOT NULL,
  PRIMARY KEY (`id`),
  UNIQUE KEY `name` (`name`)
) ENGINE=InnoDB AUTO_INCREMENT=4 DEFAULT CHARSET=utf8 COLLATE=utf8_unicode_ci;
/*!40101 SET character_set_client = @saved_cs_client */;

--
-- Dumping data for table `media_types`
--

LOCK TABLES `media_types` WRITE;
/*!40000 ALTER TABLE `media_types` DISABLE KEYS */;
INSERT INTO `media_types` VALUES (3,'audio'),(1,'photo'),(2,'video');
/*!40000 ALTER TABLE `media_types` ENABLE KEYS */;
UNLOCK TABLES;

--
-- Table structure for table `messages`
--

DROP TABLE IF EXISTS `messages`;
/*!40101 SET @saved_cs_client     = @@character_set_client */;
/*!50503 SET character_set_client = utf8mb4 */;
CREATE TABLE `messages` (
  `id` int(10) unsigned NOT NULL AUTO_INCREMENT,
  `from_user_id` int(10) unsigned NOT NULL,
  `to_user_id` int(10) unsigned NOT NULL,
  `body` text CHARACTER SET utf8 COLLATE utf8_unicode_ci NOT NULL,
  `attached_media_id` int(10) unsigned DEFAULT NULL,
  `is_important` tinyint(1) DEFAULT NULL,
  `is_delivered` tinyint(1) DEFAULT NULL,
  `created_at` datetime DEFAULT CURRENT_TIMESTAMP,
  PRIMARY KEY (`id`)
) ENGINE=InnoDB AUTO_INCREMENT=401 DEFAULT CHARSET=utf8 COLLATE=utf8_unicode_ci;
/*!40101 SET character_set_client = @saved_cs_client */;

--
-- Dumping data for table `messages`
--

LOCK TABLES `messages` WRITE;
/*!40000 ALTER TABLE `messages` DISABLE KEYS */;
INSERT INTO `messages` VALUES (1,50,10,'Vitae optio ad fuga adipisci. Optio omnis ut dolorem. Voluptatem adipisci repellendus est at at natus. Ut earum aliquam commodi iste quasi libero doloribus.',NULL,1,0,'2013-04-29 22:19:22'),(2,1,76,'Sapiente rerum nisi corporis adipisci beatae eos. Quia fugit sequi saepe corrupti id sit animi. Perferendis et excepturi omnis soluta nemo. Provident quis voluptas et cumque eligendi repudiandae soluta. Ex reiciendis at ullam et.',NULL,1,1,'1998-03-26 05:01:24'),(3,73,38,'Soluta fugiat aperiam perspiciatis autem dolorem. Similique provident et excepturi repellat amet. Odio vero molestias est eos odit. Impedit cumque voluptas fugit nulla. Architecto cumque quasi eum in sed dolores.',NULL,0,0,'1983-03-15 04:04:50'),(4,71,41,'Animi sapiente id eveniet adipisci est exercitationem veniam natus. Quia reprehenderit et nesciunt modi.',NULL,0,1,'1998-04-17 00:57:05'),(5,89,24,'Et rerum odit eius minus nemo est. Ullam iusto illum consequatur tempora consequatur eaque libero. Voluptatum nam in est et ut saepe voluptas unde.',NULL,1,0,'2016-09-26 00:10:43'),(6,53,89,'Accusantium ullam soluta fugit distinctio esse. Voluptas quibusdam nihil nihil delectus ipsum dolor maxime iusto. Rerum quia voluptas omnis.',NULL,0,0,'1978-01-21 11:03:08'),(7,89,77,'Minima nulla et sunt magnam itaque. Modi nam nisi accusantium est. Est nisi recusandae sunt quisquam voluptatum quis.',NULL,0,1,'2018-06-05 06:51:20'),(8,16,48,'Doloremque voluptas quae ut consectetur quod. Optio temporibus sit iste accusamus eius ut. Provident reprehenderit ad voluptatum ipsum accusantium similique recusandae.',NULL,1,1,'1973-02-23 19:25:11'),(9,92,17,'Et rem reiciendis enim. Mollitia ipsa ut rerum. Sit et eos sit consectetur est architecto dolor. Ex ullam et iure id.',NULL,1,0,'2015-10-05 10:30:07'),(10,8,86,'Adipisci qui est blanditiis. Qui sed et error voluptatem. Quos voluptas eum repudiandae cum magnam impedit eos.',NULL,0,0,'2011-12-29 19:51:57'),(11,8,82,'Quisquam error voluptatibus et recusandae aut qui libero error. Rerum vero et quia aut vel eligendi. Voluptatem eos voluptatem quam eum ut.',NULL,1,0,'1979-11-19 21:17:24'),(12,86,81,'Delectus reiciendis omnis ut architecto ut ut. Autem sed et assumenda dolorum cupiditate expedita. Nulla deleniti et aut atque quod et alias. Eius velit repudiandae ut aut.',NULL,0,1,'2018-01-18 06:31:24'),(13,46,86,'Mollitia ipsam temporibus est quo dolore sed repellendus. Asperiores non recusandae autem omnis. Ut omnis et molestiae. Quia nihil cum quo.',NULL,1,0,'2007-04-12 16:36:01'),(14,95,13,'Quidem temporibus eos porro. Minus cumque voluptate perspiciatis tenetur et sed accusantium. Consectetur magnam quos est ut at quia expedita aut.',NULL,0,0,'1975-04-29 12:40:41'),(15,81,65,'Aliquam sit quasi rerum exercitationem officia. Quas est assumenda possimus facilis. Laborum porro autem cupiditate repellat unde. Amet earum eum autem quidem non suscipit. Doloribus beatae voluptatem reiciendis reprehenderit aut deserunt.',NULL,0,0,'1997-02-19 22:14:59'),(16,82,13,'Unde non sunt qui vel numquam perferendis aperiam. Perspiciatis possimus et provident eveniet. Nobis numquam odio repudiandae. Perspiciatis saepe qui qui quasi illo praesentium.',NULL,1,1,'2016-10-02 04:28:43'),(17,18,53,'Ipsum cumque qui enim asperiores. Cumque est incidunt pariatur enim omnis ab. Ipsum dignissimos qui aliquam numquam error est.',NULL,1,1,'2003-06-29 02:38:25'),(18,10,88,'Qui qui nostrum nisi illo est corrupti. Et aut temporibus nihil eveniet doloribus. Et velit pariatur molestiae. Atque enim et est eum ullam.',NULL,1,0,'2016-11-17 16:29:13'),(19,11,91,'Eveniet nostrum laudantium vero iure id ut. Voluptates a expedita tempora pariatur distinctio. Ut facilis fugiat delectus soluta. Eveniet qui et velit officia sunt aut animi.',NULL,1,0,'1999-11-06 16:32:08'),(20,22,38,'Corrupti eligendi iste modi ipsam error. Optio consequatur veritatis quasi soluta sit deserunt autem totam. Quisquam incidunt soluta sed ut minus ut voluptatem qui.',NULL,0,1,'2003-11-07 17:54:32'),(21,21,93,'Et dolorum aperiam repudiandae doloribus molestiae. Reiciendis magnam itaque quia rerum rem neque qui eum. Consequatur ea a incidunt sed culpa natus hic.',NULL,1,0,'1995-05-15 22:49:33'),(22,1,24,'Non tempore rerum eos fugit laboriosam sit nulla. Tenetur id ut beatae quo. Tenetur rerum sunt eaque nostrum non fugit voluptate. Cum perspiciatis voluptatem ad voluptate quidem voluptatibus vel.',NULL,1,0,'2017-04-15 03:23:04'),(23,18,17,'Minus et sed magnam et dicta odit. Vitae consequuntur modi dolore eaque tenetur tenetur. Labore error quia fuga quaerat.',NULL,1,1,'1989-03-27 02:42:22'),(24,29,93,'Est est doloribus quas illum repellat ullam consectetur omnis. Numquam et asperiores et sed blanditiis totam voluptas qui. Explicabo occaecati voluptas sint vero non.',NULL,1,1,'2018-08-01 22:13:13'),(25,77,6,'Provident nihil voluptas non fuga perspiciatis delectus. Magnam quia laudantium ipsum. In aliquid aut magnam ipsam iusto quas aperiam. Minima harum sed quas ut est in temporibus. Deserunt est rem eum delectus et.',NULL,0,1,'1998-12-14 11:58:12'),(26,99,76,'Expedita ut autem velit dolor nostrum architecto ex sint. Velit quaerat nisi perferendis ipsa autem. Omnis possimus quae aut et.',NULL,1,1,'1998-07-11 11:06:47'),(27,84,93,'Labore labore nobis ea et veniam. Possimus nam facere saepe sed velit vitae. Id ex aperiam dicta sunt.',NULL,1,0,'1979-01-25 04:26:28'),(28,10,71,'Harum aut velit doloribus est quo. Saepe aut sed sequi itaque. Commodi ut veniam tempora deserunt facilis reiciendis quo. Soluta quod hic fugiat et.',NULL,1,1,'2000-09-22 02:45:35'),(29,23,3,'Repudiandae velit qui repellendus quia omnis et. Cum laborum accusantium et vitae est inventore quis. Recusandae consectetur voluptatem earum recusandae nobis quis.',NULL,1,0,'1973-11-24 15:21:17'),(30,45,17,'Incidunt deleniti dolor molestias ex inventore natus. Facere nostrum corporis vel expedita.',NULL,0,0,'2003-10-22 03:30:58'),(31,49,92,'Quam alias veritatis voluptatem natus occaecati pariatur illo. Nemo qui explicabo sint natus corporis consequatur est. Nemo ipsam aliquid voluptatum corrupti nihil fuga vel exercitationem. Qui quod et eveniet amet enim.',NULL,0,1,'1985-02-12 07:29:58'),(32,15,98,'Incidunt ipsa dolorem quo hic. Nisi animi ut aliquid blanditiis corporis mollitia neque. Ipsa deserunt nulla placeat consequatur qui et quo. Ea repellendus labore sit dolor occaecati. Corporis non voluptatibus rerum sint magnam culpa inventore.',NULL,1,1,'1998-01-04 08:31:18'),(33,42,17,'Earum eveniet corrupti dolores voluptatem. Eos ut reprehenderit libero. Voluptas et architecto accusantium laborum et dolores saepe velit.',NULL,1,1,'2001-01-27 09:33:15'),(34,60,47,'Cum rerum est impedit voluptatibus recusandae. Quae et ab et rerum praesentium qui alias. Facere dolores temporibus eum magni. Nesciunt beatae esse qui aut dolores fuga suscipit. Quis beatae ullam dolores velit similique consequatur.',NULL,1,0,'1997-03-25 06:36:27'),(35,56,39,'Illum laboriosam veritatis culpa maxime quasi voluptas et. Voluptate minima aut a ut voluptas ipsa harum. Quia laboriosam et libero omnis quos. Saepe et aut et omnis.',NULL,0,1,'1987-07-23 19:27:09'),(36,26,13,'Fugit molestiae dolore iusto est. Porro illo rerum autem eius cumque nobis. Officia quidem animi officiis qui est consequatur architecto. Totam consectetur est temporibus non cumque.',NULL,1,1,'1980-01-07 09:30:13'),(37,86,92,'Itaque voluptatem est quis sit nam. Doloribus cum totam repellat est rerum. Officia quis voluptatem porro delectus quidem. Ipsa beatae illum quae deserunt totam non.',NULL,0,0,'2007-12-19 01:51:26'),(38,2,34,'Veritatis reprehenderit perspiciatis nihil animi qui voluptas et nulla. Quia doloribus aut consequuntur rerum atque exercitationem totam. Consequuntur iste tempore facilis. Dolorum earum natus repudiandae vero fugiat.',NULL,1,1,'2013-06-19 06:16:07'),(39,63,13,'Ad ut quae minima deleniti. Beatae culpa consequuntur recusandae soluta qui.',NULL,1,1,'1995-06-15 12:28:05'),(40,76,40,'Non ea maiores repellat odit quis fugit. Eum commodi quod quaerat consequatur doloremque optio molestiae. Quod qui veniam eligendi quod quia sit.',NULL,1,0,'2007-03-15 22:38:58'),(41,70,30,'Incidunt labore non animi nam voluptate porro. Excepturi rerum ab non maxime atque aliquam nobis. Numquam unde dolor minus voluptatibus vero quisquam.',NULL,1,0,'2005-05-02 01:07:15'),(42,40,8,'Pariatur ab ullam minus dignissimos non ipsa inventore. Et atque tenetur quisquam sed ipsam ratione. Quo ea iusto in recusandae sed vitae. Possimus tempore ipsam velit error doloribus laboriosam ut.',NULL,1,0,'1980-08-18 13:20:47'),(43,20,76,'Id ipsa consequatur hic odio laudantium quae nulla excepturi. Et omnis optio ratione accusantium ut. Voluptatem animi numquam consequatur voluptatibus optio commodi ipsam id. Quis est soluta iusto laudantium voluptatem totam qui.',NULL,1,0,'2005-04-14 07:32:12'),(44,19,67,'Et eum rerum praesentium qui dolorem suscipit ut. Numquam nobis corporis ut eius. Quos natus fugit eum omnis vel.',NULL,0,1,'2019-05-27 22:23:23'),(45,77,82,'Molestiae rerum excepturi fuga omnis hic inventore. Ut similique unde veniam delectus fugiat. Explicabo eos quas qui minima atque maxime eos labore. Nostrum sint autem eum dolore illo ipsum culpa impedit. Consequuntur blanditiis neque dignissimos non.',NULL,0,1,'2010-03-09 10:47:42'),(46,78,45,'Vitae veniam dicta amet et aspernatur rerum. Ex omnis veritatis fugit ut quisquam. Hic tempora sint velit explicabo voluptatibus voluptates.',NULL,0,1,'1996-01-29 13:28:16'),(47,91,19,'Ducimus facilis ducimus et dolorem architecto. Eos quia itaque alias enim. Voluptates commodi vel cumque sequi. Corrupti totam est eum labore sed quaerat.',NULL,1,0,'1982-05-31 16:03:50'),(48,20,44,'Atque ullam dolores ea minima dolorem ea a omnis. Vel eum eum suscipit autem iure ea. Id et recusandae ut voluptatum. Laboriosam necessitatibus nulla provident porro.',NULL,0,0,'2010-04-10 00:23:05'),(49,59,65,'Maiores a vero et ab vel. Omnis et quos reprehenderit porro. Consequatur fugiat qui quia facilis dolor repudiandae consectetur voluptatum. Fuga sequi est ullam ratione deleniti.',NULL,1,1,'1996-08-09 03:43:47'),(50,45,28,'Quos maxime a nesciunt itaque minima laborum. Eos nisi libero cumque numquam aliquam vitae omnis. Alias dolorem eum eos eos voluptas. Nam beatae nihil laudantium a nihil beatae eum.',NULL,0,1,'1996-07-11 17:06:28'),(51,8,52,'Corrupti eius id non occaecati temporibus ea. Quam ab omnis dolores animi id non. Voluptatum quia aperiam adipisci maiores alias.',NULL,1,0,'1986-02-04 23:44:47'),(52,37,28,'Perferendis magnam nulla quam id illum corrupti repellendus deleniti. Nulla saepe ut corrupti qui omnis. Quibusdam est facere odit eum.',NULL,0,0,'1972-09-18 05:17:38'),(53,30,66,'Enim aut soluta at earum. Optio tempore natus dolorem est. Accusamus accusamus qui quis voluptates eum id.',NULL,0,0,'1988-04-16 15:27:16'),(54,37,86,'Odit sed atque odio ratione atque. Quo repellendus aut iste similique.',NULL,1,1,'1973-05-11 19:04:05'),(55,20,41,'Temporibus nisi atque facere facilis ut placeat. Voluptatem voluptatem eligendi doloribus aliquid omnis. Quasi molestiae sit amet fugiat maiores tenetur. Aliquid sunt natus sed iste.',NULL,1,1,'2000-06-03 02:25:19'),(56,44,99,'Delectus tempora voluptatum amet consequatur itaque in nostrum odit. Qui ut odit blanditiis dolorem ipsa nemo est. Cumque odio aliquam et aut.',NULL,0,1,'1996-06-18 17:55:06'),(57,59,99,'Qui consequatur eligendi excepturi facilis. Ut cupiditate veritatis est molestiae hic corporis assumenda. Ut sit aut aperiam a. Voluptates natus nisi nihil accusantium qui nobis.',NULL,1,1,'2010-01-14 13:20:52'),(58,19,98,'A iusto quibusdam architecto nihil. Dolore quibusdam et id magni ut pariatur qui facere. Ad molestiae commodi ea cum reprehenderit quia unde. Et assumenda est consectetur voluptas dolor.',NULL,1,1,'2004-08-26 20:11:39'),(59,30,56,'Sint quo ut minus incidunt unde ullam vel. Enim rerum explicabo beatae sed odio. Laborum quisquam veniam voluptas pariatur perferendis alias temporibus.',NULL,1,1,'1997-05-04 09:45:42'),(60,91,86,'Consequatur assumenda iure ratione quod ut sit. Illo quo reiciendis sunt nam odit a. Assumenda corporis culpa in officia. Tenetur voluptatibus quam aut quia ullam enim architecto.',NULL,0,1,'2005-08-18 16:58:50'),(61,55,18,'Quasi quia sequi odio in esse. Et sed numquam perspiciatis quis consequatur velit ad. Nostrum eius similique sunt repudiandae quis deserunt. Nihil fugit est aut adipisci et vel sint.',NULL,1,1,'1973-11-23 06:43:06'),(62,24,68,'Suscipit tenetur ipsam alias dolores. Quibusdam facilis dolore sit quam non asperiores et. Debitis ut earum earum qui temporibus sapiente mollitia dignissimos. Omnis nostrum necessitatibus aliquam quam in dolorum et.',NULL,0,0,'1994-09-10 02:13:35'),(63,64,15,'Sint possimus eveniet et blanditiis magnam ipsa. A inventore eum sapiente. Suscipit qui porro et sint ratione animi ducimus.',NULL,1,0,'1986-11-28 19:38:33'),(64,85,78,'Ipsum aut sunt vel ut commodi commodi. Tempora ab a ut. Nesciunt sed vel illo officia sunt voluptatem. Molestiae laborum inventore non quos.',NULL,1,1,'2007-11-20 11:18:13'),(65,36,45,'Dolorum alias sit eaque doloribus est et. Delectus voluptatibus recusandae ea voluptas tenetur ipsum. Repudiandae sed ut doloremque nihil incidunt dolor vitae. Odio distinctio illo consequatur quidem.',NULL,1,1,'1982-04-07 01:01:44'),(66,14,37,'Ipsa minima vel nihil placeat nisi nobis aperiam aliquam. Magni et fugiat consectetur voluptas. Dolore enim officia rerum nemo recusandae provident eveniet quia.',NULL,1,1,'2007-01-29 09:14:19'),(67,42,96,'Id molestias nihil quaerat iure doloribus ut voluptas. Laudantium amet officia ut. Omnis eos architecto architecto ea.',NULL,1,0,'1970-08-16 15:52:29'),(68,57,95,'Natus consectetur quis magni aspernatur voluptatibus est. Eveniet rem et nostrum dolorem nihil officia quia. Ad praesentium qui voluptatum ipsam ad. Inventore et dolor sequi natus.',NULL,1,0,'1997-05-17 08:29:55'),(69,6,41,'Qui et ex natus libero adipisci. Assumenda ratione et ad est cum doloribus est accusamus. Tenetur corporis doloribus ducimus et. Optio consequatur illo quam quia fugiat.',NULL,1,0,'1988-04-09 06:43:51'),(70,88,18,'Dolorem quia sit ut sed. Consequatur officiis earum quaerat eos molestiae. Omnis temporibus perspiciatis corporis et voluptatum velit sunt. Est et magni beatae error aut.',NULL,1,1,'1982-06-10 06:25:51'),(71,26,73,'Quia accusantium nesciunt itaque aut molestiae. Natus repellendus vero facere maxime excepturi. Occaecati aut eveniet deserunt molestiae quas id.',NULL,1,0,'2001-11-06 22:45:42'),(72,89,22,'Facilis labore non nihil fugit. Molestiae sunt omnis voluptatem maxime. Iusto ut et optio. Aut reiciendis et sed voluptatum sed ad dolores. Totam voluptatem consequatur exercitationem et et cumque.',NULL,1,1,'1990-07-05 15:35:41'),(73,46,62,'Et et dolores illo omnis aspernatur libero ut. Soluta totam fugit ea doloremque aliquam. Quia debitis ea iure quia nam et.',NULL,0,1,'2010-01-04 03:04:54'),(74,70,66,'Ea qui maxime est ut dignissimos rerum. Expedita reiciendis quaerat qui voluptas explicabo rerum quia. Qui enim maiores delectus ea in facere et.',NULL,0,0,'1975-05-27 07:51:15'),(75,19,98,'Ab et quod deleniti qui et id. Architecto ut quae nihil blanditiis et. Quidem beatae dignissimos expedita excepturi. Labore sint suscipit perferendis corrupti.',NULL,0,1,'1991-05-19 17:57:08'),(76,31,60,'Ut delectus pariatur delectus error quis id. Consequuntur veniam voluptatem maxime laboriosam aut laborum. Labore quia praesentium eaque eum est quos. Aut natus itaque ut maxime quae accusantium sit officiis.',NULL,0,1,'2004-09-04 04:28:25'),(77,5,47,'Harum ex deserunt consequatur qui officiis quos. Quidem consectetur aliquam et earum. Impedit excepturi ex dolorem mollitia.',NULL,0,0,'2017-12-12 22:16:30'),(78,18,48,'Ut temporibus dolor incidunt eos. Veniam similique eos aspernatur nobis minima. Molestiae expedita enim quaerat error. Sit et quia qui voluptas natus atque sapiente.',NULL,0,1,'1982-06-16 16:25:40'),(79,85,83,'Ut et illo magni autem. Sunt reiciendis fuga voluptatem aspernatur aut. Voluptate blanditiis est eum ducimus consequatur consequatur.',NULL,0,0,'2001-06-20 21:51:07'),(80,60,49,'Et eveniet quasi aut odio. Itaque eveniet aut temporibus rerum delectus.',NULL,0,0,'1995-06-21 05:48:59'),(81,63,70,'Possimus eligendi in dignissimos fuga similique doloremque. Blanditiis temporibus dolores dolore fugit non est vel. Sunt ad eligendi provident est. Iusto et ut nobis in.',NULL,0,0,'2009-07-30 18:51:03'),(82,62,97,'Consequatur deleniti aperiam vel nostrum suscipit qui ad. Est ducimus quaerat vitae minus dicta. Enim est facilis dolorem non eum. Ipsum placeat iusto vitae excepturi ipsam molestiae.',NULL,1,0,'1975-01-08 22:58:39'),(83,98,99,'Dolor architecto totam nihil sint ut. Excepturi cupiditate autem facilis molestias temporibus beatae. Consequatur necessitatibus eaque quas perspiciatis rem quod.',NULL,0,0,'1986-08-23 17:04:41'),(84,1,8,'Voluptas nobis fuga aut eveniet. Minus nostrum eos magnam et nesciunt.',NULL,0,1,'2012-09-16 16:18:47'),(85,34,48,'Dolorem in enim numquam aut iusto necessitatibus perspiciatis. Unde qui et omnis et. Aut sequi illum dolores blanditiis natus fugiat eos. Perferendis dolor inventore a qui esse.',NULL,1,0,'1986-03-02 23:53:40'),(86,39,48,'Ipsam assumenda et tenetur. Dolor aut fuga facilis et. Qui voluptas ab non quae voluptas et.',NULL,0,1,'1990-02-28 06:24:51'),(87,22,67,'Ullam rerum autem laudantium ratione. Vero et omnis magni autem quae dignissimos. Ut quasi qui non praesentium est reiciendis ab. Et doloribus odit dolor ducimus. Velit sed recusandae ut praesentium quis eos.',NULL,0,0,'2005-11-19 07:48:57'),(88,67,34,'Voluptates ut iure nulla soluta aut. Est temporibus eos facilis a fuga.',NULL,1,1,'1974-02-19 15:46:56'),(89,69,43,'Ad aut est officia. Quo illum quo distinctio dolores dolores voluptates harum. Odio in sit iste qui exercitationem consequatur ab. Corporis dicta est odit illum.',NULL,0,0,'2001-06-12 07:59:03'),(90,8,10,'Illo sequi aut aut sit non omnis voluptas ea. Porro non pariatur ipsam magnam tenetur et aut delectus. Eos sunt beatae consectetur alias. Culpa quae dolore eos illo veniam. Omnis ut blanditiis aspernatur repudiandae maiores.',NULL,1,0,'2016-08-28 11:11:09'),(91,26,99,'Et magnam ab consequatur est nesciunt voluptatem. Est sit quis facilis nostrum qui magni ab. Aut consequatur voluptatibus id est non molestiae. Occaecati animi quos omnis.',NULL,0,0,'2009-08-30 18:35:04'),(92,16,84,'Et similique quidem fugiat quia. Aut accusamus ut illum ea. Voluptate sit reprehenderit minima id.',NULL,1,1,'2002-04-06 04:28:45'),(93,72,7,'Omnis quo et qui minus numquam. Nihil reiciendis fuga quas iusto vero hic odio. Laborum sint repellendus soluta tenetur omnis deleniti temporibus.',NULL,1,0,'2004-08-15 10:02:47'),(94,18,70,'Consequatur asperiores molestias rerum corporis. Sint placeat expedita quasi totam dignissimos. Enim expedita vero facere sequi dicta inventore. Quia quo est eaque libero impedit.',NULL,0,0,'2002-01-27 11:37:51'),(95,94,58,'Qui eaque excepturi distinctio ratione asperiores. Vel aliquid est aut nostrum et voluptatum vel. Occaecati est quam quo accusamus maxime accusamus.',NULL,0,0,'2002-11-06 07:48:45'),(96,10,73,'Voluptas dolor necessitatibus qui placeat dignissimos. Et consequatur harum veniam ab commodi sed inventore. Et qui omnis et.',NULL,1,1,'1983-06-23 15:21:54'),(97,38,67,'Iusto autem velit et dolores. Voluptatem earum est quidem nemo. Ratione commodi delectus quidem voluptas. Molestias sapiente est voluptatem assumenda voluptatem dolorem sint veniam.',NULL,1,0,'1971-12-01 15:24:55'),(98,21,3,'Tenetur eum consectetur incidunt natus et laboriosam. Veniam nemo odio adipisci aut et.',NULL,1,0,'1984-01-04 06:46:06'),(99,52,51,'Repellat et quod placeat fugiat beatae debitis quasi. Iste dolores ut et corrupti sed ea in aliquam. Vero quia officiis cumque quidem minima ex porro. Aut fuga hic sed eaque recusandae. Aut repellendus voluptas omnis tempora alias voluptatum.',NULL,1,1,'2016-09-04 12:14:11'),(100,99,42,'Doloribus quisquam voluptatem itaque enim labore fuga. Rem deleniti eaque est quisquam esse cupiditate est ut. Et velit deleniti molestiae. Rerum earum eum officiis vitae.',NULL,1,0,'1992-01-02 11:18:11'),(101,13,37,'Sunt nulla aut expedita et velit. Eaque et voluptatem eligendi saepe autem consequatur in. Quas voluptas nemo blanditiis harum quasi aspernatur.',NULL,0,1,'1988-08-14 00:25:26'),(102,48,25,'Sit ea delectus maiores totam qui quam. Sunt et rerum velit velit. Nam et et voluptatibus veritatis quos voluptate consectetur id.',NULL,1,0,'2011-08-20 07:56:22'),(103,83,40,'Velit eos quis est minus in facere. Aut omnis vel aperiam aut ut in quasi. Illo earum maiores molestiae architecto explicabo numquam perferendis consequuntur.',NULL,0,1,'1997-08-15 17:37:27'),(104,51,32,'Totam nihil et et qui et consequatur adipisci quia. Nihil quidem ad temporibus tempore cupiditate numquam. Dolorem doloremque maxime et repellat aut velit eaque molestiae. Numquam illum doloribus nihil qui est.',NULL,0,0,'2000-08-03 08:45:15'),(105,7,39,'Consequatur totam quia qui voluptatem molestias aut labore. Dolorem quas veniam nemo amet provident at nostrum. Quaerat qui laborum expedita beatae.',NULL,0,0,'2009-06-27 19:00:59'),(106,72,43,'Et ullam dolorem animi voluptas qui non quis cumque. Quae aut veritatis in laboriosam aut debitis. Dolore sequi et consequatur iste perferendis vel dolorum.',NULL,0,1,'1970-12-29 17:54:37'),(107,100,70,'Assumenda exercitationem porro facilis accusamus. Doloremque rerum voluptas doloribus. Aperiam dignissimos aut in inventore. Sunt voluptatem qui ducimus magnam repellat.',NULL,1,1,'1996-09-26 18:11:09'),(108,51,45,'Reiciendis illum ducimus voluptatibus rem eveniet iusto omnis consequatur. Ipsum molestiae recusandae dolor eum iure sit. Suscipit modi sit neque illo aspernatur quae unde.',NULL,1,0,'1978-05-13 11:35:33'),(109,69,10,'Sit vel et sit repellat. Est in ea aut autem ad. Voluptatibus sit dolores non eos voluptates. Quo inventore repudiandae expedita aspernatur sed quia. Porro est veniam rerum nisi et id laboriosam quis.',NULL,0,0,'1975-09-13 16:03:59'),(110,41,77,'Recusandae rem cum nihil rem nostrum nesciunt aliquid. Ad dolorum deleniti qui quisquam. Harum libero ad recusandae est.',NULL,1,1,'1976-01-12 18:29:03'),(111,63,80,'Aliquam in quibusdam dolorem ratione. Voluptatem repudiandae quia consequatur eligendi. Harum hic natus voluptatem est facere est. Illum aut qui vitae omnis atque.',NULL,0,1,'2006-02-03 10:37:20'),(112,13,25,'Aliquid saepe aut architecto consequuntur. Quaerat neque laborum ea accusamus quibusdam. Provident et odit aut hic sit tenetur. Quam est illo autem ut. Et doloremque voluptate eos sit.',NULL,1,0,'1983-09-16 00:04:51'),(113,85,51,'Consequatur eum qui facere ratione nemo eligendi molestiae quo. Debitis quas id asperiores temporibus at. Dolores debitis culpa fugit qui corrupti. Qui totam placeat autem accusantium omnis exercitationem veniam.',NULL,1,1,'2010-10-27 15:56:42'),(114,98,37,'Labore enim iste accusantium et consectetur et. Provident porro molestiae quod. Veritatis aut aut dicta ea quaerat.',NULL,0,0,'2006-02-25 04:00:42'),(115,91,44,'Eum consectetur quod molestiae provident sed eligendi delectus porro. Blanditiis maiores rerum assumenda facilis. Sapiente rem voluptas velit atque nostrum nemo. Quaerat atque mollitia hic et consequuntur quidem voluptatum. Est neque maiores officia voluptatibus.',NULL,0,0,'2002-03-08 11:07:54'),(116,45,95,'Porro quo magni ut unde. Occaecati commodi eum consectetur necessitatibus dicta ut error. Nihil aut quia temporibus qui magni officiis. Debitis ducimus rerum atque exercitationem et sit. Incidunt voluptatem pariatur nulla commodi libero.',NULL,0,0,'1982-07-25 16:33:33'),(117,38,5,'Quae praesentium nihil placeat eius impedit repudiandae et. Quis est corporis cum sequi. Dolorum magni quibusdam dolores ut deleniti.',NULL,0,0,'1992-09-07 15:40:38'),(118,12,44,'Numquam eum fugit consequatur omnis quo voluptatem. Quos voluptatem incidunt dolorum rerum sunt aperiam ullam est. Molestiae consequatur voluptatem itaque.',NULL,1,0,'2013-08-15 09:45:54'),(119,84,89,'Aut praesentium animi ut atque fugiat. Laborum quasi perferendis et id ut. Rem culpa natus ut.',NULL,0,1,'1971-09-06 14:54:05'),(120,89,81,'Amet dolorem sunt laudantium quis doloremque. Explicabo perspiciatis quis suscipit excepturi aliquam. Et accusantium ut neque quia et dolores repudiandae.',NULL,1,0,'1983-06-29 10:18:48'),(121,34,28,'Officia libero voluptatem et culpa. Non eos earum sint nisi. Aliquid provident sequi omnis aut est est. A nemo voluptas et est quos.',NULL,1,0,'1996-08-12 15:36:38'),(122,39,8,'Id dolorum hic id quia nihil dolor nihil. Doloribus dolorem dolor explicabo at. Enim aut aut magnam voluptatem mollitia in corrupti voluptatum.',NULL,1,1,'1974-03-11 09:07:14'),(123,24,95,'Ut mollitia corrupti dolor consectetur non quo magnam. Quo ducimus animi aliquam aut sed vel consectetur. Doloribus et fugiat officiis fugit consequuntur sed. Saepe molestias culpa dolor. Aliquam autem impedit recusandae ullam atque.',NULL,0,0,'1996-09-25 13:54:13'),(124,4,33,'Aut excepturi provident excepturi voluptas consequatur deserunt soluta quo. Quos blanditiis odit rerum voluptatem voluptatem. Quia ea suscipit nulla corrupti qui.',NULL,1,0,'1987-11-17 14:19:12'),(125,52,60,'Quis magnam provident et in sunt natus. Iure soluta sunt omnis dolore in nesciunt. Excepturi at et quod qui perferendis vel nam.',NULL,0,0,'1987-01-06 14:43:25'),(126,46,48,'Magni sed velit et et. Earum molestiae est animi modi nihil dicta. Et vel molestias doloremque et enim.',NULL,1,1,'2008-01-25 01:17:38'),(127,100,55,'Eos aut eum dolorum hic tempore quidem pariatur. Et voluptatibus adipisci laboriosam repellendus sit velit dolorem. Fuga earum quibusdam est molestiae consectetur accusantium velit id. Molestiae quas deleniti repudiandae dicta voluptatem mollitia.',NULL,1,0,'1997-04-19 04:13:26'),(128,76,13,'Tenetur nobis voluptatibus hic quae. Aliquid sit quam et sint optio. Tenetur eligendi et rerum iusto et quas. Qui voluptates corporis vel nemo ipsa.',NULL,1,1,'1978-05-22 08:20:15'),(129,35,39,'Omnis ut eaque voluptatem sint vel dolorem voluptates. Dicta ut asperiores quidem velit libero voluptas. Voluptatem nisi est occaecati natus et consequuntur. Nisi culpa iste voluptas aut et suscipit aut.',NULL,0,1,'1997-08-24 00:36:27'),(130,88,21,'Inventore deleniti dolorem modi qui minima dolorem et tempore. Autem ea corporis minus officia. Ipsa eos vel soluta corrupti et nam.',NULL,0,0,'2006-07-28 15:18:55'),(131,40,39,'Et voluptas provident a voluptatibus. Consequatur eligendi nulla voluptatibus voluptatem voluptas quam. Aliquid aperiam laudantium earum eum cum. Et dolor blanditiis dolores.',NULL,1,0,'2015-04-13 13:50:04'),(132,72,44,'Laboriosam ratione earum dolore atque quis itaque natus. Aut dolorum hic voluptas ad consequatur nulla. Ipsum voluptate et iste provident.',NULL,0,0,'2016-10-15 09:40:17'),(133,5,89,'Ipsa tempore placeat nesciunt voluptas nulla ipsam. Sed dicta dolore nesciunt et et omnis. Est sint omnis labore est. Non cumque quod possimus iusto.',NULL,0,1,'2016-10-21 18:36:55'),(134,32,91,'Ut ea iure unde qui labore beatae enim impedit. Ea officia blanditiis perferendis. Consequatur voluptatem id excepturi culpa recusandae facere.',NULL,0,1,'1982-06-02 11:05:22'),(135,61,28,'Suscipit ea sed sunt dolor libero. Doloremque quia voluptas perspiciatis beatae non est. At et unde est fuga.',NULL,0,1,'1970-07-20 04:16:18'),(136,60,14,'Illum tenetur doloremque ea sit tempora rerum. Repellendus et veritatis qui. Quia eaque expedita aut quia voluptatem. Ut voluptate officiis aperiam ipsam molestiae.',NULL,1,0,'1977-07-31 10:56:08'),(137,88,100,'Qui enim voluptatum et rerum ratione. Nihil architecto earum et ab qui. Laborum impedit ullam eos enim officia odio iste ea.',NULL,0,1,'2010-04-14 06:03:30'),(138,34,70,'Ducimus voluptatem veniam culpa perferendis odit deserunt minima. Ea alias animi est dolorem autem sed. Pariatur fuga sint voluptatem aperiam sequi perspiciatis.',NULL,0,0,'2013-12-10 18:06:38'),(139,46,21,'Laborum quo consequuntur omnis omnis. Illo omnis non totam non voluptas. Itaque quia et quod dolores sit vel dolor. Culpa eos iusto repellendus minima esse.',NULL,0,1,'2014-02-17 17:15:51'),(140,67,69,'Enim possimus quod porro quas et officiis. Omnis enim illum cumque quia facilis aut quasi. Deleniti explicabo et odit asperiores dolorem dolorem maxime. Omnis aliquid quas asperiores esse quia qui.',NULL,1,0,'2006-09-20 12:21:14'),(141,45,18,'Qui et voluptatem maiores est rerum ut porro et. Error eos et occaecati aspernatur qui dolorum non. Doloribus excepturi cumque nemo doloribus illo.',NULL,0,0,'2018-01-14 04:48:42'),(142,53,12,'Vel a eum ab assumenda. Incidunt et dolores architecto explicabo. Consequatur quo veniam dolor voluptatibus nulla iure.',NULL,1,0,'1988-03-14 09:05:40'),(143,98,56,'Aut beatae hic earum et consequatur. Rerum molestiae tempore error omnis perspiciatis. Ut laboriosam sequi ea suscipit nulla reiciendis.',NULL,1,1,'1985-06-26 11:45:00'),(144,83,49,'Nostrum fugiat quibusdam aliquam beatae harum. Nesciunt voluptas nihil quia ea suscipit reiciendis velit. Cum et repudiandae velit sed.',NULL,1,0,'2009-08-17 03:56:31'),(145,95,28,'Similique non temporibus amet ea dignissimos consequatur qui. Rerum tempore aut animi voluptas ut soluta. Et voluptatem blanditiis et ea.',NULL,0,0,'1970-01-18 09:15:05'),(146,53,80,'Voluptates et iusto nulla consequatur sit ea corrupti. Amet facere quod rerum consequuntur voluptates. Totam eveniet laboriosam culpa consectetur qui placeat dolores.',NULL,0,1,'2010-03-22 22:36:14'),(147,41,65,'Nostrum veritatis voluptatem sapiente aut excepturi. Aspernatur corporis et voluptatem officiis reprehenderit ratione. Vel facere voluptatem delectus. Fuga tempora rerum dicta quos expedita pariatur.',NULL,0,0,'2006-10-13 14:57:40'),(148,3,20,'Libero et aut eos illum est dolorum officiis dicta. Id reprehenderit voluptatem esse excepturi. Natus minus non facere eum quibusdam nulla.',NULL,1,0,'2009-10-24 06:53:28'),(149,88,81,'Ipsum cupiditate a sit eveniet. Vitae suscipit dolores commodi odio qui error dicta. Error amet corrupti aspernatur tempora sed omnis. Quis impedit quaerat voluptatum consequatur. Et autem minus sunt assumenda suscipit perferendis.',NULL,0,0,'2016-11-12 08:53:09'),(150,39,52,'Cupiditate pariatur et in nihil natus mollitia. Quia ratione perspiciatis amet rem ut quisquam. Vel vitae animi repellendus. Dignissimos nisi et esse quas.',NULL,0,1,'1996-10-06 06:17:01'),(151,44,61,'Soluta quae qui porro eum sit. Expedita cumque unde saepe explicabo enim. Cum officiis tempore nemo animi.',NULL,0,0,'1973-10-06 01:58:20'),(152,73,81,'Debitis dolores provident nostrum quos delectus sed. Saepe voluptatem eveniet aut rem in.',NULL,1,1,'1988-08-24 12:57:55'),(153,88,94,'Sint libero sapiente perspiciatis et nulla. Eligendi adipisci eos numquam quas. Labore nisi magni molestiae sequi modi autem. Voluptas omnis placeat impedit exercitationem a voluptas itaque.',NULL,0,0,'1995-10-03 02:25:16'),(154,6,49,'Molestiae culpa et rerum molestiae corrupti est nam iusto. Minus sit incidunt nisi totam cum. Quisquam quo repellendus et enim quasi.',NULL,1,1,'2015-10-15 18:57:01'),(155,24,72,'Laborum voluptates ea veniam veniam repudiandae ut dignissimos. Non animi voluptatem et nostrum ut et. Accusantium soluta non veniam ab. Autem sit aperiam veritatis deserunt aut ut.',NULL,1,0,'1995-09-03 10:16:53'),(156,89,27,'Omnis voluptatibus consequatur nostrum minus quas culpa qui et. Aliquam consequatur nostrum numquam consequatur voluptate possimus aut.',NULL,0,1,'1978-03-21 18:18:04'),(157,68,58,'Dignissimos hic culpa tempora commodi blanditiis. Illum voluptatem cupiditate alias dicta saepe. Id quis numquam quia qui. Perspiciatis architecto atque at ea eligendi. Cum eum repudiandae praesentium.',NULL,0,0,'2019-03-27 22:17:14'),(158,84,48,'Voluptatem et beatae dignissimos qui est necessitatibus qui facere. Voluptatibus ratione ut magni temporibus eveniet deserunt alias fuga. Illum voluptates commodi doloremque odit id excepturi totam incidunt. Aut ipsam aut quod qui ut sit et.',NULL,0,1,'2003-05-29 06:06:11'),(159,88,95,'Ea est non est qui animi illum incidunt. Dolores esse qui qui qui soluta qui ut tempora. Impedit temporibus aut dolore iste aut velit ea.',NULL,1,1,'2003-11-26 12:31:10'),(160,9,58,'Ut ab sequi fuga ullam. Est voluptas sit nemo sed. Quia rerum vel dolores repellat nihil dolores sed. Reprehenderit nisi ducimus ut ea recusandae velit reiciendis.',NULL,0,0,'1995-08-24 00:08:36'),(161,66,53,'Modi voluptates natus eos fugiat quaerat repellendus. Debitis et sint consequatur ipsum culpa dolor. Accusantium eos optio amet soluta velit sit velit.',NULL,1,1,'1985-11-16 13:34:58'),(162,67,76,'Veritatis est id est quasi rerum consequatur dolores. Amet accusantium ea rerum unde voluptates nostrum. Iste possimus qui vero optio aut est velit.',NULL,1,0,'1997-03-30 04:08:48'),(163,78,61,'Cum a et qui labore odit. Animi odit et ipsam accusamus voluptate repellendus. Fuga provident eum et beatae.',NULL,1,0,'2004-09-05 15:57:20'),(164,70,69,'Quod nemo eos optio in unde. Dolorem eveniet vitae aperiam sit voluptatibus qui illo. Corporis quis autem dolor distinctio. Odit laudantium et voluptas saepe sed similique similique.',NULL,1,1,'2012-01-06 18:08:09'),(165,32,53,'Odio excepturi modi et et maxime voluptate dolorem. Officia doloremque necessitatibus rerum necessitatibus perferendis nostrum. Maiores harum quo fuga. Consequatur in impedit debitis recusandae et consequatur.',NULL,0,0,'1996-01-08 22:07:40'),(166,70,88,'Animi libero nemo optio expedita natus. Asperiores accusamus ut modi ut. Voluptatem et soluta facilis corrupti fuga voluptatem.',NULL,0,1,'2007-05-28 23:18:04'),(167,32,96,'Dolorem fugiat ea aut reiciendis esse. Hic optio eius fuga velit repudiandae et quo. Reprehenderit aliquam consequatur consequuntur quod tempora aut. Cumque ut dolor et quo eaque. Eum ea aspernatur est vero.',NULL,1,0,'2011-10-13 10:45:31'),(168,85,33,'Et quae qui reiciendis nam occaecati. Sed molestias ut aut tempora. Eos vitae ut perspiciatis commodi tenetur magnam.',NULL,0,0,'2006-09-15 19:45:48'),(169,10,51,'Quia distinctio deserunt cum quisquam. Harum qui nihil similique praesentium aut. Dolorem corrupti aperiam suscipit dolor. Praesentium aut maiores ut in sed. Vel tenetur velit laboriosam minima qui.',NULL,0,1,'1983-01-13 15:04:38'),(170,26,74,'Corrupti ex debitis non ab. Consequatur et assumenda iure recusandae omnis. Voluptatem qui est vel.',NULL,0,1,'2016-02-22 14:50:41'),(171,94,47,'Velit ut corrupti id magnam fugit odio. Voluptas voluptatem quibusdam ut quis nemo deleniti impedit. Ab non sed quibusdam hic culpa. Dolor inventore quasi assumenda et sit inventore.',NULL,1,1,'2019-07-12 21:08:45'),(172,53,23,'Nulla architecto similique sit sint ea voluptas. Placeat beatae totam quis optio labore aliquam. Molestiae et dolore et accusantium consequuntur.',NULL,0,0,'1999-03-12 11:14:17'),(173,55,7,'Non tenetur doloribus soluta aut ad. Et aut nemo architecto neque et maxime praesentium aut. Est porro ipsam nisi commodi alias aut.',NULL,1,0,'2006-08-20 15:17:10'),(174,71,30,'Eveniet dolor et iusto ducimus. Excepturi rerum similique nam perspiciatis. Ipsam vero exercitationem officiis saepe eaque.',NULL,1,0,'2009-06-18 08:53:32'),(175,39,3,'Ea eius aut necessitatibus laudantium et ut dolor. Laudantium quidem iure nemo non accusantium rerum blanditiis odio. Ut voluptatibus asperiores sapiente est odit maxime.',NULL,0,0,'1987-05-24 04:56:49'),(176,99,83,'Dicta exercitationem dolor quam vitae sint. Perspiciatis eum accusamus dignissimos tenetur. Molestiae deleniti magnam odit vel nemo molestias. Unde reprehenderit earum similique fugit aut quos voluptate. Deleniti vero illum ex officiis eius.',NULL,0,0,'1970-06-03 17:26:05'),(177,17,39,'Perspiciatis aspernatur enim molestias eum dignissimos quis. Rerum perspiciatis eos autem rerum laudantium. Consectetur enim voluptas ipsum est quis non commodi sint. Laboriosam ipsum nam corrupti quis. Ducimus libero voluptas inventore qui.',NULL,1,1,'2012-11-29 11:58:51'),(178,41,89,'Adipisci totam sunt officiis natus quas vitae. Voluptatem vel saepe ut in repellendus. Velit amet provident sint facere sed libero.',NULL,0,1,'2006-08-30 07:58:51'),(179,21,37,'Dolorum consequuntur deleniti eum et fugit quae. Temporibus consequatur expedita consequatur quasi modi enim. Est sit porro magni ab vel itaque quod.',NULL,0,1,'2006-01-04 02:39:51'),(180,23,4,'Ad voluptas veniam cupiditate nam asperiores. Facere aut asperiores quos quae voluptate expedita magni. Corporis sunt officiis corrupti numquam.',NULL,0,1,'2010-07-19 06:54:44'),(181,48,30,'Sequi qui laudantium sint vero. Occaecati illum sed et facere. Sunt molestiae eveniet occaecati illo exercitationem vero aut ea. Dolor a ullam et sed ex.',NULL,0,1,'1995-06-22 13:14:08'),(182,6,36,'Ut velit libero nesciunt dignissimos reprehenderit. Ipsa nihil et fuga quidem maxime quibusdam. Aut eligendi illo maiores deserunt.',NULL,1,1,'1985-12-13 10:04:48'),(183,65,15,'Magnam ducimus eius repellendus quam. Esse repellat cumque sunt consequuntur adipisci reiciendis eaque. Et velit aut accusantium.',NULL,1,1,'1978-02-23 19:14:14'),(184,81,59,'Non et architecto consequuntur voluptatem illum quisquam. Et explicabo amet laboriosam dolor similique. Dolor similique quasi inventore aut non quis nisi.',NULL,0,0,'2012-12-09 17:30:05'),(185,50,72,'Consequuntur et magnam magnam incidunt qui eius aut. Et officia quos est iste nobis rerum. Ut velit voluptatem veniam. Voluptatem rerum est reiciendis.',NULL,1,1,'2014-04-20 21:39:53'),(186,10,33,'Sed perspiciatis voluptates sed aut nesciunt. Nihil iure est omnis rerum recusandae vel corporis. Velit nesciunt deserunt occaecati nemo ipsa fugiat ut.',NULL,1,0,'1974-12-05 02:18:16'),(187,35,77,'Repellendus quia qui vel ut accusamus sapiente. Atque alias unde voluptatem fugit assumenda labore. Similique placeat minus aut velit.',NULL,1,1,'1992-10-28 02:20:17'),(188,80,66,'In nobis sit aut est. Quasi placeat quos consequatur molestias consequatur et explicabo. Et nulla eum culpa voluptatibus itaque. Ut molestias quae recusandae excepturi voluptas dolor quo ut. Non officiis consectetur ea.',NULL,0,1,'1973-11-19 18:44:57'),(189,89,46,'Atque qui officia tenetur qui id labore. Illo delectus consequatur dolor rerum sit molestiae aperiam. Vel provident sint est.',NULL,1,0,'2017-01-19 04:32:00'),(190,65,87,'Ut nesciunt neque assumenda. Possimus numquam quis corporis at sed dolore sapiente. Ut unde et consequuntur iste. A non nostrum velit optio minima provident exercitationem et.',NULL,0,1,'2012-01-27 00:19:50'),(191,38,28,'Est quisquam eveniet quo doloremque quis. Error excepturi voluptatem et aut incidunt in. Laudantium atque perspiciatis ut libero. Expedita sint soluta sed deleniti.',NULL,1,1,'2005-08-14 18:32:37'),(192,27,50,'Aut fugit nesciunt optio dolor velit omnis. Molestiae ea numquam facere voluptas quibusdam qui et ipsam. Sunt perspiciatis est rerum a.',NULL,1,1,'1982-03-05 22:22:41'),(193,68,91,'Assumenda voluptas fugit quia aut. Iure atque aut neque repellendus. Nobis rem quidem sit non voluptates maiores. Voluptatem cum impedit qui.',NULL,0,1,'1988-07-13 02:19:29'),(194,48,68,'Atque cum vel inventore perferendis quisquam harum explicabo aut. Optio debitis voluptatem repellendus dolores est. Voluptatem nam velit occaecati libero aut odio dolore autem. Tempore soluta dignissimos unde rerum totam id.',NULL,0,0,'2014-01-18 14:41:26'),(195,95,69,'At deleniti iure et alias ducimus dolor est dolor. Iusto impedit animi tempora omnis.',NULL,0,0,'1994-10-02 12:08:40'),(196,62,2,'Sapiente velit accusantium non sapiente. Libero qui fugit officia et rerum natus.',NULL,0,0,'1980-02-27 04:55:32'),(197,22,3,'Ratione natus sint quasi praesentium a. Consequatur nihil esse omnis odio alias aut. Ut ipsum doloremque in. Laudantium repellendus quo et sunt aut nemo reprehenderit autem.',NULL,1,1,'1991-05-21 22:11:27'),(198,47,29,'Et asperiores dolorum sit eum quia ut error. Ut dolorem quasi repellendus optio quos autem dolor. Quia vitae aut et et repellat.',NULL,0,1,'1996-02-10 10:38:39'),(199,1,17,'Aut est nesciunt omnis voluptatem. Ut ipsam debitis libero consequatur.',NULL,1,1,'1983-05-30 18:44:37'),(200,84,67,'Neque quae vel asperiores id. Quae hic rem distinctio vero aliquam neque minus. Est fugiat excepturi asperiores explicabo ullam nesciunt ea.',NULL,1,0,'1982-01-10 11:42:34'),(201,81,6,'Et quod vitae a soluta sit quam. Libero sed magni voluptas sed ducimus omnis. Fugiat sed et aliquid quisquam suscipit a. Labore ratione exercitationem soluta at hic magni. Exercitationem repudiandae repudiandae aut est.',NULL,0,1,'1986-03-03 02:20:46'),(202,86,10,'Aut commodi sequi error voluptatem. Perferendis aperiam quis sapiente magni autem. Officia necessitatibus quam est ut quisquam consectetur dignissimos non. Reiciendis similique ut voluptatum.',NULL,1,0,'1985-06-12 01:24:03'),(203,93,32,'Rerum accusantium optio sit et quisquam saepe libero et. Cumque voluptatum dolorem voluptates. Veniam voluptatibus rerum ea. Voluptas iste qui nesciunt illo aut.',NULL,1,0,'1990-02-17 08:23:37'),(204,83,19,'A facere nulla autem cumque neque praesentium nihil. Impedit similique non sed rem rerum.',NULL,0,1,'1980-06-19 11:08:07'),(205,45,67,'Illo et officia alias dolorem quod mollitia. Cum vero quia debitis in. Omnis perferendis neque quos libero veritatis saepe quia. Sint praesentium dolorem excepturi quibusdam et vel est.',NULL,1,1,'1980-07-01 08:29:51'),(206,99,93,'Voluptas facilis libero eos. Blanditiis temporibus est quaerat quas eum. Qui dolores repudiandae voluptas libero tenetur ipsum. Velit nostrum debitis quia voluptas earum. Numquam iste eum error laudantium eum magnam.',NULL,0,1,'2013-12-07 07:19:16'),(207,69,66,'A quisquam ratione ratione minus. Molestias eum asperiores tempora earum non nulla. Quia dolor id vero nam.',NULL,1,0,'1970-01-30 18:00:16'),(208,20,5,'Libero quaerat natus consequatur sequi dolorum facilis placeat. Iure nihil delectus sed quaerat tempora ullam labore aliquam.',NULL,0,1,'1986-08-01 07:26:55'),(209,62,96,'Non esse libero debitis labore reiciendis est doloremque. Ipsam illo autem officiis cumque sapiente officiis veniam. Esse porro id recusandae unde natus quibusdam qui.',NULL,1,1,'1988-09-16 03:51:15'),(210,94,79,'Et ipsam praesentium dolor nihil. Ut doloribus aspernatur veniam excepturi eius. Nisi quos ut qui qui corrupti. Consequatur adipisci et suscipit quia vitae reprehenderit tenetur.',NULL,0,1,'2014-07-22 07:45:02'),(211,16,40,'Magni dignissimos autem enim non sit. Explicabo eius et aut aliquid quas laborum quibusdam magnam. Quod aut qui sed eos hic illum magnam.',NULL,0,1,'2003-02-06 04:11:41'),(212,51,35,'Eum quasi excepturi distinctio nihil fugit consectetur. Dignissimos suscipit omnis distinctio eum atque. Quia rerum odio rerum sit. Voluptas dolores consequatur eum voluptatum.',NULL,1,1,'1979-12-05 12:31:07'),(213,23,10,'Voluptas dolores eius et harum pariatur. Deleniti facilis dicta eos itaque quaerat. Ut rem perspiciatis quas rerum qui ut tempore.',NULL,1,1,'2007-10-30 12:20:34'),(214,81,75,'Cupiditate doloribus ipsa dolorum deserunt. Deserunt eaque quos ullam cupiditate ut. Suscipit tempore explicabo quam harum hic. Fugiat dolores qui pariatur doloremque.',NULL,0,0,'1990-05-20 21:13:26'),(215,29,20,'Neque veritatis necessitatibus minus qui omnis ab beatae. Expedita possimus consequatur quo non et. Non ducimus a fugiat dolores saepe.',NULL,0,0,'2010-01-30 11:36:28'),(216,12,98,'Quia dolorem repellendus et officia omnis. Nobis qui qui eos velit non eos. Eligendi et delectus aut dolorem aperiam iste. Fugiat quia vel omnis amet.',NULL,1,0,'1988-03-29 06:06:50'),(217,56,84,'Aut eos quaerat et velit. Voluptate accusamus eos et reiciendis laboriosam eius. Molestiae et expedita repellendus vel praesentium placeat fugiat nobis. Distinctio consequatur qui earum animi veniam quidem.',NULL,0,1,'2018-05-02 12:57:28'),(218,51,2,'Quasi animi laboriosam nihil enim. Et eos ratione ut non. Incidunt qui sed est modi. Et sapiente quibusdam et ea voluptatem consequuntur.',NULL,0,1,'2009-04-19 04:31:48'),(219,57,79,'Provident sit dolore qui ex sit deserunt. Recusandae id illum est ipsam distinctio cum unde.',NULL,0,1,'2017-06-28 00:41:38'),(220,25,87,'Culpa ut aut dolorem in quis qui corrupti ullam. Perferendis occaecati et velit perferendis. Sed qui quo suscipit pariatur nobis consequatur. Sint cum ea ea atque voluptas repellat.',NULL,1,1,'2012-09-30 20:20:12'),(221,59,33,'Explicabo sint praesentium est reprehenderit magnam incidunt occaecati. Incidunt et laboriosam iure. Corporis hic est aliquid similique ut molestias.',NULL,1,0,'1997-10-12 00:08:40'),(222,86,33,'Sed laboriosam nam nihil dolor et quisquam. Sit ex modi dolor autem eius vitae enim. Rerum tempora natus facere omnis consequuntur reprehenderit et. Vel labore eum pariatur molestiae perspiciatis.',NULL,1,1,'1972-07-28 20:43:43'),(223,8,37,'Et in nobis sapiente. Autem est odio accusamus ut. Qui veniam debitis ipsam qui nisi pariatur. In ex error perspiciatis beatae dolores vero quam.',NULL,1,1,'1997-01-28 02:43:52'),(224,62,100,'Aspernatur ipsum sit voluptas asperiores quis beatae maiores. Est et iusto voluptatem eveniet temporibus et. Sed quidem et consequatur.',NULL,1,0,'1993-09-23 23:28:40'),(225,13,66,'Non consequatur ullam ut error. Natus ad quibusdam numquam id error nemo est eos. Accusamus eos neque minus fugiat minus minus dicta.',NULL,0,1,'1973-04-05 11:00:20'),(226,88,43,'Beatae temporibus aliquam dignissimos sint iure. Illum sint id at quia eaque eos.',NULL,0,0,'1985-07-10 12:22:58'),(227,52,28,'Eligendi aut et officia enim libero ut dolores. Velit omnis asperiores exercitationem laborum voluptas quibusdam. Rerum magni aut vero. Voluptatem error autem quo porro et expedita.',NULL,1,0,'2012-06-07 15:00:25'),(228,84,34,'Sint cupiditate aut labore omnis et soluta. Consequatur dolorum ducimus ipsum. Eum numquam voluptatibus sequi et quam sit. Ut doloribus pariatur sunt perferendis voluptatum rerum reiciendis.',NULL,1,1,'1980-04-24 05:08:37'),(229,19,94,'Quos nihil ducimus aliquam quia. Deleniti dolor error earum sint quibusdam consequatur autem et. Optio iure dolores ea ut vel libero.',NULL,1,0,'1988-08-19 13:46:18'),(230,9,66,'Debitis pariatur nobis voluptates corporis. Et voluptatem rerum sed quo perspiciatis. Aut ex accusantium ipsam ad. Optio sint inventore non in sed aut laudantium aut.',NULL,0,0,'2007-10-17 05:01:18'),(231,1,9,'Exercitationem molestiae dolores voluptatum repellat ut placeat odio. Officia veritatis magni fuga ipsam. Debitis deleniti dolores deleniti voluptas.',NULL,0,0,'2005-10-04 01:31:37'),(232,38,63,'Sapiente ea necessitatibus ratione amet. Reprehenderit adipisci id provident non quos. Optio officia ullam maxime. Aut sit officia beatae ipsam ad.',NULL,1,1,'2013-10-01 16:47:59'),(233,3,25,'Quia quia sed omnis velit sint in tempora perferendis. Beatae est officia deserunt iste dolor id in. Aperiam vel ut voluptatum sit tenetur esse consequatur.',NULL,0,0,'1989-01-09 05:31:15'),(234,13,93,'Ut eum libero nemo cupiditate quia et aut. Ut debitis quia neque veritatis. Dolores fugiat error et quia quaerat.',NULL,0,1,'1996-03-06 17:05:46'),(235,23,35,'Voluptatum qui modi repellendus ut nam. Aut voluptates consequatur ut.',NULL,1,0,'1971-12-01 07:02:56'),(236,5,19,'Omnis nobis iste quo. Perspiciatis nihil est repudiandae deserunt. Ut non nihil sed voluptatem est.',NULL,1,0,'1989-11-27 00:11:43'),(237,81,46,'Et qui quis autem consequuntur maiores repudiandae. Est hic quas dolores placeat aperiam.',NULL,0,0,'1977-07-14 05:02:25'),(238,89,7,'In quis at officiis est. Repudiandae natus magnam eligendi expedita totam. Ut et nisi voluptas reiciendis illo velit. Ea qui veniam quia eveniet rem. Est quasi mollitia dolores quibusdam corporis rerum ullam.',NULL,0,0,'2018-04-28 19:25:30'),(239,66,9,'Sit repudiandae eum quaerat facilis aut eaque sit. Necessitatibus deleniti praesentium beatae magni vel qui. Iure eligendi animi et atque qui. Esse veniam est sint.',NULL,0,0,'2004-12-15 01:31:13'),(240,45,97,'Et nihil ut omnis incidunt assumenda. Quos sit et odio ratione quia unde. Totam non eos sapiente dolorem.',NULL,0,0,'2008-12-22 13:41:55'),(241,51,62,'Corrupti ducimus nulla at rerum deserunt. Autem omnis ullam velit sit. Praesentium qui ut suscipit fuga.',NULL,1,1,'2016-12-18 17:41:58'),(242,58,4,'Placeat ipsa ad ab incidunt voluptatibus ut eius. Repudiandae id ratione velit ad et sint suscipit molestias. Illum ipsam sit suscipit aliquid aut inventore est et. Delectus culpa incidunt soluta. Voluptatem enim numquam et et fugiat dicta sunt.',NULL,1,1,'1991-11-07 22:49:19'),(243,44,6,'Sequi unde repudiandae illum a enim hic voluptatibus. Corrupti iusto et omnis. Nulla impedit sit iusto deserunt tempore hic molestias.',NULL,1,1,'1991-05-20 04:21:31'),(244,99,78,'Deleniti et aut rerum eos. Voluptatibus quidem qui consequatur nemo omnis molestiae. Aut quae quam voluptas magni laborum eaque facere est.',NULL,1,0,'1996-11-04 21:57:50'),(245,92,26,'Velit ipsum mollitia expedita ut esse velit. Vero et autem est minus fuga qui. Sunt iusto sunt quia deserunt consequuntur labore expedita.',NULL,0,0,'1975-11-07 18:22:36'),(246,53,89,'Veniam eum ut quae ab quod et mollitia et. Optio magnam similique est. Sit non molestiae esse in aperiam beatae ea. Repellat nemo cupiditate eveniet possimus eos.',NULL,1,0,'1978-06-05 13:23:19'),(247,82,42,'Nihil quidem laudantium fugiat esse. Odio est cumque minus sint expedita similique.',NULL,0,1,'1993-02-18 21:28:23'),(248,65,99,'Voluptatem enim dolorum dolore necessitatibus quibusdam. Pariatur voluptas repellendus et atque. Repellendus sed impedit tempore hic sed dicta voluptate. Omnis est possimus reprehenderit enim deserunt officiis.',NULL,1,0,'1990-03-16 14:39:55'),(249,100,3,'Ea quo qui rem vero. Nemo aperiam expedita voluptas sunt. Esse ipsum asperiores quibusdam est ut. Quod quod expedita beatae ad.',NULL,0,0,'2006-07-08 07:26:17'),(250,15,64,'Velit corporis inventore et eveniet iste possimus aut. Aut asperiores non culpa ea nostrum ex ea facilis.',NULL,0,1,'2007-06-28 21:15:58'),(251,76,85,'Error veritatis voluptas quis ratione aut ut. Et ullam aut qui. Rerum velit qui voluptatem doloribus quia. Laborum consequatur earum eos non.',NULL,1,1,'1973-08-06 04:54:26'),(252,96,27,'Aut neque dolor dolore quis dolorem nisi. Labore eius et repellendus aut nobis eaque. Provident dolor eveniet laborum deleniti libero corporis est. Et velit accusantium quia.',NULL,0,0,'1985-11-20 16:26:54'),(253,44,38,'Aut in id eos nostrum unde eaque at. Eveniet exercitationem asperiores cupiditate at nostrum. Tempore doloribus earum quibusdam dolores. In quo modi deleniti sed laborum dolor animi. Autem ipsam inventore repellendus quibusdam.',NULL,1,1,'2010-11-11 16:04:39'),(254,58,74,'Eos consequuntur exercitationem tempore. Sint voluptatum beatae ut eius. Omnis et amet officia et.',NULL,1,1,'2013-12-25 09:17:51'),(255,98,68,'Sit blanditiis dolor ex dolor quis. Eius perspiciatis quia pariatur ullam repellendus velit exercitationem consectetur.',NULL,1,1,'1978-08-04 22:13:00'),(256,44,15,'Qui illum non aut ipsum. Accusamus dignissimos officiis sint excepturi. Et sed rerum vel repudiandae quia porro.',NULL,1,1,'2014-11-16 03:35:33'),(257,44,75,'Optio provident eum saepe aut deleniti sed ea. Consequuntur atque libero aut commodi perspiciatis blanditiis animi. Aut eos eveniet sint impedit minima et. Omnis nemo eius est cupiditate nihil aperiam architecto.',NULL,0,1,'2011-09-13 04:26:34'),(258,43,88,'Debitis quam reprehenderit est quia molestias enim. Vitae quasi fugiat est quia dignissimos qui. In voluptas non quia repudiandae. Quod pariatur ut vero nemo praesentium.',NULL,1,0,'1987-02-28 01:52:42'),(259,9,83,'Aspernatur dolor aut accusantium ea odit repellat. Possimus itaque sed omnis et est a.',NULL,1,0,'2019-09-22 13:52:24'),(260,88,91,'Ad eos maxime accusantium sequi qui ad. Reiciendis vitae corporis est ut tempora. Nostrum illo consequatur odio enim repellendus.',NULL,1,1,'2019-10-10 06:57:01'),(261,88,70,'Dolor ut deserunt sed officiis saepe delectus eos dolores. Et distinctio distinctio magnam sit doloribus iste sint.',NULL,1,1,'2013-08-03 09:55:47'),(262,82,2,'Odio et nisi eos. Possimus magni et rerum hic. Et delectus soluta cupiditate consequatur voluptas.',NULL,1,0,'2005-07-31 22:23:33'),(263,61,100,'Facilis provident quia eveniet accusantium et. Eius tempora quia delectus quia. Sed quasi et sit nihil voluptatibus velit. Repellat quaerat sit ea porro mollitia ut sint. Neque inventore vel nemo aut dolore commodi ullam nam.',NULL,0,1,'1985-01-06 18:19:03'),(264,16,81,'Corrupti autem repellat tempora qui doloribus quia dolores harum. Optio accusamus voluptatem itaque ipsam vitae dolor consequatur.',NULL,0,1,'2017-09-19 15:29:40'),(265,57,42,'Aperiam maxime mollitia magni labore et quae. Alias dignissimos amet dolor. Nihil minus voluptatibus odio est.',NULL,1,1,'1974-10-27 22:49:33'),(266,39,69,'Nostrum molestiae adipisci sit dolor consequuntur eos quod provident. Laboriosam eveniet voluptas blanditiis dolorum vero qui quis. Omnis sed voluptas totam dolores maxime et. Deleniti ipsam corrupti voluptas eligendi praesentium.',NULL,1,0,'1999-10-02 16:38:40'),(267,26,22,'Repellendus repudiandae earum distinctio. Ut sit tempore ut id omnis rerum. Consequatur qui et eum officiis.',NULL,1,0,'2018-02-05 16:09:32'),(268,33,96,'Corporis et ab incidunt fuga. Sapiente animi atque velit voluptatibus ducimus harum. Incidunt temporibus facere magnam harum. Odio id necessitatibus nam voluptatem aliquid illum.',NULL,1,1,'1994-11-13 15:17:23'),(269,81,17,'Dolores velit saepe fugit quisquam ab. Ipsam sed perferendis corporis. Enim et rem debitis voluptates pariatur.',NULL,0,0,'2005-02-21 19:47:59'),(270,40,48,'Voluptas nisi provident est et est. Expedita est qui officiis iusto tenetur. Et voluptas eum dolorem vitae. Voluptatum ipsam labore voluptas odio et asperiores. Maiores tenetur assumenda sit velit dolor autem quibusdam ipsa.',NULL,0,0,'1975-03-03 16:44:11'),(271,21,59,'Iste quo vitae eveniet dicta. Id eos saepe sed sit ducimus explicabo. Temporibus accusamus rerum veniam asperiores perferendis eligendi ducimus.',NULL,1,1,'2011-09-30 05:08:37'),(272,31,76,'Ut perferendis dolorum eveniet. Ea est accusamus ut autem harum aut. Soluta veritatis id itaque iusto eum velit.',NULL,1,0,'2012-11-12 21:04:55'),(273,89,18,'Reprehenderit ratione optio et sapiente veritatis. Excepturi asperiores enim qui nihil et. Harum officiis culpa voluptatum ipsum rerum placeat.',NULL,1,1,'1975-04-09 07:26:18'),(274,21,48,'Id fuga et sint porro molestiae explicabo. Optio illum quo nobis dolor exercitationem necessitatibus. Repellendus nisi illum possimus omnis laboriosam itaque deserunt. Minus eligendi facere est iusto.',NULL,0,0,'1972-05-19 12:20:14'),(275,80,55,'Ut libero est in quas et. Ea deleniti ad optio consequuntur.',NULL,1,1,'2019-08-04 09:02:16'),(276,34,4,'Aut et quis aut itaque. Reiciendis provident aspernatur iste beatae a. Repellat recusandae quod neque cupiditate autem.',NULL,1,0,'1997-04-20 09:27:58'),(277,18,78,'Optio ut non nesciunt maxime. Ut ratione nisi aut neque. Culpa soluta qui sed quo.',NULL,0,0,'1998-10-16 00:20:09'),(278,35,42,'Voluptatem repellendus similique dolorem animi sint quis nam. Et voluptatem ut sunt et provident hic. Et inventore at soluta et maiores.',NULL,0,0,'2001-07-30 07:20:52'),(279,4,95,'Corporis culpa nihil et voluptate ipsum minima harum. Libero saepe ut accusantium non repudiandae. Eum ut praesentium atque dolorem enim sint.',NULL,1,1,'1973-11-08 13:20:39'),(280,61,18,'At quasi et maxime dolorem. Est aut est molestias incidunt. Voluptates eligendi et hic blanditiis placeat. Provident iste laboriosam et sint qui ad delectus.',NULL,1,1,'2004-01-15 21:32:30'),(281,6,76,'Et eum eum aliquid dolor occaecati temporibus. Consequatur eaque dolor quo quos et officiis. Eos sequi animi quia possimus saepe. Corrupti delectus porro aut autem autem fuga quaerat.',NULL,0,1,'1991-08-30 18:44:35'),(282,63,84,'Et nihil consectetur et sed incidunt rerum qui. Qui adipisci iure minus. Rerum quos recusandae qui nemo dolorum. Voluptas recusandae modi nesciunt molestias unde reiciendis tempora.',NULL,1,1,'2014-11-07 08:26:14'),(283,31,4,'Reprehenderit exercitationem ut deserunt repellendus. Itaque consequatur velit debitis sunt rem voluptatem. Sed quia a officia amet.',NULL,1,1,'1996-12-27 09:58:50'),(284,28,26,'Possimus fuga commodi alias eos cupiditate. Et beatae natus minima sit sunt repudiandae sint ullam. Sequi minima incidunt rerum corporis et aspernatur praesentium.',NULL,1,1,'1984-07-16 10:22:22'),(285,44,43,'Tenetur alias quam eveniet alias velit. Eum sit sint dolorem dolorum.',NULL,0,1,'1999-12-06 19:28:03'),(286,82,83,'Error adipisci eos facilis maiores facilis. Dolore maxime esse ipsa et odit. Voluptate omnis est facere necessitatibus numquam. Nemo amet natus autem mollitia consectetur aut dolorem dolorem.',NULL,0,1,'1979-10-27 02:26:42'),(287,65,77,'Aliquam eum vel saepe maiores nisi deleniti. Iusto libero vel architecto nobis eos at ut. Ratione consequuntur voluptatem odit et consequatur. Fugit et iusto voluptatibus alias.',NULL,0,0,'2008-03-04 05:02:51'),(288,91,22,'Exercitationem ut dignissimos enim inventore nulla repudiandae. Vel non vel recusandae atque facilis adipisci quo dolores. Quae consequatur molestiae ex odio.',NULL,0,1,'2015-04-03 17:30:43'),(289,39,26,'Inventore quam esse voluptatem similique quisquam fuga et. Eligendi possimus distinctio quasi cumque ad ut commodi. Non dolor possimus itaque. Illum sit facilis consectetur quidem aut.',NULL,0,1,'2011-09-18 06:49:16'),(290,15,94,'Nesciunt recusandae quia libero ullam eum dolorem. Voluptate molestias soluta voluptatibus aut deleniti nostrum nisi. Vero corrupti inventore a aut distinctio assumenda. Qui ut reiciendis dolore ex et.',NULL,1,1,'1984-11-11 07:21:03'),(291,27,53,'Iure et cupiditate consequuntur voluptas aut quibusdam. Iste aspernatur non ut sed eveniet et rerum in. Fuga nihil provident aut.',NULL,1,0,'2017-07-09 17:12:48'),(292,80,43,'Eum praesentium nemo veritatis quo nisi. Debitis qui debitis occaecati libero culpa. Beatae molestiae aliquam repellendus totam ex eos voluptates et. Aperiam in voluptas ducimus dolores qui.',NULL,1,1,'2011-07-24 00:02:21'),(293,76,48,'Saepe reiciendis rerum blanditiis nostrum. Veritatis sit ducimus deserunt quo. Eius quis omnis nihil quidem ab quidem earum.',NULL,1,1,'2003-04-24 22:04:07'),(294,11,11,'Ipsa quia velit ducimus voluptates aliquid ut. Rerum totam velit et eum sed dignissimos. Distinctio est voluptatem ea sint. Natus amet cupiditate nihil voluptas.',NULL,0,1,'1970-04-01 07:06:33'),(295,21,73,'Molestiae cumque qui consectetur aut quia deserunt aut repellendus. Rerum neque iure sed totam deserunt veniam vitae. Commodi quo unde similique quibusdam. Quo quae molestiae cupiditate.',NULL,1,0,'1987-10-11 22:36:01'),(296,1,86,'Sit atque rerum est qui fugit illo. Tenetur magni quidem vel optio maiores at. Alias provident maiores ut.',NULL,0,0,'2003-11-04 15:14:31'),(297,25,67,'Nesciunt eum repudiandae perferendis aut sit qui error. Distinctio doloribus itaque deserunt deserunt. Est harum alias inventore eius magnam.',NULL,1,1,'2013-04-12 10:34:54'),(298,60,97,'Id id hic vitae rem repellendus. Incidunt voluptatibus earum eos facilis et. Velit aliquam sint est esse voluptatem quam et.',NULL,1,0,'1994-05-02 11:05:29'),(299,7,43,'Et dolorem et aspernatur illo quibusdam voluptatem. Eos exercitationem perspiciatis omnis consequatur. Ratione quod facilis maiores repellendus facere qui qui quos. Beatae consequatur veritatis sunt distinctio.',NULL,1,0,'1998-03-12 08:43:35'),(300,94,39,'Sed similique nostrum enim sit. Amet pariatur rerum numquam possimus repellat. Quaerat fugiat voluptatibus veniam ratione.',NULL,0,0,'2013-02-10 12:11:51'),(301,12,41,'Non totam nobis repellat et dolorem veritatis sint. Aut nisi recusandae dolorem exercitationem. At esse qui ea ratione voluptate.',NULL,0,0,'1975-03-20 11:52:27'),(302,72,33,'In dolores quibusdam eligendi consequatur quo. Quas fuga facilis id amet. Velit quae velit voluptas commodi consequatur deleniti.',NULL,0,1,'2010-09-07 14:08:48'),(303,52,57,'Molestiae atque quam consectetur praesentium. Maiores voluptatum et recusandae nihil voluptatem est quam saepe. Odio voluptatem temporibus nisi et praesentium cum saepe.',NULL,0,0,'2001-01-27 02:17:07'),(304,31,85,'Vel et aut adipisci repellendus quibusdam voluptate molestiae. Suscipit officia neque fugit. Labore esse voluptas nesciunt illo qui perferendis officiis numquam. Laborum ducimus non ex quidem qui omnis quam.',NULL,1,0,'2007-07-07 16:50:17'),(305,29,88,'Expedita qui saepe officia aut ut ea consequuntur. Odio error maiores aliquid quos accusamus aut. Iure earum porro modi incidunt.',NULL,0,1,'2004-05-14 04:22:37'),(306,56,12,'Officia eveniet eum voluptatem nisi. Tempora enim quidem esse itaque at nemo odit quaerat. Eos necessitatibus asperiores praesentium mollitia dolor alias.',NULL,0,1,'1998-04-14 23:09:24'),(307,93,30,'Ea fugit ut maxime ullam. Omnis et minus aut quo ipsam. Nobis molestiae ut provident fuga fuga quasi dolor. Praesentium architecto cupiditate sint sit commodi.',NULL,0,1,'2010-02-09 04:24:41'),(308,71,64,'Velit earum quis tenetur. Expedita repudiandae aut saepe quia provident. Odio rerum modi dolore itaque magnam qui explicabo.',NULL,1,1,'2008-06-01 13:25:33'),(309,4,31,'Possimus minus eaque aspernatur quia soluta quibusdam aspernatur. Similique animi ratione quia. Voluptas et aut quas quibusdam.',NULL,0,1,'2005-05-26 15:46:27'),(310,41,10,'Id assumenda ratione aperiam qui hic distinctio. Et accusantium expedita voluptas ipsa enim. Est doloremque enim quis dignissimos debitis dolorem architecto. Beatae aut iure cum eligendi quia ut esse.',NULL,1,0,'2011-06-26 21:39:34'),(311,28,9,'Error id quasi voluptatem. Quisquam est nobis vel perspiciatis sunt. Ea aut sint sint soluta. Ea aut illum magnam porro beatae.',NULL,1,0,'1982-10-21 17:51:28'),(312,61,76,'Provident non minima vel. Aut voluptatem pariatur tempore placeat iusto. Non nobis earum nulla autem iure voluptas exercitationem.',NULL,0,1,'1988-04-20 16:16:23'),(313,98,63,'Iure aliquid repudiandae provident similique sed. Nam nam nobis nemo debitis et amet eius. Dolores omnis mollitia consequuntur deserunt. Necessitatibus animi fuga optio deleniti explicabo voluptas quia tenetur. Quas possimus nam ipsum libero id magni.',NULL,1,0,'1975-08-03 16:02:28'),(314,20,8,'Quod est et harum voluptatibus exercitationem inventore saepe. Id iste voluptas laborum totam dolores corporis. Quia ut quibusdam hic qui eius incidunt in fugit. Alias qui officiis et recusandae itaque iure quo.',NULL,1,1,'1978-12-14 06:34:39'),(315,82,85,'Dolorum voluptas neque dolores voluptas quidem neque nihil. Illo voluptate odio voluptatem rem culpa eligendi accusamus. Quidem qui est quo aut dignissimos. Accusantium dolore voluptas cupiditate.',NULL,1,0,'1978-12-12 14:18:40'),(316,77,30,'Repudiandae nihil harum eum odio officia quod quia. Eum non reprehenderit et. Et omnis iste et voluptas sit explicabo fugiat.',NULL,1,1,'1992-07-20 02:16:27'),(317,19,6,'Aliquam asperiores quia non nam distinctio iusto est laudantium. Officia ipsum vitae excepturi qui. Velit dolor maiores quam dolores.',NULL,0,0,'2015-06-21 21:47:09'),(318,70,33,'Voluptatem corrupti totam eaque et non quia. Quia nobis perspiciatis quo natus. Sed eius quis provident et sit qui. Aut minus mollitia natus est provident blanditiis. Asperiores vitae dolorem expedita sunt.',NULL,0,1,'1977-07-24 16:41:35'),(319,55,76,'Delectus quasi autem est qui voluptatum et. Voluptas officia dolorum ex facere voluptatibus earum. Praesentium nulla beatae velit consequatur.',NULL,1,1,'1980-10-10 12:24:37'),(320,14,41,'Consectetur aut aut eum eos ab. Neque aut et tempora. Dolores molestiae blanditiis officia doloribus dignissimos. Numquam sed quisquam vel qui.',NULL,1,0,'1986-06-15 22:57:47'),(321,64,94,'A a atque aut aut quis vel corrupti libero. Et in blanditiis est. Natus qui maxime dicta maiores mollitia.',NULL,0,1,'2005-03-03 23:55:28'),(322,78,8,'Accusamus quo consequuntur velit et. Velit magni sequi dolorem. Ullam aut et ea quas enim nesciunt.',NULL,1,0,'2008-07-17 02:57:44'),(323,6,6,'Eaque quo quidem nobis voluptate occaecati. Qui doloremque iure porro eos libero. Aliquid quasi quam omnis doloribus qui iusto rerum.',NULL,0,0,'2016-05-15 07:56:37'),(324,12,43,'Qui optio doloribus veritatis suscipit rerum. Accusamus similique culpa omnis.',NULL,0,1,'1996-07-08 19:20:40'),(325,76,52,'Sint at dolore nam dolore quibusdam nesciunt odio. Qui sunt voluptatum provident explicabo est neque nostrum. Velit saepe voluptatem explicabo a ad eum numquam. Deserunt exercitationem itaque quia expedita doloremque quia sit voluptates.',NULL,0,1,'1981-02-26 00:16:03'),(326,31,98,'Facere ut rerum harum enim nisi. Dolore est cupiditate aut quia tempora corporis. Aspernatur accusantium aut odio nesciunt.',NULL,1,1,'2002-01-19 19:58:46'),(327,96,85,'Corporis exercitationem laboriosam esse expedita tempore distinctio voluptatum ipsam. Occaecati laudantium et sint et. Aut repellat saepe dicta iusto dolorem. Sint est omnis vitae aut beatae sit.',NULL,0,1,'2008-11-15 04:41:57'),(328,37,32,'Laudantium incidunt et sapiente est. Pariatur quos sed similique dolores ipsum iste sequi.',NULL,0,0,'1980-08-30 14:41:38'),(329,45,31,'In maiores quidem qui voluptas quia qui unde porro. Et aut non aut asperiores natus odio dolor. Eius et pariatur consequuntur eum mollitia asperiores.',NULL,0,0,'2017-06-07 08:51:48'),(330,20,7,'Impedit aliquam dicta ea necessitatibus. Qui commodi sit velit nulla est tempora officiis. Nulla aut aut qui suscipit. Omnis sit adipisci quaerat. Voluptas mollitia quaerat iusto totam.',NULL,1,1,'2013-11-28 17:52:00'),(331,72,39,'Sint in vero voluptatem qui eaque veniam. Quaerat nihil enim numquam sit. Veritatis totam necessitatibus voluptatem.',NULL,1,1,'1979-10-27 07:14:12'),(332,79,76,'Ea et neque quo odit quis culpa omnis. Quo est id enim.',NULL,0,1,'2005-02-03 05:12:48'),(333,44,91,'Laudantium magni ut sequi sed. Distinctio aut suscipit tempore a non assumenda non. Rerum modi ea voluptatem pariatur porro corrupti quis. Delectus cumque sit commodi temporibus non blanditiis explicabo.',NULL,1,1,'1994-09-29 04:25:18'),(334,21,32,'Voluptatem quasi harum quidem et in corporis ipsa. Et delectus minus consequatur voluptatem. Ipsa nihil error sed. Architecto nostrum sed quod.',NULL,1,0,'2005-07-18 04:04:28'),(335,95,81,'Quasi tempore fuga aut ratione quibusdam eligendi consequatur possimus. Doloribus nulla asperiores assumenda non qui. Praesentium exercitationem facere et accusantium. Nisi architecto est aut voluptas nisi recusandae et. Molestiae aut et quis rerum aliquam.',NULL,0,0,'2016-08-13 09:14:27'),(336,18,46,'Ea eum et ut voluptates autem temporibus nesciunt. Illum quibusdam ipsam et aut qui rerum. Voluptate sunt dolor deleniti sint sit quaerat. Corrupti veritatis modi dignissimos quasi enim doloribus. Tempora ipsam molestiae eaque dolores.',NULL,1,1,'1994-04-08 11:18:10'),(337,76,43,'Vero dignissimos non officia veniam vitae fugiat commodi. Laudantium atque qui facilis omnis consectetur voluptate quisquam. Natus accusamus numquam quo fuga et ipsam aperiam nihil. Aut nobis dolorem cumque eos repellat et.',NULL,0,0,'2007-06-12 05:59:28'),(338,86,100,'Quaerat accusamus a facilis et iusto. Omnis commodi aperiam nobis ut voluptas porro. Qui enim architecto alias et. Ea a voluptatibus necessitatibus architecto autem quo harum.',NULL,0,0,'1989-02-25 03:34:13'),(339,41,5,'Blanditiis ipsam error et reiciendis iste asperiores. Ipsam possimus ea vel ut sit perferendis et eaque. Hic sit est error fugiat unde.',NULL,1,0,'1993-08-27 07:18:59'),(340,3,97,'Earum in perspiciatis minus accusamus. Illo architecto nihil dicta. Labore iusto natus assumenda dolore nostrum sint. Accusamus tempora veritatis vero sequi molestiae.',NULL,1,1,'2006-01-23 14:27:39'),(341,77,94,'Hic omnis laboriosam velit hic. Soluta iusto totam et quidem omnis cupiditate. Saepe dolore quia optio in voluptatum ut modi est. Recusandae adipisci voluptate molestiae reiciendis unde incidunt.',NULL,0,0,'1993-02-03 01:50:50'),(342,37,2,'Similique ut omnis possimus dolore. Cumque voluptatum nihil nobis sit qui sequi. Quaerat earum possimus pariatur corrupti ab necessitatibus. Quas est nihil voluptatem est minus.',NULL,0,0,'1974-07-15 03:51:08'),(343,100,94,'Et iure laudantium eius ut nulla. Tempora deserunt ut ex delectus et minima. Consequatur nostrum quis eius nam. Est illum ipsam deleniti dolores enim autem fugiat veritatis.',NULL,0,0,'1980-11-06 11:06:57'),(344,70,66,'Ut eum ut incidunt sit est optio corrupti. Velit recusandae qui quia qui et illo. Veritatis est dolore molestiae ab. Nisi ducimus rem quia. Ullam rerum enim recusandae ea.',NULL,1,1,'1996-01-31 17:39:19'),(345,21,4,'Odio est qui quasi veritatis. Recusandae et rerum corrupti eius. Est aut aut culpa nihil pariatur fugit. Exercitationem tempore cupiditate eos at.',NULL,0,0,'1988-09-05 11:51:22'),(346,57,72,'Qui soluta porro soluta nemo voluptate explicabo. Cum corporis molestiae voluptatem et nobis. Quibusdam explicabo illo ipsam repudiandae veritatis id eum neque. Velit officiis ullam ab molestiae rerum rerum.',NULL,1,0,'1976-05-29 12:09:42'),(347,91,36,'Consectetur eum alias impedit molestiae. Saepe iusto cum distinctio qui voluptas. Recusandae numquam pariatur autem aliquam laborum itaque. Et repellat distinctio numquam error.',NULL,1,0,'2018-03-13 21:33:04'),(348,8,30,'Consequatur eum provident et eos consequuntur eos aperiam. Odit quibusdam eaque reiciendis ducimus modi fugiat. In quo cupiditate facere aut et facilis.',NULL,1,1,'1996-05-29 16:56:39'),(349,28,49,'Aspernatur occaecati quis commodi unde distinctio minus harum ea. Omnis impedit nostrum ex asperiores. Ratione necessitatibus sint cum omnis ea eos animi.',NULL,1,0,'1992-04-23 05:23:46'),(350,61,56,'Consequatur tenetur doloremque id exercitationem voluptas. Quae nam sit qui nostrum sed quia. Iure quo consectetur sunt quia nihil est tempora. Maxime debitis repellat pariatur saepe perferendis id libero porro.',NULL,1,1,'2012-07-10 17:50:56'),(351,97,17,'In sapiente voluptatibus qui. Atque nesciunt consectetur voluptatum tempore placeat accusantium error aspernatur. Officia qui autem at dolorum rerum et repellendus.',NULL,0,1,'2014-11-26 21:53:59'),(352,94,18,'Amet earum ullam porro exercitationem eveniet fuga dignissimos. Dolore qui architecto veniam architecto doloremque. Incidunt error eum eaque quasi voluptatem numquam. Ea earum sunt officiis eum labore suscipit.',NULL,1,0,'2008-01-24 14:13:29'),(353,6,78,'Quis officia quibusdam dolor sit qui sed. Qui et hic cumque asperiores illo non aut. Voluptatem distinctio non minus amet autem.',NULL,0,0,'2006-03-09 02:22:04'),(354,70,16,'Ullam voluptatum eaque deserunt rerum quo doloremque et. Consectetur fugit adipisci qui sapiente. Voluptas maiores autem possimus sequi est animi dolores. Aliquid quia saepe aut maiores tenetur.',NULL,0,0,'1995-10-14 14:44:43'),(355,68,93,'Consequuntur sapiente ut veniam aut qui perferendis odio. Aliquam beatae dolore amet cumque deserunt aut. Dolores animi qui repellendus aut rerum fugiat dicta.',NULL,1,0,'1997-09-11 14:59:34'),(356,58,13,'Et rerum necessitatibus at commodi. Culpa commodi quo dolorem aut officia ut est. Illo tempore ut cum repellendus accusamus voluptatum amet.',NULL,1,0,'1972-05-29 19:08:09'),(357,88,4,'Iusto quis minima voluptas. Ut neque fugit ducimus molestiae quis perspiciatis.',NULL,1,0,'1985-11-27 07:12:04'),(358,53,52,'Est laborum amet quo explicabo excepturi. Nihil repellat aut non. Perferendis qui non doloribus ut facere ut sit. Harum non quos veniam dolorem illum consectetur aut.',NULL,0,0,'2017-05-13 15:50:07'),(359,3,56,'Veritatis nulla veritatis dolore aut non et. Qui hic amet et. Nesciunt quisquam non consequatur non. Non iusto dicta sed sit enim laborum delectus.',NULL,1,0,'1986-03-14 22:48:51'),(360,73,95,'Autem ut laborum et est ea. Ut dolorem ut vel est. Quos aliquam voluptatem ut distinctio non numquam suscipit. Facilis sint laboriosam sapiente quis nobis iusto.',NULL,0,0,'1977-08-02 13:49:35'),(361,58,1,'Perspiciatis ipsam occaecati totam veniam vel officiis. Sapiente quasi consequatur vel earum officiis non fugiat. Vitae ut voluptates et officiis sit ipsam aliquam molestias. Consequuntur quaerat ut illo quae voluptatem autem.',NULL,1,0,'1973-05-11 14:39:58'),(362,33,61,'Nesciunt blanditiis aliquid voluptas dolores eos. Asperiores ut quia culpa sint. Culpa unde accusamus tenetur ad. Voluptatum impedit odit voluptate earum delectus incidunt nostrum doloremque.',NULL,1,1,'2006-05-11 16:18:16'),(363,7,51,'Maiores sunt qui deleniti ad. Quasi ad ex animi expedita voluptas. Culpa sunt maxime eos. Fuga perferendis facilis harum voluptatem.',NULL,0,0,'1995-11-13 05:52:43'),(364,33,13,'Velit quas non sed est. Voluptatibus ut minus temporibus doloribus quam dolorum non repudiandae. Omnis ut eum qui. Numquam ea qui similique libero perspiciatis accusamus recusandae laborum.',NULL,0,1,'2018-08-20 08:05:59'),(365,63,75,'Veniam repellendus exercitationem enim ut. Accusamus perspiciatis ex aliquam alias totam sit excepturi. Consequatur quas molestiae dolorum unde. Totam praesentium optio doloremque ut. Ut expedita sed libero omnis esse.',NULL,0,1,'2016-03-10 03:10:32'),(366,85,3,'Inventore qui architecto porro et. Corporis odio veritatis in voluptas consectetur dolores.',NULL,0,0,'1980-05-06 03:54:59'),(367,56,71,'Enim modi corporis asperiores itaque labore. Est molestiae quia magni impedit exercitationem quia qui. Autem nostrum minus quaerat animi hic odit consequuntur in.',NULL,0,0,'2005-11-16 10:36:11'),(368,89,29,'Quo quo nostrum fugit voluptates veniam. Illo magnam quasi porro sit qui iste magni. Occaecati numquam voluptatum delectus sed voluptatem inventore qui. Autem labore omnis ut provident.',NULL,0,1,'2015-12-21 14:00:45'),(369,80,9,'Nemo molestiae qui harum. Ut officia ullam qui non illum suscipit. Unde mollitia doloremque aut aut dolorum laudantium architecto. Blanditiis dignissimos sint sed commodi aperiam ut. Quo impedit rerum tempora ea.',NULL,0,0,'1982-07-23 22:00:56'),(370,8,11,'Nihil hic dolores ipsum sunt possimus quos deserunt. Voluptatibus qui aut voluptas non possimus est quod ratione. Numquam non architecto dolorum ab iure. Aut qui tempore eum est et assumenda. Voluptatibus odit voluptate molestiae eos impedit.',NULL,1,1,'1989-10-14 12:30:25'),(371,31,20,'Dignissimos et pariatur veniam aut possimus. Error voluptatum in perspiciatis deserunt corrupti. Omnis rerum ut nihil quia omnis optio. Rerum aspernatur consequatur ullam voluptates.',NULL,1,0,'2010-12-24 02:54:12'),(372,9,85,'Velit reprehenderit et cumque provident accusamus perferendis praesentium minus. Iste hic earum natus sequi tempora alias. Magni vel iste veritatis dolorem minus possimus mollitia et.',NULL,0,1,'1995-11-02 20:45:13'),(373,97,30,'Omnis odit eos eligendi qui sunt. Hic magni illum quo possimus hic qui dolor qui. Aliquid reiciendis tempore ipsam quo nihil.',NULL,0,1,'1991-02-06 05:34:16'),(374,59,2,'Sed velit aut atque et saepe. Placeat nemo ipsum eius enim atque voluptatem consequuntur. Error dolores odit voluptatem et voluptatum est deleniti dolor. Beatae quia maiores et vitae aut.',NULL,1,1,'1992-07-17 00:59:17'),(375,36,71,'Quis molestiae repellat voluptatem illum consequuntur distinctio sequi. Vel qui nesciunt reiciendis magni vero cumque illum. Ad autem illo rerum amet corrupti esse et.',NULL,0,1,'1970-08-31 08:07:20'),(376,47,23,'Ad impedit dolores laboriosam nulla delectus eos. Numquam sit non harum voluptates voluptatem quae delectus est. Reprehenderit inventore cumque sed. Repellat facere voluptatibus quod aut.',NULL,1,1,'1976-06-05 18:00:33'),(377,73,95,'Voluptates et aut soluta veritatis. Et minima minima voluptas ut consequatur tempore. Eum modi rerum rerum neque numquam necessitatibus officia. Sunt nam libero impedit voluptatibus.',NULL,1,0,'1985-08-31 19:52:48'),(378,57,97,'Velit voluptate deleniti beatae. Animi est quia officiis non atque numquam. Eligendi voluptatem veritatis accusantium est. Et id eos quasi similique provident quis.',NULL,1,1,'2018-10-29 06:04:09'),(379,16,88,'Omnis expedita dolore officia sunt eaque reiciendis. Et delectus quis est omnis minus et illum itaque. Voluptatem quidem id et est qui tempora. Est deleniti maxime voluptas et inventore.',NULL,0,0,'1990-10-20 02:41:29'),(380,92,97,'Voluptate officia sequi pariatur. Eius iste occaecati repudiandae consectetur et quam. Aliquam aut nam aut tempora.',NULL,0,1,'1994-11-28 08:16:39'),(381,7,42,'Ex reprehenderit non doloremque dolor consequatur. Alias et alias dolor quia. Molestiae id enim doloribus sunt esse.',NULL,0,0,'1987-04-19 22:54:06'),(382,89,19,'Ratione quod et debitis quas. Voluptas qui similique officia facilis ipsa fugit. Veniam harum quia voluptate.',NULL,0,0,'1970-04-19 04:06:07'),(383,29,85,'Autem ut voluptatem cum deleniti unde. Nisi aut ut illum odio. Tenetur architecto dolor est eos voluptas et amet.',NULL,0,1,'2006-11-17 23:30:28'),(384,39,41,'Iste autem explicabo totam fugit eligendi sed nisi. Odit hic ut animi harum est exercitationem commodi temporibus.',NULL,1,1,'2001-09-16 08:34:31'),(385,84,99,'Sequi excepturi magni animi velit doloribus. Adipisci odio molestiae dolores et sit. Voluptatibus inventore sit voluptatem hic nihil consequatur.',NULL,1,1,'2001-06-28 01:09:34'),(386,43,19,'Veniam architecto maiores est quis autem nihil a. Autem nostrum vero odit voluptatem dolores. Temporibus hic commodi et. Laudantium in perferendis quia eveniet numquam velit sit quas.',NULL,1,0,'1996-05-28 19:09:32'),(387,63,58,'Et labore consequatur et explicabo. Iusto ad delectus ullam similique cumque accusamus blanditiis. Quidem eligendi earum eos rerum laudantium autem cumque. Molestiae sed ut nam qui. Quisquam in velit nostrum.',NULL,1,0,'1998-09-17 11:11:27'),(388,2,35,'Possimus assumenda dolor magni occaecati non. Sequi corrupti ipsam non at nemo eos nisi. Dicta non ut voluptates consequatur quis. Est qui perferendis nihil cumque.',NULL,1,1,'1979-02-16 09:23:51'),(389,67,29,'Est odio sit occaecati mollitia iste inventore voluptatem. Voluptas ex repellat voluptates quis. Est aut quas rem odio non. Ex excepturi rerum quis aut.',NULL,0,0,'1974-12-24 11:01:50'),(390,43,26,'Rem quos iste voluptatibus alias eveniet perspiciatis. Voluptatem natus eveniet ut quasi placeat. Illo voluptates dolores et ut modi. Omnis voluptatem voluptatem neque dolorem incidunt et.',NULL,1,1,'2008-02-12 08:58:32'),(391,4,41,'Minus cumque tenetur est repellat reprehenderit quidem iure dolorem. Nostrum nisi est ullam explicabo ut voluptatem qui. Laboriosam quo similique quas magni.',NULL,1,1,'2012-02-17 17:07:45'),(392,94,46,'Enim iusto aliquid iure quidem. Nobis praesentium maxime excepturi enim perspiciatis consequuntur. Id aliquam ut natus.',NULL,1,0,'1993-07-12 11:46:16'),(393,46,90,'Aut voluptas nesciunt culpa voluptates. Rem vel quia repellat tempore quas voluptatem. Unde est praesentium ea sed consectetur fugiat. Aperiam sed quas labore placeat architecto quaerat velit.',NULL,1,0,'1976-11-27 07:37:07'),(394,14,99,'Iure et saepe praesentium ipsum. Iste dolorem harum velit provident vel quam nam.',NULL,1,0,'1988-03-20 21:27:31'),(395,52,64,'Voluptatem qui blanditiis dolor quia est est quidem. Corporis tenetur quos distinctio iste sint. Perspiciatis placeat molestias et necessitatibus quasi sapiente. Dolores nesciunt est aspernatur.',NULL,0,0,'1995-10-19 03:49:00'),(396,64,28,'Tempore consequatur non consequatur quod omnis ut velit in. Exercitationem dolore laboriosam libero quam et. Fugit voluptate eius molestias sed officia. Quasi recusandae quia consequatur repellat placeat non doloribus.',NULL,1,0,'1982-11-27 08:58:44'),(397,47,50,'Vitae qui accusamus omnis nulla nobis. Sint optio occaecati et voluptates fugiat non. Corporis ad vitae officiis qui. Est in cum molestias corrupti cumque.',NULL,1,1,'2015-01-18 00:52:13'),(398,8,89,'Non suscipit rerum odio saepe voluptas ut quas. Sit ipsam maxime voluptatem dignissimos nesciunt culpa adipisci assumenda. Voluptas libero illo quisquam ipsa velit ut modi.',NULL,1,0,'1971-08-22 11:14:51'),(399,22,42,'Fugit sed aut voluptas. Autem qui est mollitia mollitia earum. Ut accusantium reiciendis adipisci omnis molestiae nesciunt.',NULL,1,1,'2011-08-20 05:09:25'),(400,44,93,'Iste dicta ab deserunt facere dolores saepe ipsum. Animi enim sed repellendus enim blanditiis molestias. Deserunt culpa delectus magni maiores eum officia nesciunt omnis.',NULL,0,0,'1991-05-09 13:24:55');
/*!40000 ALTER TABLE `messages` ENABLE KEYS */;
UNLOCK TABLES;

--
-- Table structure for table `privacy`
--

DROP TABLE IF EXISTS `privacy`;
/*!40101 SET @saved_cs_client     = @@character_set_client */;
/*!50503 SET character_set_client = utf8mb4 */;
CREATE TABLE `privacy` (
  `id` int(10) unsigned NOT NULL AUTO_INCREMENT,
  `name` varchar(255) NOT NULL,
  PRIMARY KEY (`id`)
) ENGINE=InnoDB AUTO_INCREMENT=7 DEFAULT CHARSET=utf8mb4 COLLATE=utf8mb4_0900_ai_ci;
/*!40101 SET character_set_client = @saved_cs_client */;

--
-- Dumping data for table `privacy`
--

LOCK TABLES `privacy` WRITE;
/*!40000 ALTER TABLE `privacy` DISABLE KEYS */;
INSERT INTO `privacy` VALUES (1,' '),(2,' '),(3,'   '),(4,' '),(5,' ...'),(6,' ');
/*!40000 ALTER TABLE `privacy` ENABLE KEYS */;
UNLOCK TABLES;

--
-- Table structure for table `privacy_except_user`
--

DROP TABLE IF EXISTS `privacy_except_user`;
/*!40101 SET @saved_cs_client     = @@character_set_client */;
/*!50503 SET character_set_client = utf8mb4 */;
CREATE TABLE `privacy_except_user` (
  `id` int(10) unsigned NOT NULL AUTO_INCREMENT,
  `user_id` int(10) unsigned NOT NULL,
  `friend_id` int(10) unsigned NOT NULL,
  `privacy_id` int(10) unsigned NOT NULL,
  PRIMARY KEY (`id`)
) ENGINE=InnoDB DEFAULT CHARSET=utf8mb4 COLLATE=utf8mb4_0900_ai_ci;
/*!40101 SET character_set_client = @saved_cs_client */;

--
-- Dumping data for table `privacy_except_user`
--

LOCK TABLES `privacy_except_user` WRITE;
/*!40000 ALTER TABLE `privacy_except_user` DISABLE KEYS */;
/*!40000 ALTER TABLE `privacy_except_user` ENABLE KEYS */;
UNLOCK TABLES;

--
-- Table structure for table `profiles`
--

DROP TABLE IF EXISTS `profiles`;
/*!40101 SET @saved_cs_client     = @@character_set_client */;
/*!50503 SET character_set_client = utf8mb4 */;
CREATE TABLE `profiles` (
  `user_id` int(10) unsigned NOT NULL,
  `sex` char(1) CHARACTER SET utf8 COLLATE utf8_unicode_ci NOT NULL,
  `birthday` date DEFAULT NULL,
  `hometown` varchar(100) CHARACTER SET utf8 COLLATE utf8_unicode_ci DEFAULT NULL,
  `photo_id` int(11) DEFAULT NULL,
  PRIMARY KEY (`user_id`)
) ENGINE=InnoDB DEFAULT CHARSET=utf8 COLLATE=utf8_unicode_ci;
/*!40101 SET character_set_client = @saved_cs_client */;

--
-- Dumping data for table `profiles`
--

LOCK TABLES `profiles` WRITE;
/*!40000 ALTER TABLE `profiles` DISABLE KEYS */;
INSERT INTO `profiles` VALUES (1,'m','2001-08-22','Iciefurt',53),(2,'f','2018-04-06','Isabelton',25),(3,'m','2007-12-18','North Antwon',55),(4,'f','2013-02-02','Jailynview',78),(5,'m','1987-04-23','Hayeschester',94),(6,'f','1977-10-30','Murlside',24),(7,'f','2014-11-13','Kerluketown',71),(8,'f','1991-06-14','Johnview',11),(9,'f','1993-05-14','Lake Augustine',10),(10,'m','1982-09-26','Farrellshire',90),(11,'f','2015-08-13','North Sabinatown',19),(12,'m','2012-06-19','Port Verla',65),(13,'f','1979-09-25','West Kristopher',36),(14,'m','2005-03-17','Schulistville',1),(15,'m','2012-09-16','West Gennaro',50),(16,'m','2019-04-12','New Gladycemouth',57),(17,'f','1990-03-20','East Maverick',51),(18,'f','2005-10-04','South Wilfrid',62),(19,'f','1988-06-14','East Rollin',52),(20,'m','2019-11-17','Lowellland',82),(21,'f','2014-07-31','East Lessieton',9),(22,'f','2017-01-19','Bechtelartown',9),(23,'f','1983-04-11','Lake Madelynn',53),(24,'m','1988-08-17','East Eloisa',8),(25,'m','2014-06-12','Turnerberg',50),(26,'m','2014-04-28','Batzberg',40),(27,'m','1972-02-26','Schulistfurt',79),(28,'m','1988-12-19','East Dellfort',18),(29,'m','1981-03-05','Port Noemietown',4),(30,'f','1990-02-13','Lake Aurelio',21),(31,'m','1980-04-19','Wilmafort',63),(32,'f','1992-02-03','Crawfordstad',48),(33,'f','2000-06-08','Allisonton',33),(34,'m','2006-08-18','Ronaldotown',49),(35,'m','2007-10-10','Mckenzieberg',3),(36,'f','2016-02-15','West Tre',61),(37,'f','2001-04-27','Port Delpha',60),(38,'f','2018-07-13','New Arjunside',13),(39,'m','1998-07-18','East Natashabury',70),(40,'f','2001-04-23','New Anthony',45),(41,'f','2015-12-17','Port Anahitown',92),(42,'f','2014-04-29','Ortizside',59),(43,'m','1999-10-27','New Marisol',29),(44,'m','2010-01-12','Macieport',21),(45,'f','1993-04-07','Lake Tyreseville',80),(46,'f','1983-02-04','Eichmannville',3),(47,'m','2016-01-12','Hodkiewiczside',92),(48,'m','1999-12-10','Lake Mollie',48),(49,'m','2013-10-29','East Jacey',97),(50,'m','2010-12-12','Smithborough',83),(51,'m','1999-05-08','Davinborough',45),(52,'m','2001-02-07','Lake Lucy',55),(53,'m','1997-01-31','Lake Ardith',71),(54,'m','2002-04-10','New Kamron',20),(55,'m','2013-03-14','Hettingermouth',75),(56,'f','1977-08-27','North Fabiolaton',5),(57,'f','1977-03-30','South Edgardoton',77),(58,'m','1987-04-22','Oscarhaven',94),(59,'f','2010-07-06','Lake Cecil',12),(60,'m','1980-07-12','East Simeonshire',68),(61,'f','1988-06-11','West Rosalinda',98),(62,'f','2010-05-21','East Kayview',67),(63,'m','1976-02-06','West Kaelynhaven',59),(64,'f','2012-11-04','Prosaccobury',100),(65,'f','2009-07-31','West Bradleyfort',55),(66,'m','2009-01-28','Lake Giovanny',43),(67,'f','1992-09-03','Roxanetown',93),(68,'f','2000-07-27','Darrickhaven',60),(69,'f','2001-07-05','Vandervortshire',10),(70,'m','1998-08-26','North Guillermo',37),(71,'m','2012-03-01','New Justyn',67),(72,'m','2016-04-26','West Percivalbury',29),(73,'f','2014-05-27','Altachester',47),(74,'m','1977-12-27','South Anitafort',22),(75,'m','2003-09-07','Cormierborough',52),(76,'m','1987-04-16','West Katlynnfort',4),(77,'m','1970-11-21','South Francesca',81),(78,'m','1975-09-28','Lake Eriberto',88),(79,'f','2010-05-14','Lake Harmonview',96),(80,'m','2012-03-18','New Gaymouth',57),(81,'m','1973-09-01','South Marisol',71),(82,'m','2002-10-26','Mullerton',55),(83,'m','1975-04-25','Quigleyview',72),(84,'m','1984-02-28','Yostview',61),(85,'f','1985-04-23','South Hunter',39),(86,'m','1982-02-21','Yazminhaven',21),(87,'f','1985-07-26','Lindborough',44),(88,'f','1980-10-19','South Abner',66),(89,'m','1991-06-25','Treutelhaven',99),(90,'f','1990-05-16','Jaquelinemouth',49),(91,'m','1983-01-21','Murrayborough',1),(92,'f','1993-12-27','Lake Kasandra',56),(93,'m','1997-04-19','Danykaview',61),(94,'m','1988-09-25','North Nedra',81),(95,'f','1996-08-25','Considineside',14),(96,'m','1984-02-20','Caraland',70),(97,'m','2003-04-30','Hirthehaven',88),(98,'f','2005-02-26','South Donato',83),(99,'f','2015-02-01','Felipehaven',17),(100,'m','1983-12-29','East Liamside',85);
/*!40000 ALTER TABLE `profiles` ENABLE KEYS */;
UNLOCK TABLES;

--
-- Table structure for table `section`
--

DROP TABLE IF EXISTS `section`;
/*!40101 SET @saved_cs_client     = @@character_set_client */;
/*!50503 SET character_set_client = utf8mb4 */;
CREATE TABLE `section` (
  `id` int(10) unsigned NOT NULL AUTO_INCREMENT,
  `name` varchar(255) NOT NULL,
  PRIMARY KEY (`id`)
) ENGINE=InnoDB AUTO_INCREMENT=5 DEFAULT CHARSET=utf8mb4 COLLATE=utf8mb4_0900_ai_ci;
/*!40101 SET character_set_client = @saved_cs_client */;

--
-- Dumping data for table `section`
--

LOCK TABLES `section` WRITE;
/*!40000 ALTER TABLE `section` DISABLE KEYS */;
INSERT INTO `section` VALUES (1,'     '),(2,'  ,    '),(3,'     '),(4,'    ');
/*!40000 ALTER TABLE `section` ENABLE KEYS */;
UNLOCK TABLES;

--
-- Table structure for table `user_privacy`
--

DROP TABLE IF EXISTS `user_privacy`;
/*!40101 SET @saved_cs_client     = @@character_set_client */;
/*!50503 SET character_set_client = utf8mb4 */;
CREATE TABLE `user_privacy` (
  `id` int(10) unsigned NOT NULL AUTO_INCREMENT,
  `user_id` int(10) unsigned NOT NULL,
  `section_id` int(10) unsigned NOT NULL,
  `privacy_id` int(10) unsigned NOT NULL,
  `created_at` datetime DEFAULT CURRENT_TIMESTAMP,
  `updated_at` datetime DEFAULT CURRENT_TIMESTAMP ON UPDATE CURRENT_TIMESTAMP,
  PRIMARY KEY (`id`)
) ENGINE=InnoDB DEFAULT CHARSET=utf8mb4 COLLATE=utf8mb4_0900_ai_ci;
/*!40101 SET character_set_client = @saved_cs_client */;

--
-- Dumping data for table `user_privacy`
--

LOCK TABLES `user_privacy` WRITE;
/*!40000 ALTER TABLE `user_privacy` DISABLE KEYS */;
/*!40000 ALTER TABLE `user_privacy` ENABLE KEYS */;
UNLOCK TABLES;

--
-- Table structure for table `users`
--

DROP TABLE IF EXISTS `users`;
/*!40101 SET @saved_cs_client     = @@character_set_client */;
/*!50503 SET character_set_client = utf8mb4 */;
CREATE TABLE `users` (
  `id` int(10) unsigned NOT NULL AUTO_INCREMENT,
  `first_name` varchar(100) CHARACTER SET utf8 COLLATE utf8_unicode_ci NOT NULL,
  `last_name` varchar(100) CHARACTER SET utf8 COLLATE utf8_unicode_ci NOT NULL,
  `email` varchar(120) CHARACTER SET utf8 COLLATE utf8_unicode_ci NOT NULL,
  `phone` varchar(120) CHARACTER SET utf8 COLLATE utf8_unicode_ci NOT NULL,
  `created_at` datetime DEFAULT CURRENT_TIMESTAMP,
  `updated_at` datetime DEFAULT CURRENT_TIMESTAMP ON UPDATE CURRENT_TIMESTAMP,
  PRIMARY KEY (`id`),
  UNIQUE KEY `email` (`email`),
  UNIQUE KEY `phone` (`phone`)
) ENGINE=InnoDB AUTO_INCREMENT=101 DEFAULT CHARSET=utf8 COLLATE=utf8_unicode_ci;
/*!40101 SET character_set_client = @saved_cs_client */;

--
-- Dumping data for table `users`
--

LOCK TABLES `users` WRITE;
/*!40000 ALTER TABLE `users` DISABLE KEYS */;
INSERT INTO `users` VALUES (1,'Kendra','Rau','wjohnston@example.org','(415)770-0167','1991-02-06 21:25:48','1986-01-26 08:44:42'),(2,'Hailey','Bode','ogreenfelder@example.org','1-658-696-8740','1995-01-06 13:27:36','2005-12-22 16:47:01'),(3,'Jarret','Bechtelar','gjones@example.com','1-137-084-0323','1970-02-10 01:41:28','2003-05-22 03:35:09'),(4,'Armando','Swaniawski','tillman.wilfred@example.net','899.400.6190','1987-10-07 06:00:38','2002-12-08 21:17:05'),(5,'Jayden','Torphy','udavis@example.org','370-346-5528x4959','2014-06-02 07:39:53','2002-11-14 15:37:38'),(6,'Eliezer','Sporer','una03@example.com','499.553.0271','2012-09-29 12:52:20','1992-11-17 10:10:50'),(7,'Roberto','Nienow','max21@example.net','428.458.5090x91686','1970-10-11 11:53:13','1996-01-03 10:51:45'),(8,'Kacie','Pacocha','alycia.watsica@example.org','(548)581-3609','2004-07-23 08:27:37','2005-11-08 23:57:03'),(9,'Lafayette','Eichmann','marie29@example.com','469-288-5607x00415','2013-08-10 13:38:19','1993-01-01 23:57:18'),(10,'Odessa','Altenwerth','gparker@example.org','006.356.3393x014','1995-10-17 21:53:55','1978-10-26 05:21:24'),(11,'Esther','Stark','mckayla71@example.org','1-565-363-0692x2825','1987-12-12 18:30:33','2010-06-22 05:50:35'),(12,'Fausto','Christiansen','crona.tyra@example.net','1-770-351-7716x891','2001-09-01 05:35:48','2000-06-17 16:13:18'),(13,'Birdie','Rohan','nyah.terry@example.org','(013)172-8439x757','1985-04-03 23:58:59','1970-12-20 14:41:35'),(14,'Kira','Bernier','sdouglas@example.net','(296)353-3232x7529','1972-03-17 13:44:53','1991-08-07 06:57:12'),(15,'Davion','Armstrong','marquardt.tierra@example.org','05072316985','2009-10-21 01:33:51','2005-04-04 11:34:33'),(16,'Donny','Kuhn','mosciski.gabrielle@example.net','850.932.3300x00477','1995-06-08 11:29:05','1975-12-03 15:03:14'),(17,'Ebba','Crooks','yleffler@example.com','621.448.1781x32675','1982-02-18 04:40:20','2009-05-12 11:24:14'),(18,'Effie','Renner','hyatt.tillman@example.com','1-301-766-8429x981','1992-09-28 11:25:13','2017-10-12 02:59:32'),(19,'Lizzie','Kunde','emohr@example.net','05676814871','2011-02-26 07:13:05','2011-12-02 04:29:04'),(20,'Andre','Lockman','tina95@example.com','934-100-8813x77411','1989-07-18 04:34:32','1971-02-27 11:51:55'),(21,'Josefa','Fritsch','jared29@example.com','1-590-602-2023x22184','1974-09-16 08:10:40','1976-11-17 16:53:54'),(22,'Georgette','Considine','satterfield.gisselle@example.net','+99(6)4725431413','1976-06-09 04:30:58','1989-01-16 03:10:04'),(23,'Mozelle','Ortiz','cheyanne.donnelly@example.net','(339)933-2071x6616','1988-01-22 19:02:01','1979-03-19 23:58:13'),(24,'Golda','Bins','wo\'connell@example.net','260-102-7663x7832','1975-09-15 09:42:34','2015-10-11 00:25:40'),(25,'Lupe','Reynolds','nitzsche.deron@example.org','1-852-035-7090x480','1996-11-21 14:57:15','1981-03-05 01:42:10'),(26,'Edmond','Robel','ijones@example.net','05307660503','1991-09-22 02:28:54','1980-02-02 20:46:21'),(27,'Zita','Reinger','adelia74@example.org','1-167-121-7581x75087','2014-11-08 09:09:50','2002-03-15 13:41:00'),(28,'Salvatore','Kunde','jalen.herzog@example.com','1-848-997-4914x4706','2014-04-30 14:25:42','1986-01-25 19:52:35'),(29,'Deion','Kunde','klein.chesley@example.com','893-424-4950','1983-10-16 05:53:59','1992-01-10 16:03:34'),(30,'Richmond','Schultz','armando34@example.net','512.222.1567','1972-01-18 21:01:08','1973-01-30 21:43:43'),(31,'Carter','Harvey','elmira74@example.com','091.937.0518x03475','1978-07-01 06:07:50','1992-06-10 03:02:14'),(32,'Tristian','Berge','ukunde@example.com','(725)637-0820x07959','1978-11-17 17:29:57','1974-06-19 14:54:20'),(33,'Mozelle','Gerhold','efunk@example.net','206.178.8953x6754','1979-10-15 14:43:04','1990-04-07 16:36:22'),(34,'Kaya','Crooks','mschuster@example.org','1-089-056-1136','2019-06-09 16:09:15','2017-04-13 15:05:22'),(35,'Rashad','Corwin','freeda.balistreri@example.com','1-680-228-4504','1992-03-31 11:55:30','2018-01-27 18:17:25'),(36,'Matilda','Rowe','waelchi.terrence@example.org','1-356-396-6615','2018-08-19 13:57:56','1971-03-11 21:57:50'),(37,'Nils','Bayer','umetz@example.net','1-830-812-2584','2018-03-04 02:41:16','2015-03-06 16:43:31'),(38,'Eli','Hudson','hhermann@example.org','(992)422-5896x9278','1982-04-27 11:11:50','1980-04-21 00:05:09'),(39,'Morgan','Johns','afeil@example.com','+54(7)0660015856','1993-10-02 16:38:33','1993-02-07 21:14:49'),(40,'Jettie','Beahan','predovic.serena@example.net','(767)002-4707x61607','1991-02-20 17:14:47','2015-02-06 07:36:44'),(41,'Bell','Orn','shields.carleton@example.net','306-218-6048x66928','1970-02-22 03:43:52','1991-09-02 03:12:30'),(42,'Kyler','Schroeder','uabbott@example.com','1-075-416-2061','1976-05-12 18:46:50','2000-04-22 20:29:02'),(43,'Kelli','Rath','natalie.bartell@example.org','079.439.0504','1979-10-16 03:02:28','1996-08-31 20:31:28'),(44,'Kim','Smitham','jade.prohaska@example.com','309.275.9111','1989-10-18 02:27:54','2017-01-13 01:41:08'),(45,'Cortney','McClure','bschimmel@example.net','1-922-101-2807','1988-04-19 17:37:01','1993-08-15 12:38:50'),(46,'Quinn','Collins','xmonahan@example.org','999.280.1483x719','1972-06-13 14:26:58','2003-11-04 15:16:13'),(47,'Monroe','Hickle','imueller@example.com','1-872-586-4812','2005-10-18 03:38:02','1976-11-24 15:59:26'),(48,'Elda','Brown','bergnaum.gerardo@example.org','1-865-274-5397','1996-02-03 23:33:51','1981-09-14 20:18:54'),(49,'Javonte','Kutch','haley.timmy@example.org','255.940.4760x906','2009-10-02 02:06:21','1972-04-08 11:10:51'),(50,'Bernie','Hackett','florian.bednar@example.com','835-363-2078','1984-11-22 13:59:38','1988-09-08 00:42:54'),(51,'Terrance','Renner','krystina.turcotte@example.com','(170)499-6599','1986-04-10 00:22:30','2001-07-19 15:47:14'),(52,'Alexane','Bechtelar','jorge08@example.net','1-083-724-8999','1997-11-28 07:51:59','2012-06-24 10:15:35'),(53,'Bradford','Price','ucole@example.com','501.283.6704x062','2019-11-16 17:55:43','1995-07-20 03:27:42'),(54,'Jaren','Cartwright','barrett.schroeder@example.org','(835)817-4045x3005','2003-12-11 13:33:50','1979-06-30 23:09:41'),(55,'Otilia','Runte','okihn@example.org','753-986-4665','1979-06-12 04:52:00','1976-06-23 06:24:27'),(56,'Paxton','Harris','benjamin.rice@example.com','292-639-2676x78172','2015-04-14 08:14:35','1979-04-22 19:30:01'),(57,'Felipe','Paucek','hills.trevion@example.com','+40(1)8315193924','2005-01-30 19:42:47','1975-11-02 07:58:16'),(58,'Kayla','Prohaska','jewell.hauck@example.org','809.083.6737x0845','2005-01-30 19:36:05','1971-01-22 13:25:09'),(59,'Kurtis','Hauck','wblanda@example.net','(829)768-8578x10327','2001-12-27 13:33:16','1972-09-04 00:57:44'),(60,'Guillermo','Padberg','chandler.oberbrunner@example.org','1-815-518-6485x746','1988-08-10 20:57:28','1989-04-21 05:04:13'),(61,'Ari','Reilly','kira.parker@example.org','151.403.9161','1996-08-08 12:55:25','1978-09-13 18:12:43'),(62,'Ike','Schamberger','alaina.bahringer@example.net','1-913-585-8403x082','2004-02-16 15:05:44','2012-09-03 08:22:19'),(63,'Johann','Cormier','vgibson@example.org','459-290-9674x1299','1971-06-10 04:47:39','1992-08-19 14:19:54'),(64,'Anya','Kuphal','ctowne@example.org','052.653.6330x846','1979-07-07 14:27:00','1977-05-08 06:08:00'),(65,'Jovanny','Rice','dayana.larkin@example.com','794.776.2980x227','2019-10-25 02:43:27','1987-02-19 20:21:52'),(66,'Arlo','Considine','vella14@example.net','359-731-4668x6510','1980-05-26 12:51:56','1990-06-04 01:26:41'),(67,'Fanny','Block','kane.mante@example.com','1-058-159-3812x461','1991-06-27 11:27:03','1985-04-30 01:33:05'),(68,'Mandy','Crooks','cbergnaum@example.net','114-302-7081','2016-01-15 16:15:37','1998-06-13 13:49:13'),(69,'Catharine','Ebert','brooks.dare@example.net','(390)800-9816','1999-03-26 00:19:11','1990-12-12 10:02:21'),(70,'Brandon','Osinski','henri82@example.org','510-032-5492x551','2006-12-16 21:46:06','2005-08-12 05:18:29'),(71,'Lindsey','Rosenbaum','srohan@example.org','(274)421-7427x6810','2002-01-05 04:08:31','1986-06-20 10:53:58'),(72,'Domenick','Turner','pacocha.clifton@example.org','1-773-436-7572x70614','2014-02-05 21:46:13','1985-11-03 20:40:36'),(73,'Marshall','McGlynn','ofelia01@example.net','745-036-6652','2015-07-14 10:47:25','2019-09-28 23:30:02'),(74,'Trent','Hagenes','haylie.shanahan@example.net','703.828.8142','1974-05-28 14:01:28','1997-05-25 14:29:00'),(75,'Federico','Goodwin','reilly.kaylee@example.org','313-510-1173x880','2018-12-13 21:58:56','2007-03-19 02:09:47'),(76,'Martine','Stanton','windler.woodrow@example.com','881-477-8056x026','2000-12-05 14:54:09','1996-10-27 09:15:15'),(77,'Gregorio','Walker','oterry@example.net','945-645-0180','1978-08-12 19:07:03','1987-08-05 15:36:41'),(78,'Ernestina','O\'Kon','vmorar@example.org','034-896-8612x069','2010-08-10 22:34:52','1993-12-24 23:05:23'),(79,'Gregoria','Aufderhar','nfadel@example.org','178-622-5601x49247','1973-12-16 12:43:50','1977-07-22 22:02:39'),(80,'Joanie','Schaefer','jmacejkovic@example.org','+74(0)9669404327','1990-07-31 08:07:23','1977-11-03 23:17:26'),(81,'Elise','Smitham','tremblay.amely@example.net','1-600-169-1904x187','2004-02-22 07:55:07','1998-07-22 15:26:11'),(82,'Catharine','Goodwin','ukoss@example.org','793-498-2180','1984-05-20 06:54:07','1982-12-25 19:49:37'),(83,'Lottie','Nitzsche','wolf.bertram@example.net','(158)969-1408x089','1975-09-06 01:17:12','1997-03-22 02:21:54'),(84,'Gregg','Boyle','jennifer44@example.com','1-908-155-9973','2011-11-05 02:38:00','1981-08-18 02:34:40'),(85,'Rosamond','Towne','antonina04@example.org','+28(6)1280501101','2010-07-03 20:32:20','1982-04-09 06:50:22'),(86,'Enola','Zemlak','deja.rutherford@example.com','198.410.1885x8274','2007-09-30 03:28:56','1976-01-25 10:25:25'),(87,'Clark','Bartoletti','xbernhard@example.org','1-184-674-7085','1994-06-04 15:32:26','1975-07-03 12:43:42'),(88,'Edythe','Mueller','miles.kub@example.net','128.169.1332','1999-04-17 11:38:34','1979-06-10 08:15:53'),(89,'Leland','Weimann','dickens.rosalia@example.org','1-377-433-1566x2516','1973-10-27 22:19:30','2003-03-01 08:33:23'),(90,'Burdette','McDermott','vrobel@example.org','437.204.3103','1989-08-07 11:10:02','2000-10-22 20:56:51'),(91,'Abdiel','Gulgowski','abshire.mathew@example.net','691.900.0544x710','1971-02-01 15:34:38','1995-05-13 00:10:00'),(92,'Angelita','Botsford','chanel.heaney@example.org','1-357-218-5709','1983-07-10 15:55:24','1989-12-27 23:22:19'),(93,'Cierra','Adams','labadie.deon@example.org','766.470.7334x653','2009-11-27 14:15:29','1992-12-28 13:21:13'),(94,'Jonatan','Hamill','aokuneva@example.com','(863)492-3032','2015-02-01 02:21:52','2011-05-07 19:41:37'),(95,'Stephania','Gorczany','dallas22@example.com','1-834-582-8646x9913','1980-03-24 11:24:16','2010-11-23 02:30:51'),(96,'Shemar','Bogisich','elmira76@example.org','04499954697','1991-02-09 18:09:37','1984-05-06 01:14:52'),(97,'Earnest','Gutkowski','amalia.bailey@example.org','722.147.7079x04440','1973-06-12 07:29:16','1970-10-15 13:37:05'),(98,'Daphne','Swift','general26@example.org','1-608-996-7039x20620','2005-04-22 11:25:42','2012-04-08 18:44:02'),(99,'Vivienne','Hodkiewicz','hschulist@example.com','887-292-1171x746','2011-05-11 00:46:10','1977-06-23 11:20:25'),(100,'Edward','Considine','bo86@example.com','1-229-007-4069','1987-04-16 14:26:40','2017-03-02 07:20:56');
/*!40000 ALTER TABLE `users` ENABLE KEYS */;
UNLOCK TABLES;
/*!40103 SET TIME_ZONE=@OLD_TIME_ZONE */;

/*!40101 SET SQL_MODE=@OLD_SQL_MODE */;
/*!40014 SET FOREIGN_KEY_CHECKS=@OLD_FOREIGN_KEY_CHECKS */;
/*!40014 SET UNIQUE_CHECKS=@OLD_UNIQUE_CHECKS */;
/*!40101 SET CHARACTER_SET_CLIENT=@OLD_CHARACTER_SET_CLIENT */;
/*!40101 SET CHARACTER_SET_RESULTS=@OLD_CHARACTER_SET_RESULTS */;
/*!40101 SET COLLATION_CONNECTION=@OLD_COLLATION_CONNECTION */;
/*!40111 SET SQL_NOTES=@OLD_SQL_NOTES */;

-- Dump completed on 2019-11-27 23:44:43
